{"type":"FeatureCollection","crs":{"type":"name","properties":{"name":"EPSG:4326"}},"properties":{"exceededTransferLimit":true},"features":[{"type":"Feature","geometry":{"type":"Polygon","coordinates":[[[-89.9996,29.87692],[-89.99972,29.8777],[-89.99945,29.87706],[-89.9996,29.87692]]]},"properties":{"FLD_ZONE":"AE","ZONE_SUBTY":null}},{"type":"Feature","geometry":{"type":"Polygon","coordinates":[[[-89.88187,29.87232],[-89.88163,29.87223],[-89.88187,29.87225],[-89.88187,29.87232]]]},"properties":{"FLD_ZONE":"AE","ZONE_SUBTY":null}},{"type":"Feature","geometry":{"type":"Polygon","coordinates":[[[-89.87566,30.03465],[-89.87586,30.03451],[-89.87578,30.03465],[-89.87566,30.03465]]]},"properties":{"FLD_ZONE":"AE","ZONE_SUBTY":null}},{"type":"Feature","geometry":{"type":"Polygon","coordinates":[[[-90.08326,29.99928],[-90.08318,29.99934],[-90.08319,29.99916],[-90.08326,29.99928]]]},"properties":{"FLD_ZONE":"AE","ZONE_SUBTY":null}},{"type":"Feature","geometry":{"type":"Polygon","coordinates":[[[-89.89662,29.87373],[-89.89551,29.87394],[-89.895,29.87163],[-89.89628,29.87281],[-89.89662,29.87373]],[[-89.89554,29.87315],[-89.89584,29.873],[-89.89562,29.87225],[-89.89537,29.87262],[-89.89554,29.87315]],[[-89.89629,29.87297],[-89.89636,29.87323],[-89.89644,29.87324],[-89.89629,29.87297]],[[-89.89514,29.8718],[-89.89495,29.87177],[-89.89507,29.8719],[-89.89514,29.8718]]]},"properties":{"FLD_ZONE":"AE","ZONE_SUBTY":null}},{"type":"Feature","geometry":{"type":"Polygon","coordinates":[[[-90.09857,29.88378],[-90.08295,29.88168],[-90.07635,29.8835],[-90.07633,29.883],[-90.07712,29.88269],[-90.07703,29.88073],[-90.07354,29.87066],[-90.07654,29.87023],[-90.0771,29.87041],[-90.07443,29.87132],[-90.07769,29.8807],[-90.07793,29.88262],[-90.08303,29.88132],[-90.08094,29.87221],[-90.08336,29.88146],[-90.09004,29.88249],[-90.09763,29.88311],[-90.09878,29.88345],[-90.09857,29.88378]]]},"properties":{"FLD_ZONE":"AE","ZONE_SUBTY":null}},{"type":"Feature","geometry":{"type":"Polygon","coordinates":[[[-90.12888,29.88448],[-90.1282,29.88428],[-90.12724,29.88384],[-90.12888,29.88448]]]},"properties":{"FLD_ZONE":"AE","ZONE_SUBTY":null}},{"type":"Feature","geometry":{"type":"Polygon","coordinates":[[[-89.93848,30.02484],[-89.93853,30.02208],[-89.93888,30.02145],[-89.93875,30.01957],[-89.93922,30.0225],[-89.9391,30.02515],[-89.93326,30.02727],[-89.93356,30.02672],[-89.93465,30.02616],[-89.93516,30.02631],[-89.93843,30.02539],[-89.93848,30.02484]]]},"properties":{"FLD_ZONE":"AE","ZONE_SUBTY":null}},{"type":"Feature","geometry":{"type":"Polygon","coordinates":[[[-89.99463,30.00925],[-89.9946,30.00939],[-89.99455,30.00891],[-89.99463,30.00925]]]},"properties":{"FLD_ZONE":"AE","ZONE_SUBTY":null}},{"type":"Feature","geometry":{"type":"Polygon","coordinates":[[[-89.95484,30.02849],[-89.95222,30.02849],[-89.95571,30.02841],[-89.95484,30.02849]]]},"properties":{"FLD_ZONE":"AE","ZONE_SUBTY":null}},{"type":"Feature","geometry":{"type":"Polygon","coordinates":[[[-89.93044,29.93776],[-89.92961,29.93771],[-89.93029,29.93767],[-89.93044,29.93776]]]},"properties":{"FLD_ZONE":"AE","ZONE_SUBTY":null}},{"type":"Feature","geometry":{"type":"Polygon","coordinates":[[[-89.9996,29.95876],[-89.99979,29.95856],[-89.99976,29.95892],[-89.9996,29.95876]]]},"properties":{"FLD_ZONE":"AE","ZONE_SUBTY":null}},{"type":"Feature","geometry":{"type":"Polygon","coordinates":[[[-89.92131,29.89038],[-89.91971,29.89014],[-89.91964,29.89008],[-89.92131,29.89038]]]},"properties":{"FLD_ZONE":"AE","ZONE_SUBTY":null}},{"type":"Feature","geometry":{"type":"Polygon","coordinates":[[[-89.91954,29.90004],[-89.91887,29.90022],[-89.9196,29.89944],[-89.91924,29.89963],[-89.91877,29.8994],[-89.91912,29.89902],[-89.91863,29.8993],[-89.91927,29.89887],[-89.91909,29.89863],[-89.91825,29.89915],[-89.91907,29.89858],[-89.92006,29.89976],[-89.91873,29.90069],[-89.91954,29.90004]],[[-89.91976,29.89987],[-89.91977,29.89995],[-89.91998,29.89979],[-89.91976,29.89987]]]},"properties":{"FLD_ZONE":"AE","ZONE_SUBTY":null}},{"type":"Feature","geometry":{"type":"Polygon","coordinates":[[[-89.9783,29.88367],[-89.97756,29.88341],[-89.97837,29.88333],[-89.9783,29.88367]]]},"properties":{"FLD_ZONE":"AE","ZONE_SUBTY":null}},{"type":"Feature","geometry":{"type":"Polygon","coordinates":[[[-90.10654,30.01171],[-90.10646,30.01207],[-90.10677,30.01211],[-90.107,30.01166],[-90.1069,30.01242],[-90.10656,30.01228],[-90.10638,30.0126],[-90.10668,30.01292],[-90.10691,30.01252],[-90.10691,30.01354],[-90.10637,30.0182],[-90.1061,30.01907],[-90.10596,30.01856],[-90.10539,30.01847],[-90.10518,30.01911],[-90.10596,30.01938],[-90.10607,30.01906],[-90.10601,30.01941],[-90.10147,30.01902],[-90.10148,30.01865],[-90.10149,30.01895],[-90.10197,30.01878],[-90.10145,30.0183],[-90.10111,30.01897],[-90.10085,30.01849],[-90.10005,30.01841],[-90.10006,30.01884],[-90.09978,30.01885],[-90.09972,30.01825],[-90.09915,30.01856],[-90.09917,30.01834],[-90.09879,30.01834],[-90.09969,30.0106],[-90.09964,30.01139],[-90.10006,30.01148],[-90.10024,30.01121],[-90.10058,30.01147],[-90.10072,30.01001],[-90.10031,30.01019],[-90.09989,30.00985],[-90.09981,30.01015],[-90.09974,30.00992],[-90.09986,30.00918],[-90.09985,30.00972],[-90.10078,30.00966],[-90.10036,30.00942],[-90.10082,30.00936],[-90.10097,30.00815],[-90.09995,30.00819],[-90.10001,30.00789],[-90.10101,30.00792],[-90.1012,30.00636],[-90.10076,30.00614],[-90.10118,30.00612],[-90.1013,30.00572],[-90.10142,30.00433],[-90.1012,30.00427],[-90.10524,30.00462],[-90.10484,30.00464],[-90.10519,30.00484],[-90.10483,30.00481],[-90.10476,30.00523],[-90.10503,30.0054],[-90.10476,30.00558],[-90.10504,30.00573],[-90.10514,30.00538],[-90.10543,30.00582],[-90.10555,30.00565],[-90.10521,30.00557],[-90.1056,30.00545],[-90.1057,30.00472],[-90.1053,30.00463],[-90.10776,30.00486],[-90.10685,30.00502],[-90.10717,30.00552],[-90.1068,30.00543],[-90.10679,30.00589],[-90.10708,30.00589],[-90.10676,30.00632],[-90.10713,30.00622],[-90.10712,30.00665],[-90.10751,30.00644],[-90.10757,30.00668],[-90.10744,30.0071],[-90.10668,30.00683],[-90.10698,30.00723],[-90.10658,30.0073],[-90.10726,30.00795],[-90.1075,30.00719],[-90.1075,30.00848],[-90.10715,30.01027],[-90.10667,30.0102],[-90.10714,30.0103],[-90.10703,30.01093],[-90.10701,30.01056],[-90.10662,30.01054],[-90.10654,30.0114],[-90.1069,30.0115],[-90.10699,30.01111],[-90.107,30.01155],[-90.10654,30.01171]],[[-90.10664,30.00517],[-90.10666,30.0048],[-90.10585,30.00485],[-90.10575,30.00649],[-90.10642,30.00656],[-90.10664,30.00517]],[[-90.1016,30.0084],[-90.10122,30.00818],[-90.10102,30.00966],[-90.10174,30.00986],[-90.10209,30.00873],[-90.10189,30.00825],[-90.1016,30.0084]],[[-90.10186,30.01033],[-90.10161,30.00997],[-90.10095,30.01029],[-90.10088,30.01116],[-90.1013,30.01114],[-90.10084,30.01135],[-90.10095,30.01159],[-90.10169,30.0116],[-90.10186,30.01033]],[[-90.1017,30.00761],[-90.10169,30.00785],[-90.10215,30.00785],[-90.10173,30.00767],[-90.10222,30.0076],[-90.10235,30.00642],[-90.10201,30.00636],[-90.10198,30.00665],[-90.10181,30.00635],[-90.10139,30.00639],[-90.10139,30.00689],[-90.10177,30.00695],[-90.10177,30.00728],[-90.10132,30.0071],[-90.10122,30.00794],[-90.10158,30.00798],[-90.1017,30.00761]],[[-90.10267,30.00585],[-90.10269,30.00631],[-90.1035,30.00592],[-90.10352,30.00545],[-90.10327,30.00537],[-90.10356,30.00524],[-90.10353,30.00465],[-90.10286,30.00446],[-90.10279,30.00521],[-90.10309,30.00532],[-90.10267,30.00585]],[[-90.10256,30.00715],[-90.10291,30.00734],[-90.10252,30.00738],[-90.10244,30.00805],[-90.10282,30.00782],[-90.10306,30.00812],[-90.1034,30.00658],[-90.10259,30.00643],[-90.10256,30.00715]],[[-90.10214,30.00559],[-90.10247,30.0052],[-90.10156,30.00485],[-90.10148,30.00538],[-90.10192,30.00574],[-90.1018,30.0059],[-90.10146,30.00554],[-90.10143,30.00617],[-90.10236,30.00625],[-90.10243,30.00564],[-90.10214,30.00559]],[[-90.10118,30.01298],[-90.10061,30.01335],[-90.10147,30.01342],[-90.10127,30.01298],[-90.10153,30.01296],[-90.10167,30.01184],[-90.10127,30.0118],[-90.1013,30.0122],[-90.10072,30.01246],[-90.10066,30.01311],[-90.10118,30.01298]],[[-90.10417,30.00567],[-90.10454,30.00547],[-90.10467,30.00459],[-90.10382,30.00458],[-90.1041,30.00502],[-90.10388,30.00533],[-90.10414,30.00537],[-90.10377,30.00549],[-90.10371,30.00593],[-90.10408,30.00599],[-90.10417,30.00567]],[[-90.10323,30.01299],[-90.10361,30.01323],[-90.10359,30.01272],[-90.10298,30.01272],[-90.10361,30.01213],[-90.103,30.012],[-90.10286,30.01312],[-90.10323,30.01299]],[[-90.10632,30.0165],[-90.10633,30.01604],[-90.10602,30.01609],[-90.10589,30.01749],[-90.10619,30.01748],[-90.10632,30.0165]],[[-90.10267,30.00962],[-90.1027,30.00896],[-90.10234,30.00894],[-90.10226,30.00986],[-90.10267,30.00962]],[[-90.10484,30.01673],[-90.10484,30.01606],[-90.1046,30.01603],[-90.10447,30.01667],[-90.10466,30.01698],[-90.10484,30.01673]],[[-90.10365,30.00892],[-90.10412,30.00899],[-90.10371,30.00885],[-90.10362,30.00839],[-90.10335,30.00914],[-90.10366,30.00925],[-90.10365,30.00892]],[[-90.10676,30.00983],[-90.10717,30.00989],[-90.10716,30.00911],[-90.10684,30.00924],[-90.10676,30.00983]],[[-90.10046,30.01228],[-90.10021,30.01212],[-90.1002,30.01293],[-90.10046,30.01228]],[[-90.09968,30.0135],[-90.09938,30.01347],[-90.09941,30.01426],[-90.09973,30.01402],[-90.09968,30.0135]],[[-90.10273,30.0085],[-90.10314,30.00871],[-90.10294,30.00832],[-90.10241,30.00822],[-90.10242,30.0085],[-90.10273,30.0085]],[[-90.10452,30.01857],[-90.10429,30.0187],[-90.10493,30.01892],[-90.10507,30.01846],[-90.10452,30.01857]],[[-90.10364,30.01128],[-90.10316,30.01087],[-90.10313,30.01152],[-90.10364,30.01128]],[[-90.10273,30.01249],[-90.10239,30.01208],[-90.10232,30.0127],[-90.10273,30.01249]],[[-90.10251,30.01042],[-90.10218,30.0106],[-90.10285,30.01082],[-90.10251,30.01042]],[[-90.1027,30.01863],[-90.10296,30.01874],[-90.10299,30.01828],[-90.10258,30.01831],[-90.1027,30.01863]],[[-90.10626,30.00704],[-90.1064,30.00682],[-90.1061,30.00677],[-90.106,30.00741],[-90.10632,30.00744],[-90.10626,30.00704]],[[-90.10494,30.01817],[-90.10509,30.01764],[-90.10469,30.01795],[-90.10468,30.01823],[-90.10494,30.01817]],[[-90.10206,30.00453],[-90.10166,30.00435],[-90.10158,30.0047],[-90.10206,30.00453]],[[-90.1025,30.019],[-90.10276,30.01887],[-90.1022,30.0187],[-90.10218,30.01901],[-90.1025,30.019]],[[-90.10545,30.01723],[-90.10578,30.01723],[-90.1057,30.01684],[-90.10545,30.01723]],[[-90.10644,30.01166],[-90.10648,30.01138],[-90.10613,30.0114],[-90.10614,30.01178],[-90.10644,30.01166]],[[-90.10364,30.00967],[-90.10365,30.00936],[-90.10335,30.00931],[-90.1033,30.00968],[-90.10364,30.00967]],[[-90.10511,30.01677],[-90.10494,30.01665],[-90.10486,30.01714],[-90.10518,30.01714],[-90.10511,30.01677]],[[-90.10381,30.00797],[-90.10357,30.00777],[-90.10344,30.0081],[-90.10381,30.00797]],[[-90.10236,30.00718],[-90.10228,30.00811],[-90.10257,30.00635],[-90.10236,30.00718]],[[-90.10652,30.01468],[-90.10654,30.01427],[-90.10626,30.01422],[-90.10621,30.0147],[-90.10652,30.01468]],[[-90.10455,30.00771],[-90.10449,30.00796],[-90.10483,30.00797],[-90.10482,30.00764],[-90.10455,30.00771]],[[-90.10367,30.00666],[-90.10367,30.00702],[-90.10392,30.00703],[-90.10393,30.00659],[-90.10367,30.00666]],[[-90.10283,30.00891],[-90.10272,30.00927],[-90.10302,30.00926],[-90.10283,30.00891]],[[-90.10397,30.01773],[-90.1036,30.01753],[-90.10358,30.01783],[-90.10397,30.01773]],[[-90.10443,30.009],[-90.10436,30.00937],[-90.10464,30.00939],[-90.10472,30.00902],[-90.10443,30.009]],[[-90.1009,30.01804],[-90.10098,30.01756],[-90.10056,30.01778],[-90.1009,30.01804]],[[-90.10464,30.01902],[-90.10434,30.0189],[-90.10418,30.01912],[-90.10464,30.01902]],[[-90.10464,30.0132],[-90.10433,30.01305],[-90.1043,30.01333],[-90.10464,30.0132]],[[-90.10068,30.01449],[-90.10088,30.01413],[-90.10052,30.0142],[-90.10068,30.01449]],[[-90.10289,30.01766],[-90.10285,30.01741],[-90.10246,30.01752],[-90.10289,30.01766]],[[-90.10042,30.01779],[-90.10012,30.01772],[-90.1001,30.01812],[-90.10032,30.0182],[-90.10042,30.01779]],[[-90.10417,30.01077],[-90.10448,30.011],[-90.10444,30.01058],[-90.10417,30.01077]],[[-90.10434,30.00582],[-90.10413,30.00608],[-90.10445,30.00611],[-90.10434,30.00582]],[[-90.10404,30.00675],[-90.10432,30.00687],[-90.1044,30.00662],[-90.10404,30.00675]],[[-90.10592,30.01549],[-90.10573,30.01527],[-90.10564,30.01562],[-90.10592,30.01549]],[[-90.10671,30.0132],[-90.10635,30.01301],[-90.10648,30.01337],[-90.10671,30.0132]],[[-90.10197,30.01308],[-90.10225,30.01277],[-90.10201,30.01271],[-90.10197,30.01308]],[[-90.10514,30.00894],[-90.10485,30.00889],[-90.10479,30.00917],[-90.10514,30.00894]],[[-90.10573,30.00925],[-90.10536,30.00943],[-90.10565,30.00963],[-90.10573,30.00925]],[[-90.10394,30.01887],[-90.10368,30.01871],[-90.10365,30.01918],[-90.10394,30.01887]],[[-90.10252,30.00477],[-90.10218,30.00466],[-90.10209,30.00483],[-90.10252,30.00477]],[[-90.10519,30.00602],[-90.10545,30.00614],[-90.10548,30.0059],[-90.10519,30.00602]],[[-90.10249,30.01162],[-90.10281,30.0117],[-90.10259,30.01139],[-90.10249,30.01162]],[[-90.10175,30.01703],[-90.10146,30.01685],[-90.10137,30.01705],[-90.10175,30.01703]],[[-90.10325,30.01425],[-90.10353,30.0142],[-90.10336,30.01394],[-90.10325,30.01425]],[[-90.10591,30.00898],[-90.10596,30.00918],[-90.10616,30.00891],[-90.10584,30.00873],[-90.10591,30.00898]],[[-90.10373,30.00718],[-90.10354,30.00734],[-90.1039,30.00737],[-90.10373,30.00718]],[[-90.10131,30.01412],[-90.10097,30.01435],[-90.10131,30.01436],[-90.10131,30.01412]],[[-90.10496,30.0067],[-90.10466,30.00664],[-90.10466,30.00687],[-90.10496,30.0067]],[[-90.09996,30.01179],[-90.09967,30.01173],[-90.0996,30.01189],[-90.09996,30.01179]],[[-90.10339,30.01885],[-90.10321,30.01906],[-90.10355,30.0191],[-90.10339,30.01885]],[[-90.10488,30.01528],[-90.10461,30.01544],[-90.10498,30.01547],[-90.10488,30.01528]],[[-90.10425,30.01306],[-90.10386,30.01326],[-90.10422,30.01326],[-90.10425,30.01306]],[[-90.10424,30.01369],[-90.1046,30.01358],[-90.10427,30.01353],[-90.10424,30.01369]],[[-90.10593,30.00702],[-90.10566,30.00673],[-90.1056,30.00697],[-90.10593,30.00702]],[[-90.10013,30.01467],[-90.0999,30.015],[-90.10013,30.01502],[-90.10013,30.01467]],[[-90.10075,30.0166],[-90.10112,30.01658],[-90.10091,30.0164],[-90.10075,30.0166]],[[-90.10576,30.00902],[-90.10551,30.00881],[-90.10553,30.00907],[-90.10576,30.00902]],[[-90.10241,30.01323],[-90.10262,30.01306],[-90.1023,30.013],[-90.10241,30.01323]],[[-90.10487,30.01475],[-90.1047,30.01487],[-90.10503,30.01492],[-90.10487,30.01475]],[[-90.10583,30.01653],[-90.10557,30.01641],[-90.1055,30.01663],[-90.10583,30.01653]],[[-90.10244,30.01473],[-90.10213,30.01484],[-90.10238,30.01495],[-90.10244,30.01473]],[[-90.10351,30.01062],[-90.10318,30.0107],[-90.10346,30.01085],[-90.10351,30.01062]],[[-90.10258,30.00583],[-90.10262,30.00516],[-90.10246,30.00625],[-90.10258,30.00583]],[[-90.10419,30.00741],[-90.10397,30.00742],[-90.10395,30.00765],[-90.10419,30.00741]],[[-90.1058,30.01182],[-90.10557,30.01176],[-90.10554,30.012],[-90.1058,30.01182]],[[-90.10716,30.00877],[-90.10687,30.00881],[-90.10716,30.00893],[-90.10716,30.00877]],[[-90.10615,30.01499],[-90.10641,30.01501],[-90.10645,30.01474],[-90.10615,30.01499]],[[-90.10107,30.01205],[-90.10117,30.01183],[-90.10092,30.01181],[-90.10107,30.01205]],[[-90.10257,30.0112],[-90.10282,30.01126],[-90.10267,30.01101],[-90.10257,30.0112]],[[-90.10671,30.0087],[-90.10643,30.00868],[-90.10657,30.00887],[-90.10671,30.0087]],[[-90.10387,30.00754],[-90.10352,30.0076],[-90.10382,30.00769],[-90.10387,30.00754]],[[-90.10284,30.01396],[-90.10313,30.01387],[-90.10283,30.0138],[-90.10284,30.01396]],[[-90.10486,30.01148],[-90.10456,30.01136],[-90.10449,30.0115],[-90.10486,30.01148]],[[-90.10537,30.01158],[-90.10545,30.01146],[-90.10509,30.01144],[-90.10537,30.01158]],[[-90.1042,30.01148],[-90.10444,30.01139],[-90.10414,30.01134],[-90.1042,30.01148]],[[-90.10577,30.01085],[-90.10561,30.01107],[-90.1059,30.01107],[-90.10577,30.01085]],[[-90.1035,30.0179],[-90.10334,30.0181],[-90.10353,30.01811],[-90.1035,30.0179]],[[-90.10208,30.0178],[-90.10179,30.01768],[-90.10181,30.01783],[-90.10208,30.0178]],[[-90.10418,30.00633],[-90.10444,30.00635],[-90.10431,30.00614],[-90.10418,30.00633]],[[-90.10671,30.00791],[-90.1065,30.008],[-90.10685,30.00807],[-90.10671,30.00791]],[[-90.09918,30.0178],[-90.09889,30.01779],[-90.09886,30.01802],[-90.09918,30.0178]],[[-90.10402,30.01576],[-90.1043,30.01586],[-90.10435,30.01576],[-90.10402,30.01576]],[[-90.10449,30.00992],[-90.10426,30.01005],[-90.1045,30.01008],[-90.10449,30.00992]],[[-90.10502,30.0133],[-90.10523,30.01316],[-90.10489,30.01311],[-90.10502,30.0133]],[[-90.10421,30.01347],[-90.10395,30.01343],[-90.10392,30.01365],[-90.10421,30.01347]],[[-90.10219,30.01266],[-90.10202,30.01244],[-90.10199,30.01269],[-90.10219,30.01266]],[[-90.10124,30.00999],[-90.10096,30.01007],[-90.10131,30.01011],[-90.10124,30.00999]],[[-90.10588,30.01053],[-90.10596,30.01041],[-90.10567,30.01038],[-90.10588,30.01053]],[[-90.1029,30.01016],[-90.10265,30.0103],[-90.10288,30.01032],[-90.1029,30.01016]],[[-90.10221,30.01208],[-90.10234,30.01192],[-90.10204,30.01193],[-90.10221,30.01208]],[[-90.10493,30.01902],[-90.10476,30.01896],[-90.10468,30.01921],[-90.10493,30.01902]],[[-90.10421,30.01697],[-90.1039,30.01693],[-90.10386,30.01705],[-90.10421,30.01697]],[[-90.10019,30.01192],[-90.10037,30.01197],[-90.10036,30.01178],[-90.10019,30.01192]],[[-90.1042,30.00808],[-90.10411,30.00795],[-90.10388,30.00801],[-90.1042,30.00808]],[[-90.10582,30.00932],[-90.10611,30.00937],[-90.10612,30.00923],[-90.10582,30.00932]],[[-90.10272,30.00459],[-90.10265,30.00463],[-90.10265,30.00516],[-90.10272,30.00459]],[[-90.10221,30.01644],[-90.10204,30.01639],[-90.10194,30.01657],[-90.10221,30.01644]],[[-90.10619,30.00866],[-90.10596,30.00856],[-90.10588,30.00866],[-90.10619,30.00866]],[[-90.10601,30.00967],[-90.10574,30.0095],[-90.10576,30.00968],[-90.10601,30.00967]],[[-90.10495,30.0096],[-90.10472,30.00965],[-90.10497,30.00974],[-90.10495,30.0096]],[[-90.10274,30.00948],[-90.10304,30.00948],[-90.10282,30.00936],[-90.10274,30.00948]],[[-90.10515,30.0136],[-90.10486,30.0136],[-90.105,30.0137],[-90.10515,30.0136]],[[-90.10371,30.01082],[-90.10355,30.01106],[-90.10378,30.01099],[-90.10371,30.01082]],[[-90.10328,30.01168],[-90.10307,30.01174],[-90.1033,30.0118],[-90.10328,30.01168]],[[-90.1031,30.01415],[-90.10294,30.01403],[-90.10277,30.01412],[-90.1031,30.01415]],[[-90.10533,30.0073],[-90.10516,30.00734],[-90.10525,30.00754],[-90.10533,30.0073]],[[-90.10131,30.01407],[-90.10139,30.01394],[-90.10113,30.01399],[-90.10131,30.01407]],[[-90.10196,30.01336],[-90.10209,30.01347],[-90.10206,30.01329],[-90.10196,30.01336]],[[-90.10285,30.01046],[-90.1029,30.01037],[-90.10261,30.01036],[-90.10285,30.01046]],[[-90.10655,30.01059],[-90.10646,30.01048],[-90.10638,30.0106],[-90.10655,30.01059]],[[-90.10257,30.01203],[-90.10263,30.01224],[-90.10274,30.01197],[-90.10257,30.01203]],[[-90.10371,30.01172],[-90.10382,30.01159],[-90.10368,30.01158],[-90.10371,30.01172]],[[-90.10493,30.00736],[-90.1046,30.00736],[-90.10482,30.00747],[-90.10493,30.00736]],[[-90.10661,30.00831],[-90.10651,30.00841],[-90.10652,30.00821],[-90.10661,30.00831]],[[-90.10278,30.0098],[-90.10294,30.00969],[-90.10271,30.00966],[-90.10278,30.0098]],[[-90.10493,30.00629],[-90.10483,30.00613],[-90.1047,30.00623],[-90.10493,30.00629]],[[-90.10269,30.01661],[-90.10248,30.01657],[-90.1025,30.01666],[-90.10269,30.01661]],[[-90.10645,30.01514],[-90.10642,30.01505],[-90.10615,30.01507],[-90.10645,30.01514]],[[-90.10467,30.00868],[-90.10443,30.00874],[-90.1046,30.0088],[-90.10467,30.00868]],[[-90.1046,30.01217],[-90.10442,30.01225],[-90.10463,30.0123],[-90.1046,30.01217]],[[-90.10211,30.00836],[-90.10199,30.00825],[-90.10193,30.0084],[-90.10211,30.00836]],[[-90.09987,30.01603],[-90.09965,30.01605],[-90.09997,30.01614],[-90.09987,30.01603]],[[-90.10571,30.00716],[-90.10593,30.00719],[-90.10582,30.00707],[-90.10571,30.00716]],[[-90.10393,30.0063],[-90.10369,30.00629],[-90.10381,30.00638],[-90.10393,30.0063]],[[-90.0994,30.01595],[-90.09943,30.01584],[-90.09918,30.01589],[-90.0994,30.01595]],[[-90.10475,30.0072],[-90.10484,30.00709],[-90.10459,30.00708],[-90.10475,30.0072]],[[-90.09969,30.01288],[-90.09972,30.01277],[-90.09951,30.0128],[-90.09969,30.01288]],[[-90.10259,30.00869],[-90.10242,30.00869],[-90.10239,30.00889],[-90.10259,30.00869]],[[-90.1036,30.01161],[-90.10352,30.01155],[-90.10345,30.01173],[-90.1036,30.01161]],[[-90.10604,30.0178],[-90.1058,30.01784],[-90.10589,30.01795],[-90.10604,30.0178]],[[-90.10477,30.01729],[-90.10457,30.01726],[-90.10455,30.01738],[-90.10477,30.01729]],[[-90.09961,30.01217],[-90.09993,30.01214],[-90.0997,30.01209],[-90.09961,30.01217]],[[-90.10606,30.0132],[-90.10611,30.01307],[-90.10594,30.01309],[-90.10606,30.0132]],[[-90.10241,30.01085],[-90.10213,30.01086],[-90.10227,30.01096],[-90.10241,30.01085]],[[-90.10644,30.00918],[-90.10648,30.0093],[-90.1067,30.0093],[-90.10644,30.00918]],[[-90.10607,30.0123],[-90.10602,30.01246],[-90.10621,30.0125],[-90.10607,30.0123]],[[-90.10403,30.00952],[-90.10377,30.00952],[-90.1039,30.00962],[-90.10403,30.00952]],[[-90.09978,30.01328],[-90.09945,30.01322],[-90.09942,30.01328],[-90.09978,30.01328]],[[-90.10523,30.00815],[-90.10519,30.00803],[-90.10502,30.00824],[-90.10523,30.00815]],[[-90.10536,30.01113],[-90.1055,30.0111],[-90.1053,30.01103],[-90.10536,30.01113]],[[-90.10666,30.01344],[-90.10647,30.0134],[-90.10649,30.0135],[-90.10666,30.01344]],[[-90.10249,30.01017],[-90.10255,30.01011],[-90.10225,30.0101],[-90.10249,30.01017]],[[-90.10048,30.01565],[-90.10057,30.01559],[-90.10038,30.01553],[-90.10048,30.01565]],[[-90.10466,30.01269],[-90.10447,30.01274],[-90.10465,30.01278],[-90.10466,30.01269]],[[-90.10061,30.01461],[-90.1005,30.01471],[-90.10065,30.01471],[-90.10061,30.01461]],[[-90.10417,30.01615],[-90.10401,30.01613],[-90.10413,30.01624],[-90.10417,30.01615]],[[-90.10548,30.01289],[-90.10568,30.01286],[-90.10554,30.01278],[-90.10548,30.01289]],[[-90.10306,30.01789],[-90.10289,30.01778],[-90.1029,30.01793],[-90.10306,30.01789]],[[-90.10243,30.01433],[-90.10224,30.01433],[-90.10242,30.0144],[-90.10243,30.01433]],[[-90.10154,30.01759],[-90.10148,30.01748],[-90.10144,30.01761],[-90.10154,30.01759]],[[-90.10224,30.01126],[-90.10209,30.01131],[-90.10219,30.01135],[-90.10224,30.01126]]]},"properties":{"FLD_ZONE":"AE","ZONE_SUBTY":null}},{"type":"Feature","geometry":{"type":"Polygon","coordinates":[[[-89.87731,29.87295],[-89.87736,29.87232],[-89.87943,29.87274],[-89.87811,29.87265],[-89.87731,29.87295]]]},"properties":{"FLD_ZONE":"AE","ZONE_SUBTY":null}},{"type":"Feature","geometry":{"type":"Polygon","coordinates":[[[-90.08409,29.95368],[-90.08397,29.95363],[-90.08425,29.95342],[-90.08409,29.95368]]]},"properties":{"FLD_ZONE":"AE","ZONE_SUBTY":null}},{"type":"Feature","geometry":{"type":"Polygon","coordinates":[[[-90.11019,29.96885],[-90.11033,29.96884],[-90.11041,29.96897],[-90.11019,29.96885]]]},"properties":{"FLD_ZONE":"AE","ZONE_SUBTY":null}},{"type":"Feature","geometry":{"type":"MultiPolygon","coordinates":[[[[-90.01611,29.97453],[-90.0166,29.97345],[-90.01647,29.97448],[-90.01714,29.97464],[-90.01738,29.97442],[-90.01735,29.97468],[-90.01772,29.9745],[-90.01808,29.97479],[-90.01832,29.97429],[-90.01852,29.97479],[-90.01831,29.97487],[-90.01886,29.97491],[-90.01947,29.9737],[-90.0194,29.97308],[-90.01892,29.97291],[-90.01871,29.97313],[-90.01874,29.97287],[-90.01799,29.97272],[-90.0178,29.973],[-90.01787,29.97267],[-90.01726,29.97251],[-90.01858,29.97281],[-90.01892,29.97248],[-90.01883,29.97286],[-90.01953,29.9729],[-90.02037,29.971],[-90.01989,29.9728],[-90.02064,29.97329],[-90.01979,29.97329],[-90.01923,29.97494],[-90.01958,29.9748],[-90.01995,29.97513],[-90.02011,29.97385],[-90.02055,29.97411],[-90.02032,29.9744],[-90.02133,29.97446],[-90.02165,29.97355],[-90.02077,29.97331],[-90.02171,29.97341],[-90.02278,29.97068],[-90.01988,29.97963],[-90.01953,29.97963],[-90.02044,29.98047],[-90.01964,29.98036],[-90.01967,29.97995],[-90.01931,29.97979],[-90.01889,29.97973],[-90.01881,29.98013],[-90.01851,29.97999],[-90.01883,29.97969],[-90.01862,29.97952],[-90.00936,29.97748],[-90.00964,29.97641],[-90.00945,29.97624],[-90.00972,29.97626],[-90.00936,29.97596],[-90.00952,29.9756],[-90.00987,29.97561],[-90.00936,29.97555],[-90.0095,29.97263],[-90.01037,29.97307],[-90.01089,29.97276],[-90.0109,29.97308],[-90.01142,29.97329],[-90.01194,29.97286],[-90.01183,29.97342],[-90.01209,29.97292],[-90.01199,29.97343],[-90.0127,29.9736],[-90.01287,29.97339],[-90.01306,29.97378],[-90.01261,29.97471],[-90.01301,29.97455],[-90.01337,29.97486],[-90.01439,29.97409],[-90.01403,29.97555],[-90.01479,29.97558],[-90.01398,29.97565],[-90.01364,29.97687],[-90.01419,29.97727],[-90.01557,29.9776],[-90.01595,29.97732],[-90.01556,29.97709],[-90.01602,29.97662],[-90.01587,29.9761],[-90.01677,29.97578],[-90.01513,29.97536],[-90.01607,29.9752],[-90.01611,29.97453]]],[[[-90.00969,29.97499],[-90.00949,29.9749],[-90.00943,29.97493],[-90.00969,29.97499]]],[[[-90.01128,29.97454],[-90.01105,29.97458],[-90.01125,29.9746],[-90.01128,29.97454]]],[[[-90.01163,29.97354],[-90.01138,29.97345],[-90.01147,29.97353],[-90.01163,29.97354]]],[[[-90.01156,29.97371],[-90.01152,29.9736],[-90.01127,29.97365],[-90.01156,29.97371]]],[[[-90.01882,29.97832],[-90.01885,29.97825],[-90.01864,29.97823],[-90.01882,29.97832]]],[[[-90.01961,29.97762],[-90.01954,29.97754],[-90.0194,29.97763],[-90.01961,29.97762]]],[[[-90.01334,29.97688],[-90.01305,29.97678],[-90.01324,29.97693],[-90.01334,29.97688]]],[[[-90.01219,29.9776],[-90.01202,29.97767],[-90.01213,29.97778],[-90.01219,29.9776]]],[[[-90.01604,29.9775],[-90.01587,29.97759],[-90.01596,29.97765],[-90.01604,29.9775]]],[[[-90.01639,29.97548],[-90.01623,29.97542],[-90.01614,29.9755],[-90.01639,29.97548]]],[[[-90.01212,29.97709],[-90.01205,29.97692],[-90.0119,29.97703],[-90.01212,29.97709]]],[[[-90.01372,29.9752],[-90.01391,29.9751],[-90.01361,29.97507],[-90.01372,29.9752]]],[[[-90.01281,29.9768],[-90.01302,29.97686],[-90.01304,29.9767],[-90.01281,29.9768]]],[[[-90.00961,29.97574],[-90.00981,29.97581],[-90.00986,29.97572],[-90.00961,29.97574]]],[[[-90.02093,29.97563],[-90.02061,29.97554],[-90.0207,29.97576],[-90.02093,29.97563]]],[[[-90.01114,29.9756],[-90.0111,29.97561],[-90.01089,29.97632],[-90.01114,29.9756]]],[[[-90.01003,29.97505],[-90.00984,29.97498],[-90.00977,29.9751],[-90.01003,29.97505]]],[[[-90.01842,29.97626],[-90.0182,29.97639],[-90.01845,29.97639],[-90.01842,29.97626]]],[[[-90.01666,29.97807],[-90.01658,29.97797],[-90.01657,29.97824],[-90.01666,29.97807]]],[[[-90.01157,29.9743],[-90.01172,29.97376],[-90.01148,29.97442],[-90.01157,29.9743]]],[[[-90.01282,29.97656],[-90.01261,29.97658],[-90.01266,29.97676],[-90.01282,29.97656]]],[[[-90.01022,29.97456],[-90.00992,29.97448],[-90.00989,29.97463],[-90.01022,29.97456]]],[[[-90.00992,29.97535],[-90.00964,29.97525],[-90.00974,29.97549],[-90.00992,29.97535]]],[[[-90.01022,29.97629],[-90.01031,29.9761],[-90.01,29.97602],[-90.01022,29.97629]]],[[[-90.01752,29.97712],[-90.01782,29.97724],[-90.01786,29.97715],[-90.01752,29.97712]]],[[[-90.01133,29.97503],[-90.01147,29.97454],[-90.01118,29.97537],[-90.01133,29.97503]]],[[[-90.01245,29.97728],[-90.01263,29.97715],[-90.01245,29.97699],[-90.01245,29.97728]]],[[[-90.01197,29.97664],[-90.01233,29.9767],[-90.01229,29.97657],[-90.01197,29.97664]]],[[[-90.01619,29.97656],[-90.0165,29.97625],[-90.01626,29.97621],[-90.01619,29.97656]]],[[[-90.01973,29.97806],[-90.01954,29.97795],[-90.01928,29.97805],[-90.01973,29.97806]]],[[[-90.01099,29.974],[-90.01056,29.9741],[-90.01077,29.9742],[-90.01099,29.974]]],[[[-90.02057,29.97512],[-90.02034,29.975],[-90.02031,29.97525],[-90.02057,29.97512]]],[[[-90.01043,29.97579],[-90.01056,29.97563],[-90.01018,29.97553],[-90.01043,29.97579]]],[[[-90.01037,29.97417],[-90.01013,29.97391],[-90.01008,29.97411],[-90.01037,29.97417]]],[[[-90.01208,29.97739],[-90.01173,29.97736],[-90.01201,29.97754],[-90.01208,29.97739]]],[[[-90.01281,29.97787],[-90.01248,29.97798],[-90.01286,29.97807],[-90.01281,29.97787]]],[[[-90.0119,29.97571],[-90.01218,29.97544],[-90.01146,29.97559],[-90.0119,29.97571]]],[[[-90.01661,29.9784],[-90.01623,29.97797],[-90.01637,29.9785],[-90.01661,29.9784]]],[[[-90.01998,29.97789],[-90.02026,29.97758],[-90.01982,29.97751],[-90.01998,29.97789]]],[[[-90.01154,29.97389],[-90.01104,29.97416],[-90.01139,29.97428],[-90.01154,29.97389]]],[[[-90.02027,29.97606],[-90.01988,29.97588],[-90.02002,29.97639],[-90.02027,29.97606]]],[[[-90.01844,29.97549],[-90.0182,29.97515],[-90.018,29.97557],[-90.01844,29.97549]]],[[[-90.011,29.97689],[-90.01091,29.97724],[-90.01162,29.97711],[-90.011,29.97689]]],[[[-90.01296,29.97744],[-90.01301,29.97714],[-90.01272,29.97708],[-90.01256,29.97753],[-90.01296,29.97744]]],[[[-90.02066,29.97647],[-90.02077,29.97584],[-90.02029,29.9764],[-90.02066,29.97647]]],[[[-90.01036,29.97591],[-90.01005,29.97584],[-90.01043,29.97603],[-90.01034,29.97641],[-90.0107,29.97648],[-90.01082,29.9761],[-90.01036,29.97591]]],[[[-90.0128,29.97621],[-90.0129,29.97664],[-90.01323,29.97669],[-90.01295,29.97645],[-90.01331,29.97649],[-90.01312,29.976],[-90.01267,29.97598],[-90.0128,29.97621]]],[[[-90.01148,29.97629],[-90.01159,29.97572],[-90.01126,29.97567],[-90.01104,29.97632],[-90.01136,29.97666],[-90.01148,29.97629]]],[[[-90.01565,29.97812],[-90.01586,29.97835],[-90.01584,29.97796],[-90.01565,29.97812]]],[[[-90.01244,29.97402],[-90.01191,29.97375],[-90.01208,29.9739],[-90.01176,29.97413],[-90.01206,29.97429],[-90.01164,29.97446],[-90.01241,29.97466],[-90.01255,29.97423],[-90.01202,29.97405],[-90.01244,29.97402]]],[[[-90.01219,29.97484],[-90.01158,29.97461],[-90.01135,29.97539],[-90.01224,29.97522],[-90.01219,29.97484]]],[[[-90.0167,29.97731],[-90.01718,29.97698],[-90.01611,29.97682],[-90.01596,29.9773],[-90.01624,29.97747],[-90.01641,29.9771],[-90.01644,29.97758],[-90.0167,29.97731]]],[[[-90.01779,29.97554],[-90.01781,29.97491],[-90.01749,29.97491],[-90.01703,29.97566],[-90.01773,29.97585],[-90.01779,29.97554]]],[[[-90.02088,29.97488],[-90.02081,29.97538],[-90.02102,29.97536],[-90.02129,29.97456],[-90.02038,29.97436],[-90.02027,29.97499],[-90.02088,29.97488]]],[[[-90.01693,29.97471],[-90.01642,29.9746],[-90.01618,29.97541],[-90.01682,29.9755],[-90.01693,29.97471]]],[[[-90.01832,29.97609],[-90.01787,29.97593],[-90.01757,29.97693],[-90.01821,29.97692],[-90.01835,29.97652],[-90.01803,29.97645],[-90.01832,29.97609]]],[[[-90.01769,29.97608],[-90.01723,29.97588],[-90.0171,29.97625],[-90.01689,29.97601],[-90.01695,29.97657],[-90.01668,29.97665],[-90.0173,29.97686],[-90.01769,29.97608]]],[[[-90.01498,29.97839],[-90.0152,29.97764],[-90.01437,29.97736],[-90.01461,29.97768],[-90.01422,29.9784],[-90.01475,29.97813],[-90.01475,29.97848],[-90.01498,29.97839]]],[[[-90.01041,29.97732],[-90.01056,29.97661],[-90.00981,29.97652],[-90.00964,29.97733],[-90.01041,29.97732]]],[[[-90.01103,29.97462],[-90.01065,29.9744],[-90.0103,29.97509],[-90.01083,29.97588],[-90.01072,29.9754],[-90.01105,29.97544],[-90.01127,29.97475],[-90.01103,29.97462]]],[[[-90.01403,29.97836],[-90.01444,29.97746],[-90.01382,29.97728],[-90.01359,29.97742],[-90.0138,29.97773],[-90.01335,29.97771],[-90.01372,29.97795],[-90.01327,29.97814],[-90.01403,29.97836]]],[[[-90.01949,29.97666],[-90.01958,29.9764],[-90.01911,29.97626],[-90.0196,29.97629],[-90.01942,29.97586],[-90.01973,29.97587],[-90.01934,29.97577],[-90.01951,29.97608],[-90.01899,29.97606],[-90.01855,29.97715],[-90.01889,29.97699],[-90.01893,29.9772],[-90.01907,29.97684],[-90.01924,29.97711],[-90.01949,29.97666]]],[[[-90.0206,29.97671],[-90.01972,29.97647],[-90.01946,29.9769],[-90.0199,29.97705],[-90.01963,29.97731],[-90.0203,29.97746],[-90.0206,29.97671]]],[[[-90.01355,29.97614],[-90.01318,29.97591],[-90.01345,29.97564],[-90.01275,29.97551],[-90.01334,29.97499],[-90.01252,29.97479],[-90.01231,29.97562],[-90.0131,29.97587],[-90.01322,29.97631],[-90.01355,29.97614]]],[[[-90.01562,29.97812],[-90.0154,29.97797],[-90.01564,29.97783],[-90.01532,29.9778],[-90.0152,29.97858],[-90.01577,29.97869],[-90.01562,29.97812]]],[[[-90.00936,29.97056],[-90.00959,29.97077],[-90.00936,29.97074],[-90.00936,29.97056]]],[[[-90.00936,29.97157],[-90.00991,29.97176],[-90.00952,29.97188],[-90.00936,29.97157]]],[[[-90.00936,29.97573],[-90.00938,29.97574],[-90.00936,29.9758],[-90.00936,29.97573]]]]},"properties":{"FLD_ZONE":"AE","ZONE_SUBTY":null}},{"type":"Feature","geometry":{"type":"Polygon","coordinates":[[[-89.99075,29.95592],[-89.98949,29.95538],[-89.99081,29.95585],[-89.99385,29.95064],[-89.99026,29.95757],[-89.99,29.95767],[-89.99075,29.95592]]]},"properties":{"FLD_ZONE":"AE","ZONE_SUBTY":null}},{"type":"Feature","geometry":{"type":"Polygon","coordinates":[[[-90.0004,29.95965],[-90.00041,29.96036],[-90.00019,29.96112],[-90.0004,29.95965]]]},"properties":{"FLD_ZONE":"AE","ZONE_SUBTY":null}},{"type":"Feature","geometry":{"type":"Polygon","coordinates":[[[-89.9945,29.92876],[-89.99422,29.92891],[-89.99472,29.92836],[-89.9945,29.92876]]]},"properties":{"FLD_ZONE":"AE","ZONE_SUBTY":null}},{"type":"Feature","geometry":{"type":"Polygon","coordinates":[[[-89.94164,29.89936],[-89.94158,29.89929],[-89.94194,29.8993],[-89.94164,29.89936]]]},"properties":{"FLD_ZONE":"AE","ZONE_SUBTY":null}},{"type":"Feature","geometry":{"type":"Polygon","coordinates":[[[-89.89702,29.8929],[-89.89625,29.89047],[-89.89577,29.89098],[-89.8961,29.89082],[-89.896,29.89028],[-89.89639,29.8904],[-89.89676,29.89203],[-89.89711,29.89196],[-89.89679,29.89207],[-89.89723,29.89288],[-89.89722,29.89345],[-89.89702,29.8929]]]},"properties":{"FLD_ZONE":"AE","ZONE_SUBTY":null}},{"type":"Feature","geometry":{"type":"Polygon","coordinates":[[[-90.09985,29.95959],[-90.09929,29.95927],[-90.09984,29.95956],[-90.09985,29.95959]]]},"properties":{"FLD_ZONE":"AE","ZONE_SUBTY":null}},{"type":"Feature","geometry":{"type":"Polygon","coordinates":[[[-90.08319,29.95851],[-90.08266,29.95837],[-90.08212,29.95805],[-90.08319,29.95851]]]},"properties":{"FLD_ZONE":"AE","ZONE_SUBTY":null}},{"type":"Feature","geometry":{"type":"Polygon","coordinates":[[[-90.09615,29.89009],[-90.09598,29.889],[-90.09607,29.88924],[-90.09615,29.88885],[-90.09669,29.8887],[-90.09593,29.88833],[-90.09648,29.88764],[-90.09616,29.88732],[-90.09641,29.88735],[-90.09652,29.8869],[-90.09589,29.88684],[-90.09603,29.88742],[-90.09582,29.88745],[-90.09588,29.88624],[-90.09563,29.88623],[-90.09558,29.88565],[-90.09583,29.88546],[-90.09547,29.88456],[-90.09578,29.88437],[-90.09577,29.88365],[-90.09599,29.88449],[-90.09659,29.88437],[-90.09664,29.88381],[-90.09673,29.88438],[-90.09714,29.88448],[-90.09744,29.88385],[-90.09768,29.88472],[-90.09824,29.88471],[-90.09822,29.88388],[-90.09841,29.88466],[-90.09885,29.88473],[-90.09842,29.88485],[-90.09839,29.88525],[-90.09826,29.88482],[-90.09791,29.88484],[-90.09775,29.88647],[-90.09895,29.88653],[-90.09847,29.88671],[-90.09854,29.88795],[-90.09914,29.88808],[-90.0986,29.88818],[-90.09853,29.88919],[-90.09817,29.8892],[-90.09808,29.88872],[-90.0978,29.88873],[-90.09787,29.88932],[-90.09721,29.88939],[-90.09725,29.89003],[-90.09699,29.88976],[-90.09651,29.89046],[-90.09615,29.89009]],[[-90.09797,29.88663],[-90.09751,29.88694],[-90.09781,29.88808],[-90.09834,29.88763],[-90.09828,29.88664],[-90.09797,29.88663]],[[-90.0972,29.88808],[-90.09747,29.88802],[-90.0974,29.88673],[-90.09679,29.88675],[-90.09701,29.88724],[-90.09674,29.88755],[-90.0972,29.88808]],[[-90.09616,29.88645],[-90.09671,29.88637],[-90.09662,29.88525],[-90.09633,29.88498],[-90.09603,29.88505],[-90.09616,29.88645]],[[-90.097,29.88654],[-90.09751,29.88645],[-90.09728,29.88564],[-90.09692,29.88595],[-90.09721,29.88614],[-90.097,29.88654]],[[-90.09701,29.8891],[-90.09747,29.88883],[-90.09709,29.88876],[-90.09701,29.8891]],[[-90.09827,29.88816],[-90.09808,29.88841],[-90.09841,29.88838],[-90.09827,29.88816]]]},"properties":{"FLD_ZONE":"AE","ZONE_SUBTY":null}},{"type":"Feature","geometry":{"type":"Polygon","coordinates":[[[-90.08172,29.87114],[-90.0812,29.87044],[-90.08178,29.87015],[-90.08162,29.86948],[-90.08055,29.86965],[-90.08203,29.86924],[-90.08257,29.87193],[-90.08228,29.87212],[-90.08207,29.87114],[-90.08172,29.87114]]]},"properties":{"FLD_ZONE":"AE","ZONE_SUBTY":null}},{"type":"Feature","geometry":{"type":"Polygon","coordinates":[[[-90.04551,30.0027],[-90.04533,30.00283],[-90.04532,30.00258],[-90.04551,30.0027]]]},"properties":{"FLD_ZONE":"AE","ZONE_SUBTY":null}},{"type":"Feature","geometry":{"type":"Polygon","coordinates":[[[-89.92765,29.90788],[-89.92962,29.91029],[-89.9284,29.9112],[-89.92864,29.91097],[-89.92774,29.91016],[-89.92856,29.90924],[-89.92791,29.9091],[-89.92814,29.9088],[-89.92731,29.90917],[-89.92735,29.90893],[-89.92663,29.90855],[-89.92735,29.90805],[-89.9273,29.90763],[-89.92675,29.90809],[-89.92702,29.90776],[-89.9263,29.90782],[-89.92561,29.90728],[-89.92569,29.90692],[-89.92532,29.90717],[-89.92551,29.90652],[-89.92514,29.90682],[-89.92473,29.90673],[-89.92483,29.90625],[-89.92402,29.90646],[-89.92517,29.90551],[-89.92479,29.90556],[-89.92479,29.9051],[-89.92402,29.9057],[-89.92427,29.90542],[-89.92381,29.90564],[-89.92396,29.90513],[-89.92345,29.90549],[-89.92384,29.90507],[-89.92298,29.90549],[-89.92379,29.90455],[-89.92278,29.90509],[-89.92407,29.90422],[-89.92765,29.90788]],[[-89.92715,29.90835],[-89.92754,29.90818],[-89.92741,29.90807],[-89.92715,29.90835]],[[-89.9286,29.91088],[-89.92857,29.91079],[-89.92837,29.91089],[-89.9286,29.91088]],[[-89.92412,29.90479],[-89.92414,29.90467],[-89.92398,29.90481],[-89.92412,29.90479]],[[-89.92526,29.90636],[-89.92512,29.90617],[-89.92497,29.90616],[-89.92526,29.90636]]]},"properties":{"FLD_ZONE":"AE","ZONE_SUBTY":null}},{"type":"Feature","geometry":{"type":"Polygon","coordinates":[[[-90.02251,29.94059],[-90.02283,29.94077],[-90.02256,29.94068],[-90.02244,29.9412],[-90.02228,29.94056],[-90.02251,29.94059]]]},"properties":{"FLD_ZONE":"AE","ZONE_SUBTY":null}},{"type":"Feature","geometry":{"type":"Polygon","coordinates":[[[-89.94221,29.936],[-89.94232,29.93601],[-89.94224,29.93616],[-89.94221,29.936]]]},"properties":{"FLD_ZONE":"AE","ZONE_SUBTY":null}},{"type":"Feature","geometry":{"type":"Polygon","coordinates":[[[-89.99891,29.8763],[-89.99601,29.87612],[-89.9968,29.87589],[-89.99714,29.87618],[-89.99897,29.87615],[-89.99942,29.87534],[-89.99891,29.8763]]]},"properties":{"FLD_ZONE":"AE","ZONE_SUBTY":null}},{"type":"Feature","geometry":{"type":"Polygon","coordinates":[[[-89.99765,29.88396],[-89.99766,29.8836],[-89.99841,29.8833],[-89.99765,29.88396]]]},"properties":{"FLD_ZONE":"AE","ZONE_SUBTY":null}},{"type":"Feature","geometry":{"type":"Polygon","coordinates":[[[-89.88439,30.03961],[-89.88433,30.03987],[-89.88418,30.03967],[-89.88407,30.03891],[-89.88397,30.03399],[-89.88439,30.03961]],[[-89.88427,30.03832],[-89.88418,30.03851],[-89.88427,30.03863],[-89.88427,30.03832]]]},"properties":{"FLD_ZONE":"AE","ZONE_SUBTY":null}},{"type":"Feature","geometry":{"type":"Polygon","coordinates":[[[-90.07305,30.00302],[-90.07346,30.00288],[-90.07324,30.00319],[-90.07305,30.00302]]]},"properties":{"FLD_ZONE":"AE","ZONE_SUBTY":null}},{"type":"Feature","geometry":{"type":"Polygon","coordinates":[[[-90.10221,29.99805],[-90.10239,29.99683],[-90.10278,29.99688],[-90.10245,29.99691],[-90.10226,29.99855],[-90.1033,29.99877],[-90.10224,29.99873],[-90.10217,29.99998],[-90.10258,30.00007],[-90.10263,29.99981],[-90.10261,30.00014],[-90.10215,30.00013],[-90.10241,30.00039],[-90.10304,30.00044],[-90.10333,29.99883],[-90.10343,29.99978],[-90.10431,29.99936],[-90.10435,29.99888],[-90.10348,29.99872],[-90.10541,29.99888],[-90.10447,29.9989],[-90.10443,30.00002],[-90.10475,30.00004],[-90.10474,29.99953],[-90.10524,29.9996],[-90.10481,29.99944],[-90.10538,29.99902],[-90.10567,29.99967],[-90.10544,30],[-90.10593,30.00023],[-90.10582,30.00046],[-90.10616,30.00033],[-90.10624,29.99977],[-90.10584,29.99958],[-90.10634,29.99911],[-90.10549,29.99888],[-90.10639,29.99895],[-90.10642,29.99873],[-90.10642,29.99908],[-90.1074,29.99904],[-90.10737,29.99934],[-90.10648,29.9991],[-90.10641,30.00033],[-90.10674,30.00038],[-90.10682,29.99988],[-90.10726,29.99988],[-90.1075,29.99899],[-90.1083,29.99913],[-90.10748,29.9992],[-90.10734,30.00043],[-90.1076,30.00067],[-90.10736,30.00081],[-90.10764,30.00086],[-90.10774,30.00054],[-90.10827,30.00052],[-90.10829,30.00079],[-90.10782,30.00086],[-90.10823,30.0011],[-90.10732,30.001],[-90.10721,30.00151],[-90.1071,30.00099],[-90.10632,30.00095],[-90.10636,30.00138],[-90.10667,30.00131],[-90.10621,30.00158],[-90.1066,30.00174],[-90.10622,30.00197],[-90.10637,30.00257],[-90.10693,30.00259],[-90.10695,30.00218],[-90.1066,30.00215],[-90.107,30.0018],[-90.10702,30.00254],[-90.10715,30.00226],[-90.10723,30.00268],[-90.10802,30.00274],[-90.10706,30.00292],[-90.10703,30.00352],[-90.10728,30.00366],[-90.10694,30.00438],[-90.10776,30.00452],[-90.10784,30.00423],[-90.10779,30.00454],[-90.10555,30.00435],[-90.10573,30.00352],[-90.10496,30.00372],[-90.1049,30.00425],[-90.10525,30.00426],[-90.10532,30.00395],[-90.10549,30.00434],[-90.10309,30.00413],[-90.10374,30.0039],[-90.10381,30.00312],[-90.10345,30.00292],[-90.10296,30.00329],[-90.10306,30.00412],[-90.1028,30.00406],[-90.10319,30.00064],[-90.10302,30.00113],[-90.103,30.00062],[-90.10211,30.00057],[-90.10198,30.00086],[-90.10183,30.00052],[-90.10085,30.00042],[-90.10139,29.99969],[-90.1013,30.00022],[-90.10191,30.00017],[-90.10189,29.9999],[-90.10154,29.99991],[-90.10193,29.99987],[-90.1017,29.99962],[-90.10204,29.99947],[-90.10215,29.99872],[-90.10162,29.99861],[-90.10216,29.99856],[-90.10221,29.99805]],[[-90.10373,30.00075],[-90.10329,30.00066],[-90.10328,30.00229],[-90.10379,30.0023],[-90.10399,30.00184],[-90.10405,30.00111],[-90.10383,30.00104],[-90.10409,30.00085],[-90.10373,30.00075]],[[-90.10555,30.00224],[-90.10606,30.00185],[-90.10603,30.00092],[-90.1056,30.00124],[-90.10559,30.00088],[-90.10533,30.00091],[-90.10514,30.00206],[-90.10537,30.00218],[-90.10513,30.00244],[-90.10584,30.0025],[-90.10555,30.00224]],[[-90.10645,30.00351],[-90.10688,30.00329],[-90.10693,30.00276],[-90.10609,30.00277],[-90.10599,30.00364],[-90.10643,30.00374],[-90.10632,30.00402],[-90.10601,30.00388],[-90.10594,30.00434],[-90.10674,30.00435],[-90.10679,30.00365],[-90.10645,30.00351]],[[-90.10445,30.00291],[-90.10468,30.00336],[-90.10407,30.00334],[-90.10398,30.00361],[-90.10441,30.00349],[-90.1047,30.00383],[-90.10407,30.0038],[-90.10397,30.00408],[-90.10473,30.00425],[-90.10487,30.00268],[-90.10412,30.00257],[-90.10404,30.00309],[-90.10439,30.00311],[-90.10436,30.00269],[-90.10445,30.00291]],[[-90.10503,30.00161],[-90.10503,30.00117],[-90.10467,30.00119],[-90.1048,30.00083],[-90.10426,30.00101],[-90.1042,30.00163],[-90.10503,30.00161]],[[-90.10347,30.00269],[-90.10311,30.00248],[-90.10307,30.00288],[-90.10376,30.00295],[-90.10387,30.00257],[-90.10347,30.00269]],[[-90.10499,30.00193],[-90.10428,30.00177],[-90.10407,30.00234],[-90.10449,30.00232],[-90.10436,30.00189],[-90.10499,30.00193]],[[-90.10546,30.00319],[-90.1057,30.00339],[-90.1057,30.00296],[-90.10516,30.00265],[-90.10549,30.00281],[-90.10503,30.00315],[-90.10546,30.00319]],[[-90.10497,30.00214],[-90.10459,30.0021],[-90.10455,30.00241],[-90.10492,30.00244],[-90.10497,30.00214]],[[-90.10463,30.00016],[-90.10443,30.00011],[-90.10443,30.00057],[-90.10469,30.00056],[-90.10463,30.00016]],[[-90.10423,29.99978],[-90.10427,29.99954],[-90.10395,29.99953],[-90.10423,29.99978]],[[-90.10525,30.00329],[-90.10505,30.00355],[-90.10536,30.00357],[-90.10525,30.00329]],[[-90.10522,29.9999],[-90.10501,29.99973],[-90.10485,29.99998],[-90.10522,29.9999]],[[-90.10696,30.00048],[-90.10721,30.00035],[-90.10687,30.00032],[-90.10696,30.00048]],[[-90.10357,29.99991],[-90.10339,30.00013],[-90.10375,30.00012],[-90.10357,29.99991]],[[-90.10334,29.99933],[-90.10328,29.99931],[-90.10321,29.99999],[-90.10334,29.99933]],[[-90.10461,30.00081],[-90.10433,30.00085],[-90.10459,30.00099],[-90.10461,30.00081]],[[-90.10559,30.00055],[-90.10555,30.00035],[-90.10539,30.00043],[-90.10559,30.00055]],[[-90.10513,30.00044],[-90.10503,30.00031],[-90.10487,30.00059],[-90.10513,30.00044]],[[-90.10676,30.00351],[-90.10679,30.00338],[-90.10655,30.0034],[-90.10676,30.00351]],[[-90.10412,30.00048],[-90.10407,30.0002],[-90.10401,30.0005],[-90.10412,30.00048]],[[-90.10337,30.00041],[-90.10349,30.00043],[-90.10351,30.00024],[-90.10337,30.00041]],[[-90.10548,30.00027],[-90.10554,30.00019],[-90.10544,30.00003],[-90.10548,30.00027]],[[-90.10588,30.003],[-90.10578,30.00289],[-90.10577,30.00306],[-90.10588,30.003]]]},"properties":{"FLD_ZONE":"AE","ZONE_SUBTY":null}},{"type":"Feature","geometry":{"type":"Polygon","coordinates":[[[-89.97398,30.02559],[-89.97201,30.02603],[-89.97198,30.02565],[-89.97149,30.02565],[-89.97144,30.02614],[-89.97099,30.0259],[-89.97096,30.02623],[-89.97047,30.02633],[-89.97006,30.02573],[-89.97036,30.02547],[-89.97021,30.02348],[-89.97059,30.02598],[-89.9712,30.02576],[-89.97108,30.02399],[-89.97135,30.02514],[-89.9719,30.02514],[-89.97165,30.02272],[-89.97204,30.02265],[-89.97175,30.0226],[-89.97159,30.02063],[-89.97186,30.0226],[-89.97264,30.02252],[-89.97249,30.02068],[-89.97278,30.02253],[-89.97342,30.02247],[-89.97319,30.01949],[-89.9736,30.02245],[-89.974,30.02244],[-89.97382,30.01954],[-89.97415,30.02196],[-89.97447,30.02243],[-89.97471,30.02232],[-89.97449,30.01964],[-89.97461,30.02041],[-89.97487,30.02031],[-89.97463,30.01984],[-89.97472,30.02025],[-89.97539,30.02032],[-89.97674,30.0201],[-89.97677,30.01983],[-89.97661,30.02017],[-89.97689,30.0202],[-89.97688,30.01984],[-89.97718,30.0219],[-89.9774,30.02126],[-89.9775,30.02164],[-89.97747,30.02122],[-89.97785,30.02114],[-89.97794,30.02184],[-89.97833,30.02212],[-89.97819,30.01982],[-89.97854,30.02204],[-89.97909,30.02207],[-89.97906,30.02124],[-89.97931,30.02364],[-89.97979,30.02464],[-89.97926,30.02369],[-89.97903,30.02221],[-89.97855,30.02229],[-89.9788,30.0247],[-89.97697,30.02497],[-89.97687,30.02473],[-89.97639,30.02499],[-89.97615,30.02471],[-89.9765,30.02461],[-89.97627,30.02249],[-89.97569,30.0225],[-89.97592,30.02493],[-89.97629,30.02511],[-89.97414,30.02556],[-89.97408,30.02525],[-89.97398,30.02559]],[[-89.9779,30.02183],[-89.97783,30.02173],[-89.97776,30.02185],[-89.9779,30.02183]],[[-89.97786,30.02147],[-89.97793,30.02142],[-89.97781,30.02134],[-89.97786,30.02147]],[[-89.97531,30.02469],[-89.97518,30.02463],[-89.97517,30.02484],[-89.97531,30.02469]],[[-89.97735,30.02216],[-89.97718,30.02204],[-89.97719,30.02219],[-89.97735,30.02216]],[[-89.97753,30.02267],[-89.97742,30.02251],[-89.97727,30.02249],[-89.97753,30.02267]],[[-89.97465,30.0249],[-89.97447,30.0249],[-89.97452,30.02511],[-89.97465,30.0249]],[[-89.97476,30.0236],[-89.97453,30.02365],[-89.97467,30.02376],[-89.97476,30.0236]],[[-89.97771,30.02198],[-89.97754,30.02165],[-89.97758,30.022],[-89.97771,30.02198]],[[-89.97519,30.02451],[-89.97554,30.02435],[-89.97535,30.02431],[-89.97519,30.02451]],[[-89.97766,30.02479],[-89.97761,30.02462],[-89.97741,30.02468],[-89.97766,30.02479]],[[-89.97322,30.02566],[-89.97284,30.02555],[-89.97294,30.0257],[-89.97322,30.02566]],[[-89.97859,30.02449],[-89.97831,30.02451],[-89.97846,30.0247],[-89.97859,30.02449]],[[-89.97561,30.02463],[-89.97536,30.02478],[-89.97551,30.02498],[-89.97561,30.02463]],[[-89.97336,30.0243],[-89.97295,30.02437],[-89.97295,30.02473],[-89.9733,30.02467],[-89.97336,30.0243]],[[-89.97446,30.02448],[-89.97455,30.02484],[-89.97487,30.02469],[-89.97476,30.0239],[-89.97475,30.02415],[-89.97439,30.02393],[-89.97446,30.02448]],[[-89.97475,30.02269],[-89.97426,30.02267],[-89.97441,30.02375],[-89.97478,30.02338],[-89.97475,30.02269]],[[-89.97499,30.02325],[-89.9752,30.02434],[-89.97538,30.02407],[-89.97558,30.02425],[-89.97547,30.02262],[-89.97499,30.02279],[-89.97499,30.02325]],[[-89.97425,30.02453],[-89.97407,30.0228],[-89.97367,30.02267],[-89.97387,30.02483],[-89.97422,30.02526],[-89.97425,30.02453]],[[-89.9761,30.02076],[-89.97608,30.02029],[-89.97543,30.02032],[-89.97578,30.0223],[-89.97592,30.0219],[-89.97617,30.02212],[-89.9761,30.02076]],[[-89.97718,30.02374],[-89.97694,30.02245],[-89.97662,30.02245],[-89.97664,30.02443],[-89.97715,30.0245],[-89.97718,30.02374]],[[-89.97542,30.02161],[-89.97532,30.02035],[-89.97468,30.02039],[-89.97493,30.02232],[-89.97547,30.02232],[-89.97542,30.02161]],[[-89.97689,30.02072],[-89.97683,30.02022],[-89.97618,30.02029],[-89.97647,30.02225],[-89.97694,30.02205],[-89.97689,30.02072]],[[-89.97304,30.02363],[-89.97274,30.02302],[-89.97297,30.02327],[-89.97345,30.02269],[-89.97188,30.02274],[-89.97203,30.02353],[-89.97275,30.02338],[-89.97289,30.0236],[-89.97265,30.02383],[-89.97225,30.02363],[-89.97224,30.02448],[-89.97246,30.02427],[-89.97276,30.02455],[-89.97266,30.02401],[-89.97329,30.02385],[-89.97342,30.02353],[-89.97344,30.02296],[-89.97304,30.02363]],[[-89.97776,30.02417],[-89.97786,30.02452],[-89.97826,30.02448],[-89.97829,30.02403],[-89.97856,30.02399],[-89.97825,30.0223],[-89.97763,30.02235],[-89.97786,30.02269],[-89.97765,30.0229],[-89.97758,30.0226],[-89.97759,30.02308],[-89.97724,30.02289],[-89.97738,30.02422],[-89.97758,30.02431],[-89.97764,30.02369],[-89.97776,30.02417]],[[-89.97372,30.02564],[-89.97368,30.02537],[-89.97346,30.02536],[-89.97372,30.02564]]]},"properties":{"FLD_ZONE":"AE","ZONE_SUBTY":null}},{"type":"Feature","geometry":{"type":"Polygon","coordinates":[[[-89.93951,30.0069],[-89.93937,30.0069],[-89.9394,30.00674],[-89.93951,30.0069]]]},"properties":{"FLD_ZONE":"AE","ZONE_SUBTY":null}},{"type":"Feature","geometry":{"type":"Polygon","coordinates":[[[-90.04018,29.99665],[-90.04042,29.99662],[-90.04023,29.99682],[-90.04018,29.99665]]]},"properties":{"FLD_ZONE":"AE","ZONE_SUBTY":null}},{"type":"Feature","geometry":{"type":"Polygon","coordinates":[[[-90.04793,29.91435],[-90.0492,29.91335],[-90.04951,29.91345],[-90.04897,29.91395],[-90.05023,29.91341],[-90.04754,29.91504],[-90.04871,29.9141],[-90.04793,29.91435]]]},"properties":{"FLD_ZONE":"AE","ZONE_SUBTY":null}},{"type":"Feature","geometry":{"type":"Polygon","coordinates":[[[-89.93936,29.94026],[-89.93972,29.94046],[-89.9391,29.9415],[-89.93875,29.94131],[-89.93936,29.94026]]]},"properties":{"FLD_ZONE":"AE","ZONE_SUBTY":null}},{"type":"Feature","geometry":{"type":"Polygon","coordinates":[[[-89.97432,29.89339],[-89.97411,29.89289],[-89.97455,29.89304],[-89.97458,29.89341],[-89.97432,29.89339]]]},"properties":{"FLD_ZONE":"AE","ZONE_SUBTY":null}},{"type":"Feature","geometry":{"type":"Polygon","coordinates":[[[-90.0516,29.92029],[-90.05103,29.91967],[-90.05124,29.91968],[-90.0509,29.91812],[-90.05117,29.91777],[-90.05091,29.91776],[-90.0513,29.91764],[-90.05093,29.91751],[-90.05123,29.91742],[-90.05093,29.91713],[-90.05135,29.91702],[-90.0514,29.91663],[-90.05123,29.91422],[-90.05076,29.91445],[-90.05107,29.91406],[-90.05065,29.91388],[-90.04964,29.91431],[-90.04978,29.91534],[-90.04927,29.91592],[-90.04957,29.91661],[-90.04966,29.91619],[-90.05006,29.91634],[-90.04981,29.91662],[-90.05057,29.91646],[-90.05003,29.91545],[-90.05061,29.9153],[-90.05023,29.91518],[-90.0502,29.91463],[-90.05066,29.91498],[-90.05089,29.91895],[-90.05002,29.91766],[-90.04973,29.91778],[-90.05102,29.91977],[-90.04767,29.91551],[-90.04832,29.91585],[-90.04915,29.91722],[-90.04877,29.91542],[-90.04852,29.91513],[-90.04799,29.91527],[-90.04909,29.91446],[-90.0475,29.9151],[-90.0503,29.91338],[-90.05006,29.91385],[-90.05103,29.91348],[-90.05111,29.91376],[-90.05128,29.91334],[-90.0516,29.92029]],[[-90.04897,29.91471],[-90.04881,29.91479],[-90.049,29.91544],[-90.04897,29.91471]]]},"properties":{"FLD_ZONE":"AE","ZONE_SUBTY":null}},{"type":"Feature","geometry":{"type":"Polygon","coordinates":[[[-89.88883,30.03081],[-89.88805,30.03114],[-89.88813,30.03065],[-89.88842,30.031],[-89.89151,30.02963],[-89.89115,30.02921],[-89.89037,30.02921],[-89.88997,30.02979],[-89.88982,30.0291],[-89.88942,30.02938],[-89.88942,30.02968],[-89.88954,30.02937],[-89.88978,30.02962],[-89.88941,30.02976],[-89.88944,30.03009],[-89.88954,30.02989],[-89.88922,30.02996],[-89.8889,30.02924],[-89.88864,30.02925],[-89.88851,30.02972],[-89.88867,30.0295],[-89.88899,30.02977],[-89.88869,30.0297],[-89.88873,30.03017],[-89.88837,30.03023],[-89.88857,30.0304],[-89.88798,30.03043],[-89.88777,30.03023],[-89.88802,30.03027],[-89.88799,30.02997],[-89.88767,30.03002],[-89.88731,30.03069],[-89.8845,30.03177],[-89.88424,30.03163],[-89.88459,30.0319],[-89.88388,30.03204],[-89.88393,30.03273],[-89.88364,30.03306],[-89.88357,30.03181],[-89.88309,30.03245],[-89.88246,30.03209],[-89.88307,30.03238],[-89.88324,30.03205],[-89.88249,30.03169],[-89.88216,30.03186],[-89.88236,30.03156],[-89.88191,30.03203],[-89.88237,30.03233],[-89.88108,30.03278],[-89.88107,30.03236],[-89.88059,30.03209],[-89.88098,30.03223],[-89.88065,30.03183],[-89.88113,30.03173],[-89.88064,30.03162],[-89.88091,30.03145],[-89.88051,30.03081],[-89.88023,30.03083],[-89.88074,30.03056],[-89.88037,30.03008],[-89.88086,30.02943],[-89.88151,30.0293],[-89.88123,30.02945],[-89.88151,30.02967],[-89.88084,30.02963],[-89.88097,30.03046],[-89.8812,30.02975],[-89.8817,30.03025],[-89.88217,30.02969],[-89.88242,30.02985],[-89.88264,30.02906],[-89.88232,30.02901],[-89.88318,30.02845],[-89.88224,30.02853],[-89.88327,30.02821],[-89.88334,30.02906],[-89.8831,30.0292],[-89.88344,30.03022],[-89.88341,30.02806],[-89.88416,30.02801],[-89.88439,30.02789],[-89.88394,30.02784],[-89.89089,30.02509],[-89.89245,30.02805],[-89.89087,30.02522],[-89.88815,30.02637],[-89.88934,30.02608],[-89.88963,30.02636],[-89.88939,30.02662],[-89.88988,30.02678],[-89.88955,30.02697],[-89.89005,30.02689],[-89.89025,30.02735],[-89.89051,30.02716],[-89.89066,30.02767],[-89.89027,30.02788],[-89.89072,30.02793],[-89.89083,30.02839],[-89.89178,30.02829],[-89.89139,30.02822],[-89.89167,30.02772],[-89.89178,30.02825],[-89.89186,30.02796],[-89.89209,30.02818],[-89.89173,30.02831],[-89.89173,30.0287],[-89.89138,30.02854],[-89.89163,30.02896],[-89.89119,30.02911],[-89.8913,30.02935],[-89.89177,30.02971],[-89.89206,30.0293],[-89.89288,30.02938],[-89.88883,30.03081]],[[-89.88831,30.02778],[-89.88832,30.02811],[-89.88869,30.02821],[-89.88842,30.02833],[-89.88857,30.02873],[-89.8898,30.029],[-89.88946,30.02815],[-89.88945,30.02853],[-89.88889,30.02817],[-89.889,30.02854],[-89.88871,30.02859],[-89.88885,30.028],[-89.88831,30.02778]],[[-89.88562,30.02772],[-89.88678,30.02705],[-89.88449,30.02785],[-89.88562,30.02772]],[[-89.88916,30.0274],[-89.89005,30.02735],[-89.88973,30.02705],[-89.88919,30.02735],[-89.88918,30.02683],[-89.88891,30.02706],[-89.88916,30.0274]],[[-89.88795,30.02669],[-89.88833,30.02648],[-89.88798,30.02632],[-89.88706,30.02666],[-89.88782,30.02642],[-89.88795,30.02669]],[[-89.88815,30.02869],[-89.88819,30.02926],[-89.88867,30.02923],[-89.88836,30.0292],[-89.88868,30.02884],[-89.88815,30.02869]],[[-89.882,30.03082],[-89.88169,30.03067],[-89.8816,30.031],[-89.882,30.03082]],[[-89.88429,30.03111],[-89.88389,30.03113],[-89.88414,30.03148],[-89.8839,30.03177],[-89.88432,30.03155],[-89.88429,30.03111]],[[-89.88789,30.0269],[-89.88764,30.02663],[-89.88733,30.02687],[-89.88771,30.02675],[-89.88784,30.0271],[-89.88789,30.0269]],[[-89.88696,30.02786],[-89.88705,30.02814],[-89.88753,30.0279],[-89.88739,30.02766],[-89.88696,30.02786]],[[-89.88234,30.03045],[-89.88252,30.03013],[-89.88213,30.03008],[-89.88234,30.03045]],[[-89.88186,30.03064],[-89.88208,30.03054],[-89.88183,30.03024],[-89.88163,30.03037],[-89.88186,30.03064]],[[-89.88723,30.02988],[-89.88739,30.02963],[-89.88699,30.0299],[-89.88723,30.02988]],[[-89.88331,30.03018],[-89.88329,30.02975],[-89.88302,30.03004],[-89.88331,30.03018]],[[-89.8884,30.02994],[-89.88866,30.02983],[-89.88839,30.02972],[-89.88819,30.02982],[-89.8884,30.02994]],[[-89.88346,30.0316],[-89.88331,30.0313],[-89.88334,30.03184],[-89.88346,30.0316]],[[-89.88741,30.02868],[-89.88744,30.02888],[-89.88769,30.02876],[-89.88741,30.02868]],[[-89.88315,30.02877],[-89.88295,30.02872],[-89.88283,30.02892],[-89.88315,30.02877]],[[-89.88183,30.03151],[-89.88189,30.03128],[-89.88154,30.03136],[-89.88183,30.03151]],[[-89.88789,30.02781],[-89.88765,30.0278],[-89.88783,30.02813],[-89.88789,30.02781]],[[-89.88738,30.02745],[-89.88708,30.02735],[-89.88725,30.02764],[-89.88738,30.02745]],[[-89.8812,30.03206],[-89.88145,30.0319],[-89.88123,30.03187],[-89.8812,30.03206]],[[-89.88789,30.02765],[-89.88791,30.02747],[-89.88767,30.02754],[-89.88789,30.02765]],[[-89.88225,30.03069],[-89.88219,30.03089],[-89.88243,30.03081],[-89.88225,30.03069]],[[-89.88194,30.03166],[-89.88168,30.03181],[-89.88184,30.03185],[-89.88194,30.03166]],[[-89.88803,30.02873],[-89.88804,30.0285],[-89.88791,30.02831],[-89.88803,30.02873]],[[-89.88645,30.02757],[-89.88648,30.02742],[-89.88627,30.02749],[-89.88645,30.02757]],[[-89.88899,30.02744],[-89.88881,30.02733],[-89.88899,30.02762],[-89.88899,30.02744]],[[-89.88767,30.02795],[-89.88763,30.02828],[-89.88781,30.02819],[-89.88767,30.02795]],[[-89.8889,30.02677],[-89.8886,30.02668],[-89.88875,30.02688],[-89.8889,30.02677]],[[-89.89033,30.02731],[-89.89005,30.02737],[-89.89031,30.02752],[-89.89033,30.02731]],[[-89.8834,30.03078],[-89.88348,30.03061],[-89.88339,30.0305],[-89.8834,30.03078]],[[-89.88595,30.02806],[-89.88587,30.02784],[-89.88611,30.02803],[-89.88595,30.02806]],[[-89.88687,30.02753],[-89.88702,30.02747],[-89.88674,30.02744],[-89.88687,30.02753]],[[-89.89008,30.02921],[-89.8901,30.02933],[-89.8903,30.02923],[-89.89008,30.02921]],[[-89.8835,30.03095],[-89.88338,30.03087],[-89.88334,30.0311],[-89.8835,30.03095]],[[-89.8822,30.03109],[-89.8823,30.03097],[-89.88209,30.031],[-89.8822,30.03109]],[[-89.88406,30.03195],[-89.88417,30.03171],[-89.88398,30.03184],[-89.88406,30.03195]],[[-89.88829,30.02926],[-89.88814,30.02941],[-89.88844,30.02931],[-89.88829,30.02926]],[[-89.88822,30.02978],[-89.88814,30.02966],[-89.88799,30.02972],[-89.88822,30.02978]],[[-89.88198,30.03037],[-89.88214,30.03043],[-89.88214,30.03019],[-89.88198,30.03037]],[[-89.88701,30.02674],[-89.88682,30.02676],[-89.88673,30.02688],[-89.88701,30.02674]],[[-89.88399,30.02843],[-89.88397,30.02822],[-89.8839,30.02852],[-89.88399,30.02843]],[[-89.88195,30.03154],[-89.8818,30.03154],[-89.88168,30.03173],[-89.88195,30.03154]],[[-89.88742,30.02986],[-89.88769,30.0299],[-89.88744,30.02979],[-89.88742,30.02986]],[[-89.8839,30.02907],[-89.88401,30.02911],[-89.884,30.02895],[-89.8839,30.02907]],[[-89.89005,30.02741],[-89.88992,30.02742],[-89.88982,30.02755],[-89.89005,30.02741]],[[-89.88566,30.02901],[-89.88564,30.02912],[-89.88575,30.029],[-89.88566,30.02901]],[[-89.88207,30.03223],[-89.88179,30.03221],[-89.88192,30.03235],[-89.88207,30.03223]],[[-89.88399,30.0309],[-89.88412,30.03106],[-89.8842,30.03088],[-89.88399,30.0309]],[[-89.88383,30.03158],[-89.88374,30.03155],[-89.88383,30.03177],[-89.88383,30.03158]],[[-89.88257,30.03067],[-89.88237,30.03066],[-89.88249,30.03081],[-89.88257,30.03067]],[[-89.88313,30.03026],[-89.88305,30.03011],[-89.88297,30.03029],[-89.88313,30.03026]],[[-89.88406,30.03062],[-89.88395,30.03076],[-89.88421,30.03078],[-89.88406,30.03062]],[[-89.88311,30.03042],[-89.88309,30.03033],[-89.88293,30.0304],[-89.88311,30.03042]],[[-89.88169,30.03185],[-89.88163,30.03172],[-89.88154,30.03182],[-89.88169,30.03185]],[[-89.88933,30.02941],[-89.88924,30.02927],[-89.88918,30.02934],[-89.88933,30.02941]]]},"properties":{"FLD_ZONE":"AE","ZONE_SUBTY":null}},{"type":"Feature","geometry":{"type":"Polygon","coordinates":[[[-89.95812,29.83285],[-89.96174,29.83142],[-89.96978,29.83091],[-89.98405,29.83201],[-89.98859,29.83281],[-89.9882,29.83348],[-89.98699,29.83476],[-89.98602,29.83519],[-89.98435,29.8342],[-89.97992,29.83322],[-89.97386,29.83308],[-89.97051,29.83263],[-89.96532,29.83315],[-89.96204,29.83453],[-89.95925,29.83731],[-89.9545,29.84605],[-89.95045,29.8563],[-89.94737,29.86737],[-89.94603,29.87058],[-89.94006,29.86829],[-89.93874,29.86735],[-89.93203,29.86492],[-89.93755,29.85714],[-89.94394,29.84679],[-89.95034,29.8387],[-89.95555,29.83389],[-89.95812,29.83285]]]},"properties":{"FLD_ZONE":"VE","ZONE_SUBTY":null}},{"type":"Feature","geometry":{"type":"Polygon","coordinates":[[[-90.11895,29.99832],[-90.11901,29.99838],[-90.1186,29.99833],[-90.11895,29.99832]]]},"properties":{"FLD_ZONE":"AE","ZONE_SUBTY":null}},{"type":"Feature","geometry":{"type":"Polygon","coordinates":[[[-89.99486,30.00317],[-89.99483,30.00292],[-89.9949,30.00316],[-89.99486,30.00317]]]},"properties":{"FLD_ZONE":"AE","ZONE_SUBTY":null}},{"type":"Feature","geometry":{"type":"Polygon","coordinates":[[[-90.03998,29.92673],[-90.03991,29.92622],[-90.04015,29.92619],[-90.0399,29.92603],[-90.04172,29.9233],[-90.04023,29.92592],[-90.04188,29.92367],[-90.04136,29.92509],[-90.0418,29.92524],[-90.04108,29.92557],[-90.04167,29.92561],[-90.04096,29.92589],[-90.04196,29.92622],[-90.04176,29.92839],[-90.03998,29.92673]]]},"properties":{"FLD_ZONE":"AE","ZONE_SUBTY":null}},{"type":"Feature","geometry":{"type":"Polygon","coordinates":[[[-89.93268,29.90825],[-89.93285,29.90813],[-89.93279,29.90827],[-89.93268,29.90825]]]},"properties":{"FLD_ZONE":"AE","ZONE_SUBTY":null}},{"type":"Feature","geometry":{"type":"Polygon","coordinates":[[[-90.00599,29.90592],[-90.00613,29.90606],[-90.00596,29.90603],[-90.00599,29.90592]]]},"properties":{"FLD_ZONE":"AE","ZONE_SUBTY":null}},{"type":"Feature","geometry":{"type":"Polygon","coordinates":[[[-89.98816,29.90451],[-89.9897,29.90335],[-89.98947,29.90358],[-89.98816,29.90451]]]},"properties":{"FLD_ZONE":"AE","ZONE_SUBTY":null}},{"type":"Feature","geometry":{"type":"Polygon","coordinates":[[[-89.97053,29.90361],[-89.97274,29.90364],[-89.97681,29.90198],[-89.9779,29.90192],[-89.9776,29.90226],[-89.97683,29.90226],[-89.97285,29.90389],[-89.97053,29.90361]]]},"properties":{"FLD_ZONE":"AE","ZONE_SUBTY":null}},{"type":"Feature","geometry":{"type":"Polygon","coordinates":[[[-89.99842,29.87581],[-89.99585,29.87561],[-89.9959,29.87494],[-89.99566,29.87488],[-89.99587,29.87483],[-89.99565,29.87476],[-89.9959,29.87473],[-89.99607,29.87406],[-89.99715,29.8742],[-89.99719,29.87563],[-89.99865,29.87568],[-89.99889,29.87503],[-89.99801,29.87483],[-89.99807,29.87343],[-89.99654,29.87336],[-89.99641,29.87367],[-89.99572,29.87323],[-89.99811,29.87326],[-89.99822,29.87455],[-89.99849,29.87479],[-89.99905,29.87468],[-89.99935,29.8732],[-89.99665,29.87284],[-89.99537,29.87307],[-89.99542,29.87224],[-89.99618,29.87278],[-89.99638,29.8723],[-89.9957,29.87221],[-89.99603,29.8718],[-89.99559,29.87176],[-89.99544,29.8721],[-89.9955,29.87112],[-89.99585,29.87101],[-89.99562,29.87124],[-89.99588,29.87155],[-89.99657,29.87156],[-89.99646,29.87114],[-89.99684,29.87162],[-89.99732,29.8715],[-89.99709,29.87107],[-89.99657,29.87097],[-89.99702,29.8711],[-89.99684,29.87125],[-89.99622,29.87099],[-89.99675,29.87089],[-89.99677,29.87057],[-89.99564,29.8705],[-89.9955,29.87092],[-89.99557,29.86992],[-89.99585,29.87009],[-89.99565,29.87042],[-89.99599,29.87044],[-89.99627,29.87017],[-89.99583,29.86983],[-89.99696,29.86969],[-89.99682,29.86939],[-89.99561,29.86931],[-89.99562,29.86874],[-89.9957,29.86925],[-89.99628,29.86928],[-89.99642,29.8688],[-89.99595,29.86869],[-89.99644,29.86838],[-89.99673,29.86866],[-89.99805,29.86868],[-89.99816,29.86829],[-89.99774,29.86844],[-89.99762,29.86813],[-89.99801,29.86811],[-89.9984,29.86754],[-89.99759,29.86721],[-89.99803,29.86725],[-89.99781,29.86699],[-89.99891,29.86786],[-89.99889,29.86815],[-89.99973,29.8685],[-89.99948,29.86877],[-89.9997,29.86898],[-90.00011,29.86878],[-90.00139,29.86961],[-90.00089,29.86991],[-90.00154,29.86973],[-90,29.87369],[-89.99953,29.87369],[-89.99902,29.87542],[-89.99842,29.87581]],[[-89.99677,29.87563],[-89.997,29.87433],[-89.99616,29.87425],[-89.99602,29.87553],[-89.99677,29.87563]],[[-89.99882,29.86994],[-89.99921,29.86971],[-89.99946,29.87001],[-89.99996,29.86996],[-90.00027,29.86959],[-89.99962,29.86918],[-89.99883,29.86963],[-89.99836,29.86927],[-89.99834,29.86972],[-89.99878,29.8699],[-89.99881,29.86965],[-89.99882,29.86994]],[[-89.99856,29.87225],[-89.99884,29.87176],[-89.99707,29.8717],[-89.99719,29.87219],[-89.99856,29.87225]],[[-90.00028,29.8712],[-90.00062,29.87141],[-90.00089,29.87108],[-90,29.87075],[-89.99983,29.87107],[-90.00028,29.8712]],[[-89.99905,29.87058],[-89.99946,29.87053],[-89.99952,29.87006],[-89.99891,29.87007],[-89.99905,29.87058]],[[-89.99962,29.87172],[-89.99973,29.87126],[-89.99938,29.87121],[-89.99933,29.87164],[-89.99962,29.87172]],[[-89.99647,29.87036],[-89.99697,29.86996],[-89.99631,29.86996],[-89.99647,29.87036]],[[-89.99912,29.87287],[-89.99941,29.87282],[-89.99936,29.87239],[-89.99894,29.87256],[-89.99912,29.87287]],[[-89.99748,29.86927],[-89.99761,29.86884],[-89.99735,29.86882],[-89.99716,29.86917],[-89.99748,29.86927]],[[-89.99889,29.87167],[-89.99912,29.87138],[-89.99875,29.87128],[-89.99859,29.87159],[-89.99889,29.87167]],[[-89.99697,29.87219],[-89.99679,29.87183],[-89.99638,29.87202],[-89.99697,29.87219]],[[-89.99964,29.8723],[-90.00009,29.87253],[-90.00025,29.87227],[-89.99964,29.8723]],[[-89.99719,29.86969],[-89.99748,29.86967],[-89.99742,29.86935],[-89.99702,29.86936],[-89.99719,29.86969]],[[-90.00041,29.86945],[-90.00024,29.86992],[-90.00071,29.86978],[-90.00041,29.86945]],[[-89.99826,29.87163],[-89.9984,29.87119],[-89.99801,29.87119],[-89.99826,29.87163]],[[-89.99995,29.87131],[-89.99997,29.87167],[-90.00042,29.87159],[-89.99995,29.87131]],[[-89.99832,29.87276],[-89.99877,29.87254],[-89.99832,29.87245],[-89.99832,29.87276]],[[-89.99991,29.87019],[-89.99959,29.87016],[-89.99955,29.87043],[-89.99992,29.87044],[-89.99991,29.87019]],[[-89.9986,29.87008],[-89.99834,29.87028],[-89.99876,29.87038],[-89.9986,29.87008]],[[-89.99807,29.87242],[-89.99777,29.87273],[-89.99817,29.87274],[-89.99807,29.87242]],[[-89.99943,29.87112],[-89.99957,29.87073],[-89.99915,29.87106],[-89.99943,29.87112]],[[-89.99809,29.87002],[-89.99774,29.87021],[-89.99814,29.8703],[-89.99809,29.87002]],[[-89.99706,29.87038],[-89.99751,29.87014],[-89.99725,29.87],[-89.99706,29.87038]],[[-89.99702,29.8727],[-89.99731,29.87233],[-89.99702,29.8723],[-89.99702,29.8727]],[[-89.99668,29.86915],[-89.99688,29.86896],[-89.99657,29.8688],[-89.99668,29.86915]],[[-89.99803,29.86895],[-89.99769,29.8691],[-89.99822,29.86921],[-89.99803,29.86895]],[[-90.00099,29.86994],[-90.00078,29.87021],[-90.00105,29.8703],[-90.00099,29.86994]],[[-89.99647,29.87276],[-89.9966,29.87231],[-89.99641,29.87238],[-89.99647,29.87276]],[[-89.99929,29.87199],[-89.99905,29.87212],[-89.99944,29.87224],[-89.99929,29.87199]],[[-89.99826,29.87102],[-89.99835,29.87079],[-89.99807,29.8708],[-89.99826,29.87102]],[[-89.99893,29.87101],[-89.99898,29.87081],[-89.99867,29.87079],[-89.99893,29.87101]],[[-90.00018,29.86918],[-90.00036,29.86925],[-90.00037,29.86903],[-90.00018,29.86918]],[[-89.99775,29.87137],[-89.99734,29.87132],[-89.99761,29.87152],[-89.99775,29.87137]],[[-89.99798,29.86973],[-89.99822,29.86962],[-89.99793,29.86959],[-89.99798,29.86973]],[[-90.00091,29.86965],[-90.00094,29.86976],[-90.00108,29.86972],[-90.00091,29.86965]],[[-89.99732,29.8708],[-89.99718,29.87072],[-89.99721,29.8709],[-89.99732,29.8708]]]},"properties":{"FLD_ZONE":"AE","ZONE_SUBTY":null}},{"type":"Feature","geometry":{"type":"Polygon","coordinates":[[[-89.8974,29.88905],[-89.89816,29.89077],[-89.89896,29.89282],[-89.8974,29.88905]]]},"properties":{"FLD_ZONE":"AE","ZONE_SUBTY":null}},{"type":"Feature","geometry":{"type":"Polygon","coordinates":[[[-89.89741,29.89424],[-89.89719,29.89363],[-89.89743,29.89424],[-89.89801,29.89408],[-89.89741,29.89424]]]},"properties":{"FLD_ZONE":"AE","ZONE_SUBTY":null}},{"type":"Feature","geometry":{"type":"Polygon","coordinates":[[[-90.10331,29.95993],[-90.10335,29.96034],[-90.10306,29.96019],[-90.10267,29.96056],[-90.10292,29.96016],[-90.10263,29.95994],[-90.10306,29.96003],[-90.1035,29.95945],[-90.10388,29.96008],[-90.10346,29.9602],[-90.10331,29.95993]]]},"properties":{"FLD_ZONE":"AE","ZONE_SUBTY":null}},{"type":"Feature","geometry":{"type":"Polygon","coordinates":[[[-90.10981,29.89068],[-90.10951,29.88974],[-90.1097,29.88686],[-90.10877,29.88679],[-90.10991,29.8868],[-90.11016,29.88907],[-90.11098,29.88929],[-90.11027,29.88942],[-90.11013,29.88981],[-90.11092,29.88986],[-90.11131,29.89028],[-90.11138,29.89064],[-90.11113,29.89024],[-90.11071,29.89066],[-90.11061,29.89028],[-90.11017,29.89025],[-90.11024,29.89067],[-90.10981,29.89068]]]},"properties":{"FLD_ZONE":"AE","ZONE_SUBTY":null}},{"type":"Feature","geometry":{"type":"Polygon","coordinates":[[[-90.12996,29.89342],[-90.12842,29.89282],[-90.1292,29.89023],[-90.13087,29.89096],[-90.1311,29.89068],[-90.13178,29.89082],[-90.13061,29.89333],[-90.13011,29.89335],[-90.13001,29.89364],[-90.12996,29.89342]],[[-90.13108,29.89142],[-90.12932,29.89074],[-90.12909,29.89122],[-90.13084,29.89173],[-90.13108,29.89142]],[[-90.13,29.892],[-90.13064,29.89244],[-90.13086,29.89194],[-90.12922,29.89149],[-90.12887,29.89195],[-90.12995,29.89226],[-90.13,29.892]],[[-90.13024,29.89307],[-90.13049,29.89267],[-90.1288,29.89217],[-90.12866,29.89272],[-90.13024,29.89307]]]},"properties":{"FLD_ZONE":"AE","ZONE_SUBTY":null}},{"type":"Feature","geometry":{"type":"Polygon","coordinates":[[[-90.05297,29.98097],[-90.05301,29.98149],[-90.05326,29.98154],[-90.05323,29.98064],[-90.05361,29.98092],[-90.05425,29.98068],[-90.05403,29.97995],[-90.05424,29.97989],[-90.05319,29.98006],[-90.05317,29.97982],[-90.05486,29.9799],[-90.05422,29.97996],[-90.05435,29.98085],[-90.0553,29.98081],[-90.05525,29.97991],[-90.05576,29.98066],[-90.05559,29.98079],[-90.05642,29.98076],[-90.05543,29.98094],[-90.05584,29.98099],[-90.0555,29.98118],[-90.05562,29.98171],[-90.05665,29.98141],[-90.055,29.98312],[-90.05521,29.98399],[-90.05466,29.98447],[-90.05484,29.98503],[-90.05341,29.98537],[-90.0453,29.98577],[-90.0453,29.98543],[-90.04469,29.98574],[-90.04423,29.98531],[-90.04408,29.98254],[-90.04433,29.98215],[-90.04411,29.98198],[-90.04408,29.98224],[-90.04408,29.98152],[-90.04454,29.97996],[-90.04423,29.98009],[-90.04424,29.97971],[-90.04476,29.9797],[-90.04504,29.97893],[-90.04515,29.97973],[-90.0457,29.97962],[-90.04545,29.97993],[-90.0458,29.97971],[-90.04594,29.98011],[-90.04656,29.98015],[-90.04684,29.97965],[-90.04648,29.98135],[-90.04714,29.97966],[-90.04706,29.98012],[-90.04729,29.97988],[-90.04762,29.98023],[-90.0483,29.9802],[-90.04832,29.97985],[-90.04855,29.98151],[-90.04874,29.98024],[-90.04926,29.98024],[-90.04872,29.98031],[-90.04898,29.98108],[-90.04963,29.98113],[-90.04964,29.98072],[-90.05002,29.98106],[-90.05024,29.98062],[-90.0504,29.98089],[-90.05062,29.98059],[-90.05043,29.98037],[-90.05074,29.98041],[-90.05084,29.98093],[-90.05079,29.98019],[-90.0511,29.98011],[-90.05084,29.98043],[-90.05132,29.98104],[-90.05272,29.98103],[-90.05289,29.98054],[-90.05297,29.98097]],[[-90.05196,29.98133],[-90.05227,29.9817],[-90.05193,29.98207],[-90.05233,29.98226],[-90.05217,29.98265],[-90.05241,29.98242],[-90.05266,29.98279],[-90.05243,29.98299],[-90.05285,29.98294],[-90.05292,29.98105],[-90.0521,29.98111],[-90.05211,29.98155],[-90.05196,29.98133]],[[-90.05115,29.98369],[-90.05134,29.98408],[-90.05207,29.98402],[-90.05181,29.98342],[-90.05202,29.98321],[-90.05117,29.98329],[-90.05115,29.98369]],[[-90.05418,29.98138],[-90.05392,29.98101],[-90.05332,29.98119],[-90.05354,29.98188],[-90.05404,29.98179],[-90.05418,29.98138]],[[-90.04527,29.98013],[-90.04499,29.97998],[-90.04523,29.98019],[-90.04471,29.98042],[-90.04464,29.98084],[-90.04539,29.9809],[-90.04527,29.98013]],[[-90.05431,29.98126],[-90.05438,29.98169],[-90.05473,29.98175],[-90.05509,29.98149],[-90.05494,29.9812],[-90.0553,29.9811],[-90.05444,29.98098],[-90.05431,29.98126]],[[-90.04641,29.98067],[-90.04643,29.98038],[-90.0459,29.98045],[-90.04575,29.98108],[-90.04629,29.98118],[-90.04641,29.98067]],[[-90.05079,29.98273],[-90.05059,29.98222],[-90.05058,29.98253],[-90.05027,29.98226],[-90.04992,29.98264],[-90.05058,29.98296],[-90.05079,29.98273]],[[-90.04881,29.9837],[-90.04868,29.98284],[-90.04872,29.98437],[-90.04881,29.9837]],[[-90.05046,29.98173],[-90.04989,29.98171],[-90.04988,29.98205],[-90.05044,29.98202],[-90.05051,29.98174],[-90.05066,29.98202],[-90.0508,29.98184],[-90.05046,29.98173]],[[-90.0526,29.98333],[-90.05229,29.98362],[-90.05247,29.98399],[-90.0526,29.98333]],[[-90.04708,29.9812],[-90.04706,29.98048],[-90.04684,29.98089],[-90.04708,29.9812]],[[-90.05349,29.9824],[-90.05362,29.98261],[-90.0539,29.98237],[-90.0537,29.98218],[-90.05349,29.9824]],[[-90.05134,29.9824],[-90.05142,29.98217],[-90.05104,29.98224],[-90.05114,29.98252],[-90.05134,29.9824]],[[-90.04801,29.98092],[-90.04814,29.98118],[-90.04834,29.98082],[-90.04794,29.98069],[-90.04801,29.98092]],[[-90.04954,29.98295],[-90.04913,29.98293],[-90.04914,29.98314],[-90.04954,29.98295]],[[-90.04942,29.98186],[-90.04965,29.98203],[-90.04957,29.98154],[-90.04942,29.98186]],[[-90.04605,29.98287],[-90.04608,29.98248],[-90.04584,29.98332],[-90.04605,29.98287]],[[-90.04838,29.98168],[-90.04788,29.98165],[-90.0482,29.98186],[-90.04838,29.98168]],[[-90.04645,29.98136],[-90.04631,29.9818],[-90.04652,29.98145],[-90.04645,29.98136]],[[-90.04617,29.98208],[-90.04618,29.98234],[-90.04635,29.98196],[-90.04617,29.98208]],[[-90.055,29.98209],[-90.05476,29.98202],[-90.05479,29.98225],[-90.055,29.98209]],[[-90.05145,29.98134],[-90.05117,29.98117],[-90.05096,29.98137],[-90.05145,29.98134]],[[-90.04728,29.98266],[-90.04713,29.98275],[-90.04717,29.98306],[-90.04728,29.98266]],[[-90.05286,29.98374],[-90.05295,29.98359],[-90.05274,29.98356],[-90.05286,29.98374]],[[-90.04484,29.98119],[-90.04462,29.98102],[-90.04458,29.98122],[-90.04484,29.98119]],[[-90.04974,29.98239],[-90.04946,29.98246],[-90.04967,29.98264],[-90.04974,29.98239]],[[-90.04867,29.98162],[-90.04855,29.98153],[-90.04865,29.98193],[-90.04867,29.98162]],[[-90.04701,29.98209],[-90.04717,29.98206],[-90.0471,29.98189],[-90.04701,29.98209]],[[-90.0518,29.98203],[-90.05186,29.98183],[-90.05166,29.98192],[-90.0518,29.98203]],[[-90.04935,29.98235],[-90.04909,29.98239],[-90.04936,29.98253],[-90.04935,29.98235]],[[-90.0457,29.98413],[-90.04561,29.98405],[-90.0455,29.9842],[-90.0457,29.98413]],[[-90.0479,29.9828],[-90.04776,29.98278],[-90.0479,29.98306],[-90.0479,29.9828]],[[-90.04915,29.98194],[-90.04906,29.98175],[-90.04892,29.98182],[-90.04915,29.98194]],[[-90.04898,29.9847],[-90.04876,29.98469],[-90.04876,29.98479],[-90.04898,29.9847]],[[-90.05276,29.98321],[-90.05287,29.98313],[-90.05266,29.98305],[-90.05276,29.98321]],[[-90.05106,29.98286],[-90.05119,29.98293],[-90.0513,29.98275],[-90.05106,29.98286]],[[-90.05172,29.98199],[-90.05162,29.98183],[-90.05138,29.98194],[-90.05172,29.98199]],[[-90.0517,29.98114],[-90.05158,29.98132],[-90.05176,29.98137],[-90.0517,29.98114]],[[-90.0498,29.98214],[-90.0498,29.9823],[-90.05004,29.9822],[-90.0498,29.98214]],[[-90.049,29.98496],[-90.04876,29.98492],[-90.0489,29.98503],[-90.049,29.98496]],[[-90.05199,29.98235],[-90.05191,29.98214],[-90.05191,29.98238],[-90.05199,29.98235]],[[-90.04867,29.98271],[-90.04877,29.98282],[-90.04876,29.98254],[-90.04867,29.98271]],[[-90.04964,29.98136],[-90.04953,29.98129],[-90.04943,29.98143],[-90.04964,29.98136]],[[-90.05174,29.98238],[-90.05186,29.98223],[-90.0517,29.98225],[-90.05174,29.98238]],[[-90.05489,29.98252],[-90.05515,29.98234],[-90.05505,29.98229],[-90.05489,29.98252]],[[-90.05201,29.98276],[-90.05179,29.98282],[-90.05202,29.98283],[-90.05201,29.98276]],[[-90.05169,29.98301],[-90.05186,29.98304],[-90.05194,29.98295],[-90.05169,29.98301]],[[-90.05401,29.98272],[-90.05395,29.98282],[-90.05409,29.98278],[-90.05401,29.98272]],[[-90.05163,29.98258],[-90.05143,29.98251],[-90.05145,29.9826],[-90.05163,29.98258]],[[-90.05565,29.98199],[-90.05564,29.98189],[-90.05553,29.9819],[-90.05565,29.98199]],[[-90.05178,29.98257],[-90.05166,29.98253],[-90.05183,29.98273],[-90.05178,29.98257]],[[-90.0499,29.98146],[-90.04983,29.9816],[-90.05,29.98158],[-90.0499,29.98146]],[[-90.05168,29.98219],[-90.05145,29.9822],[-90.05149,29.98243],[-90.05168,29.98219]],[[-90.04958,29.98356],[-90.04959,29.98364],[-90.04975,29.98358],[-90.04958,29.98356]]]},"properties":{"FLD_ZONE":"AE","ZONE_SUBTY":null}},{"type":"Feature","geometry":{"type":"Polygon","coordinates":[[[-89.9527,29.91623],[-89.95264,29.91639],[-89.95241,29.91647],[-89.9527,29.91623]]]},"properties":{"FLD_ZONE":"AE","ZONE_SUBTY":null}},{"type":"Feature","geometry":{"type":"Polygon","coordinates":[[[-90.01971,29.93697],[-90.0196,29.9361],[-90.01905,29.93609],[-90.01891,29.93661],[-90.01893,29.93579],[-90.0199,29.93594],[-90.01971,29.93697]]]},"properties":{"FLD_ZONE":"AE","ZONE_SUBTY":null}},{"type":"Feature","geometry":{"type":"Polygon","coordinates":[[[-89.91553,29.87874],[-89.91502,29.87857],[-89.91529,29.87845],[-89.91553,29.87874]]]},"properties":{"FLD_ZONE":"AE","ZONE_SUBTY":null}},{"type":"Feature","geometry":{"type":"Polygon","coordinates":[[[-89.93643,29.88016],[-89.93515,29.87977],[-89.93658,29.88016],[-89.93653,29.87982],[-89.93689,29.88072],[-89.93643,29.88016]]]},"properties":{"FLD_ZONE":"AE","ZONE_SUBTY":null}},{"type":"Feature","geometry":{"type":"Polygon","coordinates":[[[-90.08015,29.96748],[-90.08056,29.96722],[-90.08019,29.96778],[-90.08076,29.96818],[-90.08119,29.96791],[-90.08131,29.96766],[-90.08047,29.96711],[-90.0841,29.9691],[-90.08325,29.97032],[-90.08431,29.96933],[-90.08485,29.9696],[-90.08496,29.97012],[-90.08523,29.96989],[-90.08487,29.96962],[-90.08572,29.97005],[-90.08555,29.97054],[-90.08612,29.9709],[-90.08651,29.97071],[-90.08627,29.97108],[-90.08651,29.97135],[-90.08616,29.97117],[-90.08554,29.97184],[-90.08621,29.97237],[-90.08598,29.97211],[-90.08631,29.97232],[-90.08689,29.97166],[-90.08657,29.9714],[-90.08723,29.97146],[-90.08779,29.97207],[-90.08828,29.97159],[-90.08799,29.97138],[-90.09094,29.97305],[-90.09028,29.97552],[-90.08927,29.97506],[-90.08997,29.97566],[-90.08919,29.97519],[-90.08823,29.97619],[-90.08849,29.97544],[-90.08905,29.97509],[-90.08829,29.97459],[-90.08792,29.97478],[-90.08812,29.97449],[-90.08741,29.97402],[-90.08696,29.97442],[-90.08672,29.97424],[-90.08722,29.97392],[-90.08676,29.97357],[-90.08635,29.97396],[-90.08775,29.97506],[-90.08747,29.97531],[-90.08769,29.97502],[-90.08692,29.97447],[-90.08647,29.97485],[-90.08681,29.97442],[-90.08608,29.97411],[-90.08595,29.97371],[-90.08624,29.97388],[-90.08653,29.97344],[-90.08595,29.97303],[-90.08551,29.97336],[-90.08567,29.97361],[-90.08511,29.97366],[-90.08533,29.97339],[-90.08462,29.97293],[-90.08379,29.9736],[-90.08337,29.9733],[-90.08383,29.97358],[-90.08444,29.97282],[-90.0837,29.9722],[-90.08405,29.97177],[-90.08299,29.97111],[-90.08265,29.97141],[-90.08356,29.97222],[-90.08289,29.97204],[-90.08272,29.97167],[-90.08206,29.97225],[-90.08302,29.97293],[-90.08361,29.97236],[-90.08307,29.97307],[-90.08392,29.97377],[-90.08356,29.97392],[-90.08373,29.97364],[-90.08302,29.97315],[-90.08284,29.97331],[-90.0829,29.97307],[-90.08186,29.97241],[-90.08107,29.97312],[-90.08298,29.97449],[-90.08333,29.97426],[-90.08328,29.9747],[-90.08094,29.97325],[-90.08034,29.97388],[-90.08094,29.97435],[-90.08041,29.97402],[-90.08045,29.9745],[-90.08,29.9743],[-90.08236,29.97138],[-90.07997,29.97373],[-90.07884,29.9729],[-90.08007,29.9737],[-90.08064,29.973],[-90.0795,29.97219],[-90.07909,29.97249],[-90.07933,29.97209],[-90.0783,29.97136],[-90.07796,29.97158],[-90.0782,29.97129],[-90.07719,29.97086],[-90.07733,29.97069],[-90.07658,29.97016],[-90.07668,29.96994],[-90.07616,29.96986],[-90.0769,29.96974],[-90.07666,29.97011],[-90.07739,29.97061],[-90.07766,29.97046],[-90.07751,29.97069],[-90.07828,29.97121],[-90.07873,29.97031],[-90.07801,29.97008],[-90.07811,29.96981],[-90.0774,29.96919],[-90.07825,29.96977],[-90.07887,29.96904],[-90.07825,29.96969],[-90.07882,29.969],[-90.07808,29.96848],[-90.0774,29.96917],[-90.07794,29.96841],[-90.07729,29.96803],[-90.07699,29.96855],[-90.07654,29.9686],[-90.07679,29.96882],[-90.07613,29.96847],[-90.0759,29.96869],[-90.07603,29.96841],[-90.0757,29.96823],[-90.07488,29.96875],[-90.07542,29.96799],[-90.0743,29.96714],[-90.07476,29.9675],[-90.07405,29.96831],[-90.07457,29.96757],[-90.07377,29.96817],[-90.07462,29.96744],[-90.07335,29.96648],[-90.07385,29.96665],[-90.07441,29.96603],[-90.07382,29.96569],[-90.07318,29.96635],[-90.07261,29.96596],[-90.07296,29.96617],[-90.07352,29.96577],[-90.07328,29.96573],[-90.07341,29.96531],[-90.07276,29.9651],[-90.07312,29.96471],[-90.073,29.96495],[-90.0738,29.96514],[-90.07452,29.96588],[-90.07481,29.96561],[-90.07317,29.96466],[-90.07333,29.96447],[-90.0741,29.96494],[-90.07341,29.96437],[-90.0742,29.96352],[-90.07856,29.966],[-90.07776,29.96719],[-90.07885,29.96615],[-90.07953,29.96658],[-90.07881,29.96627],[-90.07851,29.96665],[-90.07909,29.96704],[-90.07955,29.96667],[-90.0793,29.96719],[-90.08015,29.96748]],[[-90.081,29.97207],[-90.08072,29.97225],[-90.08104,29.97187],[-90.08024,29.97144],[-90.07952,29.97206],[-90.08073,29.97287],[-90.08142,29.97211],[-90.081,29.97207]],[[-90.07985,29.97141],[-90.07999,29.97112],[-90.07912,29.97053],[-90.07837,29.97127],[-90.07941,29.972],[-90.07985,29.97141]],[[-90.07579,29.96452],[-90.07497,29.96409],[-90.07428,29.96485],[-90.07505,29.96535],[-90.07579,29.96452]],[[-90.07619,29.96591],[-90.07679,29.96651],[-90.07756,29.96552],[-90.07688,29.96512],[-90.07672,29.96571],[-90.07619,29.96591]],[[-90.07604,29.96573],[-90.07668,29.96502],[-90.07594,29.9646],[-90.07517,29.96542],[-90.07587,29.96591],[-90.07604,29.96573]],[[-90.07504,29.96687],[-90.07531,29.96663],[-90.07461,29.96624],[-90.07392,29.96684],[-90.07464,29.96732],[-90.07504,29.96687]],[[-90.07465,29.96427],[-90.07486,29.96398],[-90.07428,29.96365],[-90.07367,29.96437],[-90.07413,29.96475],[-90.07465,29.96427]],[[-90.07962,29.96806],[-90.07949,29.96788],[-90.07988,29.9677],[-90.07925,29.96729],[-90.07862,29.96775],[-90.07941,29.96832],[-90.07962,29.96806]],[[-90.08596,29.97113],[-90.08533,29.97068],[-90.08483,29.97133],[-90.08543,29.97177],[-90.08596,29.97113]],[[-90.08201,29.96879],[-90.08207,29.96841],[-90.08171,29.96849],[-90.08192,29.96799],[-90.08098,29.96847],[-90.08156,29.96848],[-90.08131,29.96872],[-90.08172,29.96925],[-90.08201,29.96879]],[[-90.07682,29.96789],[-90.07673,29.96764],[-90.07644,29.96783],[-90.07634,29.96736],[-90.07633,29.96783],[-90.07592,29.96776],[-90.07578,29.96809],[-90.07644,29.96855],[-90.07682,29.96789]],[[-90.08083,29.97129],[-90.08139,29.97185],[-90.08159,29.9715],[-90.08138,29.97137],[-90.08171,29.97168],[-90.08193,29.97148],[-90.08154,29.97133],[-90.08184,29.9713],[-90.08172,29.97096],[-90.08098,29.97126],[-90.08052,29.97102],[-90.08038,29.97121],[-90.08083,29.97129]],[[-90.07581,29.96753],[-90.07598,29.96722],[-90.07563,29.96684],[-90.07538,29.96699],[-90.07547,29.96676],[-90.07546,29.96722],[-90.0748,29.96739],[-90.07554,29.96791],[-90.07581,29.96753]],[[-90.08047,29.96811],[-90.08002,29.96792],[-90.08002,29.96825],[-90.07956,29.9684],[-90.08025,29.96881],[-90.08033,29.96846],[-90.08073,29.96841],[-90.08047,29.96811]],[[-90.07938,29.96971],[-90.0789,29.9692],[-90.07855,29.9696],[-90.07898,29.96975],[-90.07848,29.96961],[-90.07836,29.96984],[-90.07906,29.97029],[-90.07916,29.96965],[-90.07938,29.96971]],[[-90.07857,29.96685],[-90.07796,29.96724],[-90.07851,29.96767],[-90.07901,29.96715],[-90.07857,29.96685]],[[-90.07882,29.96891],[-90.0786,29.96872],[-90.07889,29.96889],[-90.07922,29.96852],[-90.07835,29.96817],[-90.07817,29.9685],[-90.07882,29.96891]],[[-90.08444,29.97053],[-90.08445,29.97011],[-90.0839,29.97],[-90.0837,29.97039],[-90.0841,29.97095],[-90.08435,29.97098],[-90.08444,29.97053]],[[-90.09047,29.97466],[-90.09066,29.97415],[-90.09039,29.97399],[-90.08976,29.97463],[-90.09032,29.97503],[-90.09047,29.97466]],[[-90.08523,29.97256],[-90.08495,29.97252],[-90.08478,29.97299],[-90.08543,29.97331],[-90.08576,29.97291],[-90.08523,29.97256]],[[-90.08734,29.97262],[-90.08735,29.97215],[-90.08676,29.97195],[-90.08668,29.97258],[-90.08734,29.97262]],[[-90.08067,29.97042],[-90.08032,29.97049],[-90.08019,29.97017],[-90.08025,29.97047],[-90.08,29.97047],[-90.07983,29.97013],[-90.07951,29.97036],[-90.08022,29.97105],[-90.08067,29.97042]],[[-90.08846,29.97342],[-90.08906,29.97314],[-90.08848,29.97273],[-90.08811,29.97319],[-90.08846,29.97342]],[[-90.07709,29.96667],[-90.07761,29.9668],[-90.07802,29.96648],[-90.07744,29.9661],[-90.07709,29.96667]],[[-90.08449,29.97207],[-90.08415,29.9719],[-90.08387,29.97222],[-90.08449,29.97267],[-90.08476,29.97243],[-90.08449,29.97207]],[[-90.08652,29.97305],[-90.0868,29.97324],[-90.08706,29.97296],[-90.0863,29.97249],[-90.0861,29.97278],[-90.08652,29.97305]],[[-90.07822,29.96602],[-90.07799,29.96576],[-90.07805,29.96617],[-90.07773,29.96603],[-90.07795,29.9658],[-90.07774,29.96566],[-90.07746,29.96595],[-90.07805,29.96643],[-90.07845,29.96607],[-90.07822,29.96602]],[[-90.08478,29.9715],[-90.08442,29.97167],[-90.08514,29.97209],[-90.08534,29.97185],[-90.08478,29.9715]],[[-90.08444,29.97131],[-90.08349,29.97084],[-90.08421,29.97151],[-90.08444,29.97131]],[[-90.07512,29.96602],[-90.0749,29.96577],[-90.07478,29.96598],[-90.07531,29.96643],[-90.07564,29.96618],[-90.07512,29.96602]],[[-90.08964,29.97482],[-90.08947,29.97496],[-90.09023,29.97553],[-90.09032,29.97517],[-90.0896,29.97504],[-90.08964,29.97482]],[[-90.08845,29.97232],[-90.08882,29.97203],[-90.08843,29.97193],[-90.08855,29.97176],[-90.08803,29.97209],[-90.08845,29.97232]],[[-90.07597,29.96657],[-90.07584,29.96631],[-90.0757,29.96665],[-90.07615,29.96699],[-90.07627,29.96661],[-90.07597,29.96657]],[[-90.09016,29.97294],[-90.09034,29.97277],[-90.09001,29.97267],[-90.08978,29.9732],[-90.0901,29.97325],[-90.09016,29.97294]],[[-90.08415,29.97157],[-90.08422,29.97178],[-90.08509,29.97227],[-90.08415,29.97157]],[[-90.07964,29.96883],[-90.07933,29.96866],[-90.07904,29.96898],[-90.07937,29.96914],[-90.07964,29.96883]],[[-90.07907,29.96817],[-90.07809,29.96761],[-90.07961,29.96865],[-90.07907,29.96817]],[[-90.0858,29.97242],[-90.08595,29.97267],[-90.08612,29.9724],[-90.08575,29.97217],[-90.08546,29.97233],[-90.0858,29.97242]],[[-90.08731,29.97293],[-90.08763,29.9732],[-90.08798,29.97291],[-90.08751,29.97271],[-90.08731,29.97293]],[[-90.09075,29.97385],[-90.09086,29.97347],[-90.09041,29.97382],[-90.09075,29.97385]],[[-90.07791,29.96791],[-90.07771,29.96806],[-90.07806,29.96831],[-90.07821,29.96796],[-90.07791,29.96791]],[[-90.08761,29.97346],[-90.08714,29.97318],[-90.08735,29.97362],[-90.08761,29.97346]],[[-90.07686,29.96724],[-90.07695,29.96751],[-90.07723,29.96733],[-90.07686,29.96724]],[[-90.08893,29.97235],[-90.08881,29.97266],[-90.08932,29.97278],[-90.08893,29.97235]],[[-90.08189,29.97045],[-90.08181,29.97063],[-90.08254,29.97078],[-90.08189,29.97045]],[[-90.08468,29.97101],[-90.08452,29.9708],[-90.08438,29.97095],[-90.08468,29.97101]],[[-90.08743,29.97387],[-90.08819,29.9744],[-90.08826,29.97438],[-90.08743,29.97387]],[[-90.08257,29.96907],[-90.0827,29.96944],[-90.08285,29.96924],[-90.08257,29.96907]],[[-90.08802,29.97251],[-90.08804,29.97282],[-90.08822,29.97265],[-90.08802,29.97251]],[[-90.08861,29.97424],[-90.08876,29.97455],[-90.08889,29.97436],[-90.08861,29.97424]],[[-90.08278,29.97093],[-90.08268,29.97089],[-90.0824,29.9713],[-90.08278,29.97093]],[[-90.08112,29.96855],[-90.08084,29.96866],[-90.08114,29.96877],[-90.08112,29.96855]],[[-90.07494,29.96549],[-90.07419,29.96499],[-90.07449,29.96526],[-90.07494,29.96549]],[[-90.08115,29.97099],[-90.08132,29.97081],[-90.08106,29.97085],[-90.08115,29.97099]],[[-90.0862,29.97305],[-90.08656,29.97326],[-90.08604,29.97286],[-90.0862,29.97305]],[[-90.0799,29.96991],[-90.07974,29.97002],[-90.07988,29.9701],[-90.0799,29.96991]],[[-90.08872,29.97468],[-90.08868,29.97474],[-90.08916,29.97501],[-90.08872,29.97468]],[[-90.09019,29.97351],[-90.09042,29.97356],[-90.09021,29.97335],[-90.09019,29.97351]],[[-90.07759,29.96778],[-90.07762,29.96757],[-90.07736,29.9678],[-90.07759,29.96778]],[[-90.08164,29.9679],[-90.08141,29.96791],[-90.08152,29.96804],[-90.08164,29.9679]],[[-90.0832,29.97041],[-90.08313,29.97039],[-90.08293,29.97067],[-90.0832,29.97041]],[[-90.08954,29.9743],[-90.08966,29.97417],[-90.08945,29.97419],[-90.08954,29.9743]],[[-90.08719,29.97297],[-90.08747,29.9726],[-90.08711,29.97296],[-90.08719,29.97297]],[[-90.08567,29.97264],[-90.08539,29.97242],[-90.08532,29.97248],[-90.08567,29.97264]],[[-90.082,29.96981],[-90.08185,29.96973],[-90.08195,29.9699],[-90.082,29.96981]],[[-90.07643,29.96694],[-90.07633,29.96689],[-90.07621,29.96706],[-90.07643,29.96694]],[[-90.08492,29.97049],[-90.0847,29.97056],[-90.08487,29.9706],[-90.08492,29.97049]],[[-90.08915,29.97226],[-90.08907,29.97239],[-90.08929,29.97239],[-90.08915,29.97226]],[[-90.08949,29.97245],[-90.08939,29.97233],[-90.08936,29.97245],[-90.08949,29.97245]],[[-90.08715,29.97361],[-90.08687,29.97346],[-90.08707,29.97365],[-90.08715,29.97361]],[[-90.08852,29.97452],[-90.08841,29.97458],[-90.08867,29.97464],[-90.08852,29.97452]],[[-90.08759,29.97235],[-90.08756,29.97211],[-90.08747,29.97228],[-90.08759,29.97235]],[[-90.07369,29.9656],[-90.07344,29.96561],[-90.0736,29.96571],[-90.07369,29.9656]],[[-90.08343,29.97079],[-90.08325,29.97074],[-90.08334,29.97093],[-90.08343,29.97079]],[[-90.08893,29.97461],[-90.08919,29.97463],[-90.08906,29.97451],[-90.08893,29.97461]],[[-90.07573,29.9668],[-90.07573,29.96686],[-90.07601,29.96703],[-90.07573,29.9668]],[[-90.0831,29.97314],[-90.08279,29.97294],[-90.08295,29.9731],[-90.0831,29.97314]]]},"properties":{"FLD_ZONE":"AE","ZONE_SUBTY":null}},{"type":"Feature","geometry":{"type":"Polygon","coordinates":[[[-90.01322,30.00324],[-90.01308,30.00299],[-90.01293,30.00248],[-90.01322,30.00324]]]},"properties":{"FLD_ZONE":"AE","ZONE_SUBTY":null}},{"type":"Feature","geometry":{"type":"Polygon","coordinates":[[[-89.93024,30.00131],[-89.93028,30.002],[-89.93001,30.0003],[-89.93024,30.00131]]]},"properties":{"FLD_ZONE":"AE","ZONE_SUBTY":null}},{"type":"Feature","geometry":{"type":"Polygon","coordinates":[[[-89.97586,30.00803],[-89.97583,30.00751],[-89.97592,30.00839],[-89.97586,30.00803]]]},"properties":{"FLD_ZONE":"AE","ZONE_SUBTY":null}},{"type":"Feature","geometry":{"type":"Polygon","coordinates":[[[-89.98231,29.94732],[-89.98249,29.94725],[-89.98236,29.94751],[-89.98231,29.94732]]]},"properties":{"FLD_ZONE":"AE","ZONE_SUBTY":null}},{"type":"Feature","geometry":{"type":"Polygon","coordinates":[[[-89.98763,30.00817],[-89.98775,30.00835],[-89.98754,30.00834],[-89.98763,30.00817]]]},"properties":{"FLD_ZONE":"AE","ZONE_SUBTY":null}},{"type":"Feature","geometry":{"type":"Polygon","coordinates":[[[-89.93781,29.94025],[-89.93754,29.94003],[-89.93795,29.93929],[-89.93864,29.93923],[-89.9379,29.93944],[-89.93777,29.94006],[-89.93813,29.94017],[-89.93781,29.94025]]]},"properties":{"FLD_ZONE":"AE","ZONE_SUBTY":null}},{"type":"Feature","geometry":{"type":"Polygon","coordinates":[[[-90.00587,29.95547],[-90.00596,29.95519],[-90.00615,29.95534],[-90.00587,29.95547]]]},"properties":{"FLD_ZONE":"AE","ZONE_SUBTY":null}},{"type":"Feature","geometry":{"type":"Polygon","coordinates":[[[-89.92134,29.89616],[-89.92135,29.89609],[-89.92185,29.8958],[-89.92134,29.89616]]]},"properties":{"FLD_ZONE":"AE","ZONE_SUBTY":null}},{"type":"Feature","geometry":{"type":"Polygon","coordinates":[[[-89.89678,29.9081],[-89.89692,29.90792],[-89.89687,29.90809],[-89.89678,29.9081]]]},"properties":{"FLD_ZONE":"AE","ZONE_SUBTY":null}},{"type":"Feature","geometry":{"type":"Polygon","coordinates":[[[-89.97021,30.04109],[-89.97192,30.04025],[-89.97182,30.04005],[-89.97205,30.04038],[-89.96941,30.04203],[-89.96895,30.04186],[-89.97021,30.04109]],[[-89.96967,30.04177],[-89.96948,30.04172],[-89.96953,30.04186],[-89.96967,30.04177]]]},"properties":{"FLD_ZONE":"AE","ZONE_SUBTY":null}},{"type":"Feature","geometry":{"type":"Polygon","coordinates":[[[-90.10762,29.95833],[-90.10736,29.95814],[-90.10725,29.95863],[-90.10781,29.95836],[-90.10818,29.95867],[-90.10844,29.95825],[-90.10799,29.95835],[-90.10846,29.95809],[-90.10864,29.95842],[-90.10844,29.95832],[-90.10802,29.95911],[-90.10829,29.95933],[-90.1083,29.95898],[-90.10872,29.95896],[-90.10837,29.95941],[-90.10909,29.95963],[-90.10877,29.95973],[-90.10893,29.95987],[-90.10952,29.95919],[-90.10877,29.9588],[-90.10877,29.95843],[-90.10925,29.95835],[-90.10906,29.95863],[-90.10961,29.95905],[-90.10998,29.95871],[-90.10976,29.95915],[-90.11021,29.95957],[-90.10959,29.95932],[-90.10904,29.95993],[-90.1092,29.9601],[-90.10895,29.96003],[-90.10803,29.96114],[-90.10818,29.9613],[-90.10767,29.96137],[-90.10759,29.96081],[-90.10792,29.96108],[-90.10887,29.95994],[-90.10818,29.95953],[-90.10783,29.9603],[-90.10757,29.96015],[-90.10791,29.96068],[-90.10734,29.96063],[-90.10715,29.96102],[-90.10747,29.96094],[-90.10718,29.9611],[-90.10673,29.96064],[-90.10692,29.96013],[-90.10736,29.96004],[-90.10736,29.95967],[-90.10635,29.96007],[-90.10645,29.95968],[-90.10597,29.95959],[-90.10617,29.95975],[-90.10578,29.96044],[-90.10584,29.96014],[-90.1055,29.96004],[-90.10569,29.95959],[-90.10528,29.95974],[-90.10542,29.96002],[-90.10488,29.95956],[-90.1044,29.9579],[-90.10524,29.95714],[-90.10506,29.95758],[-90.10596,29.95811],[-90.10642,29.9579],[-90.10624,29.95731],[-90.10734,29.95736],[-90.10795,29.95777],[-90.10808,29.95748],[-90.10682,29.95695],[-90.10818,29.9575],[-90.10805,29.95806],[-90.10788,29.95791],[-90.10762,29.95833]],[[-90.10479,29.9583],[-90.10512,29.95857],[-90.1056,29.95812],[-90.10505,29.95784],[-90.10479,29.9583]],[[-90.10689,29.9583],[-90.10726,29.95801],[-90.10694,29.9579],[-90.10689,29.9583]],[[-90.10763,29.95801],[-90.10779,29.95782],[-90.10747,29.95777],[-90.10763,29.95801]],[[-90.10811,29.95868],[-90.10774,29.95871],[-90.10807,29.95887],[-90.10811,29.95868]],[[-90.10761,29.95998],[-90.10769,29.95964],[-90.10751,29.95995],[-90.10761,29.95998]],[[-90.10762,29.95964],[-90.10748,29.95945],[-90.10737,29.95964],[-90.10762,29.95964]],[[-90.10627,29.9587],[-90.10648,29.95862],[-90.10618,29.95858],[-90.10627,29.9587]],[[-90.10756,29.95914],[-90.10742,29.95894],[-90.1073,29.95914],[-90.10756,29.95914]],[[-90.10816,29.95945],[-90.10801,29.95926],[-90.10791,29.95936],[-90.10816,29.95945]],[[-90.10568,29.9585],[-90.10566,29.95836],[-90.10551,29.9586],[-90.10568,29.9585]],[[-90.10677,29.95873],[-90.10655,29.95878],[-90.10658,29.95893],[-90.10677,29.95873]],[[-90.10553,29.95931],[-90.10547,29.95953],[-90.10566,29.95929],[-90.10553,29.95931]],[[-90.10711,29.96035],[-90.10706,29.96051],[-90.1072,29.96041],[-90.10711,29.96035]],[[-90.10699,29.95951],[-90.10702,29.95938],[-90.10682,29.95956],[-90.10699,29.95951]],[[-90.10652,29.95944],[-90.10671,29.95932],[-90.10662,29.95925],[-90.10652,29.95944]]]},"properties":{"FLD_ZONE":"AE","ZONE_SUBTY":null}},{"type":"Feature","geometry":{"type":"Polygon","coordinates":[[[-90.119,30.00078],[-90.11872,30.00332],[-90.11831,30.00329],[-90.11876,30.00322],[-90.11881,30.00253],[-90.1177,30.00238],[-90.11882,30.0024],[-90.11849,30.00208],[-90.11886,30.0017],[-90.11826,30.00169],[-90.11791,30.00207],[-90.11783,30.00166],[-90.11613,30.00181],[-90.11633,30.00143],[-90.11725,30.00149],[-90.11732,30.00105],[-90.11751,30.00147],[-90.11793,30.00115],[-90.1181,30.00151],[-90.11889,30.00156],[-90.11887,30.00117],[-90.11844,30.00134],[-90.1188,30.00093],[-90.11813,30.00109],[-90.11809,30.00086],[-90.11635,30.00065],[-90.11616,30.00135],[-90.11626,30.00009],[-90.1163,30.00061],[-90.11677,30.00059],[-90.11682,30.00028],[-90.11704,30.00062],[-90.11834,30.00069],[-90.11849,30.00047],[-90.11888,30.0007],[-90.119,30.00027],[-90.119,30.00078]]]},"properties":{"FLD_ZONE":"AE","ZONE_SUBTY":null}},{"type":"Feature","geometry":{"type":"Polygon","coordinates":[[[-90.09444,29.92574],[-90.09392,29.92583],[-90.09404,29.92558],[-90.09444,29.92574]]]},"properties":{"FLD_ZONE":"AE","ZONE_SUBTY":null}},{"type":"Feature","geometry":{"type":"Polygon","coordinates":[[[-90.02391,30.01793],[-90.02309,30.01817],[-90.02204,30.01835],[-90.02391,30.01793]]]},"properties":{"FLD_ZONE":"AE","ZONE_SUBTY":null}},{"type":"Feature","geometry":{"type":"Polygon","coordinates":[[[-89.93402,30.03304],[-89.93386,30.0329],[-89.93396,30.03262],[-89.93402,30.03304]]]},"properties":{"FLD_ZONE":"AE","ZONE_SUBTY":null}},{"type":"Feature","geometry":{"type":"Polygon","coordinates":[[[-90.00507,29.97076],[-90.00489,29.97063],[-90.00545,29.97057],[-90.00533,29.9709],[-90.00507,29.97076]]]},"properties":{"FLD_ZONE":"AE","ZONE_SUBTY":null}},{"type":"Feature","geometry":{"type":"Polygon","coordinates":[[[-89.98261,29.954],[-89.98304,29.95418],[-89.9826,29.95403],[-89.98261,29.954]]]},"properties":{"FLD_ZONE":"AE","ZONE_SUBTY":null}},{"type":"Feature","geometry":{"type":"Polygon","coordinates":[[[-89.92122,29.90303],[-89.92086,29.90324],[-89.92136,29.90283],[-89.92122,29.90303]]]},"properties":{"FLD_ZONE":"AE","ZONE_SUBTY":null}},{"type":"Feature","geometry":{"type":"Polygon","coordinates":[[[-90.00939,29.93486],[-90.00908,29.93496],[-90.00899,29.93465],[-90.00939,29.93486]]]},"properties":{"FLD_ZONE":"AE","ZONE_SUBTY":null}},{"type":"Feature","geometry":{"type":"Polygon","coordinates":[[[-89.9918,29.97157],[-89.97614,29.96583],[-89.97569,29.96648],[-89.97486,29.96613],[-89.97505,29.9655],[-89.97452,29.96524],[-89.9639,29.96144],[-89.96321,29.96092],[-89.96058,29.96044],[-89.95795,29.9559],[-89.95756,29.95569],[-89.95822,29.95602],[-89.96073,29.96021],[-89.9641,29.96072],[-89.96536,29.95785],[-89.97159,29.94663],[-89.96544,29.95812],[-89.96435,29.96093],[-89.96841,29.96249],[-89.9731,29.9537],[-89.97412,29.95299],[-89.97501,29.95172],[-89.97435,29.95316],[-89.97328,29.95398],[-89.96877,29.96259],[-89.97443,29.96469],[-89.98132,29.95232],[-89.976,29.95018],[-89.97513,29.95175],[-89.97487,29.95165],[-89.97576,29.95003],[-89.97242,29.94869],[-89.98136,29.95212],[-89.98395,29.94718],[-89.98386,29.94751],[-89.98408,29.94743],[-89.98166,29.95211],[-89.98307,29.95272],[-89.98664,29.9464],[-89.98326,29.95282],[-89.98628,29.95406],[-89.98747,29.95196],[-89.98647,29.95413],[-89.9885,29.95511],[-89.98154,29.9523],[-89.98183,29.95246],[-89.98159,29.95237],[-89.98121,29.95289],[-89.97477,29.96487],[-89.98413,29.96819],[-89.98996,29.95794],[-89.98448,29.96845],[-89.99061,29.97074],[-89.99618,29.96045],[-89.99078,29.97081],[-89.9927,29.97158],[-89.99487,29.96978],[-89.99596,29.96961],[-89.99768,29.9664],[-89.99603,29.96983],[-89.99501,29.97],[-89.99278,29.97186],[-89.9918,29.97157]]]},"properties":{"FLD_ZONE":"AE","ZONE_SUBTY":null}},{"type":"Feature","geometry":{"type":"Polygon","coordinates":[[[-90.01941,29.91532],[-90.01901,29.91518],[-90.01944,29.91511],[-90.01941,29.91532]]]},"properties":{"FLD_ZONE":"AE","ZONE_SUBTY":null}},{"type":"Feature","geometry":{"type":"Polygon","coordinates":[[[-89.95932,29.90762],[-89.95896,29.90711],[-89.95922,29.90665],[-89.95964,29.90775],[-89.95932,29.90762]]]},"properties":{"FLD_ZONE":"AE","ZONE_SUBTY":null}},{"type":"Feature","geometry":{"type":"Polygon","coordinates":[[[-89.87484,29.8774],[-89.8748,29.87702],[-89.87511,29.87694],[-89.87484,29.8774]]]},"properties":{"FLD_ZONE":"AE","ZONE_SUBTY":null}},{"type":"Feature","geometry":{"type":"Polygon","coordinates":[[[-90.12571,29.89375],[-90.12567,29.89357],[-90.12675,29.89369],[-90.12571,29.89375]]]},"properties":{"FLD_ZONE":"AE","ZONE_SUBTY":null}},{"type":"Feature","geometry":{"type":"Polygon","coordinates":[[[-89.96759,30.01251],[-89.96764,30.01303],[-89.96765,30.01242],[-89.96759,30.01251]]]},"properties":{"FLD_ZONE":"AE","ZONE_SUBTY":null}},{"type":"Feature","geometry":{"type":"Polygon","coordinates":[[[-89.92629,29.89958],[-89.92556,29.9001],[-89.92585,29.89984],[-89.92629,29.89958]]]},"properties":{"FLD_ZONE":"AE","ZONE_SUBTY":null}},{"type":"Feature","geometry":{"type":"Polygon","coordinates":[[[-90.02918,29.92239],[-90.02972,29.92186],[-90.02972,29.92204],[-90.02918,29.92239]]]},"properties":{"FLD_ZONE":"AE","ZONE_SUBTY":null}},{"type":"Feature","geometry":{"type":"Polygon","coordinates":[[[-89.88018,30.03151],[-89.88032,30.03137],[-89.88031,30.03151],[-89.88018,30.03151]]]},"properties":{"FLD_ZONE":"AE","ZONE_SUBTY":null}},{"type":"Feature","geometry":{"type":"Polygon","coordinates":[[[-89.89635,30.03765],[-89.89618,30.03693],[-89.89704,30.03615],[-89.89623,30.037],[-89.89635,30.03765]]]},"properties":{"FLD_ZONE":"AE","ZONE_SUBTY":null}},{"type":"Feature","geometry":{"type":"Polygon","coordinates":[[[-89.87402,30.03284],[-89.87419,30.03276],[-89.87409,30.03297],[-89.87402,30.03284]]]},"properties":{"FLD_ZONE":"AE","ZONE_SUBTY":null}},{"type":"Feature","geometry":{"type":"Polygon","coordinates":[[[-89.89062,30.04874],[-89.89006,30.04894],[-89.89085,30.04877],[-89.89062,30.04874]]]},"properties":{"FLD_ZONE":"AE","ZONE_SUBTY":null}},{"type":"Feature","geometry":{"type":"Polygon","coordinates":[[[-90.00557,29.87103],[-90.00609,29.87066],[-90.00597,29.87112],[-90.00557,29.87103]]]},"properties":{"FLD_ZONE":"AE","ZONE_SUBTY":null}},{"type":"Feature","geometry":{"type":"Polygon","coordinates":[[[-90.10732,30.02654],[-90.10711,30.03051],[-90.10447,30.03023],[-90.10352,30.0308],[-90.10342,30.02658],[-90.10521,30.02631],[-90.10732,30.02654]]]},"properties":{"FLD_ZONE":"VE","ZONE_SUBTY":null}},{"type":"Feature","geometry":{"type":"Polygon","coordinates":[[[-90.12895,29.96603],[-90.12877,29.96606],[-90.12846,29.9659],[-90.12895,29.96603]]]},"properties":{"FLD_ZONE":"AE","ZONE_SUBTY":null}},{"type":"Feature","geometry":{"type":"Polygon","coordinates":[[[-90.13397,29.90517],[-90.13366,29.90446],[-90.13327,29.90467],[-90.13284,29.90315],[-90.13241,29.9043],[-90.13206,29.9042],[-90.13256,29.903],[-90.13202,29.90281],[-90.13119,29.90473],[-90.13177,29.90503],[-90.13103,29.9048],[-90.13172,29.9027],[-90.13525,29.90399],[-90.13445,29.90547],[-90.13427,29.90562],[-90.13397,29.90517]]]},"properties":{"FLD_ZONE":"AE","ZONE_SUBTY":null}},{"type":"Feature","geometry":{"type":"Polygon","coordinates":[[[-90.10982,29.89918],[-90.10933,29.89909],[-90.10927,29.89566],[-90.10898,29.89476],[-90.10963,29.89421],[-90.11017,29.89433],[-90.1102,29.8987],[-90.10985,29.8988],[-90.10982,29.89918]]]},"properties":{"FLD_ZONE":"AE","ZONE_SUBTY":null}},{"type":"Feature","geometry":{"type":"Polygon","coordinates":[[[-89.99036,29.98647],[-89.99047,29.98607],[-89.99048,29.98629],[-89.99036,29.98647]]]},"properties":{"FLD_ZONE":"AE","ZONE_SUBTY":null}},{"type":"Feature","geometry":{"type":"Polygon","coordinates":[[[-89.97263,30.00881],[-89.97273,30.00893],[-89.97241,30.00887],[-89.97263,30.00881]]]},"properties":{"FLD_ZONE":"AE","ZONE_SUBTY":null}},{"type":"Feature","geometry":{"type":"Polygon","coordinates":[[[-90.03564,29.93504],[-90.03576,29.93533],[-90.03533,29.93512],[-90.03564,29.93504]]]},"properties":{"FLD_ZONE":"AE","ZONE_SUBTY":null}},{"type":"Feature","geometry":{"type":"Polygon","coordinates":[[[-89.98943,29.95916],[-89.99003,29.95807],[-89.98993,29.95872],[-89.98943,29.95916]]]},"properties":{"FLD_ZONE":"AE","ZONE_SUBTY":null}},{"type":"Feature","geometry":{"type":"Polygon","coordinates":[[[-89.984,29.90382],[-89.98428,29.90378],[-89.98419,29.90387],[-89.984,29.90382]]]},"properties":{"FLD_ZONE":"AE","ZONE_SUBTY":null}},{"type":"Feature","geometry":{"type":"Polygon","coordinates":[[[-90.04179,29.89937],[-90.0398,29.89814],[-90.04094,29.89898],[-90.04034,29.89838],[-90.04057,29.89814],[-90.04086,29.89861],[-90.0409,29.898],[-90.04046,29.89793],[-90.04053,29.89763],[-90.04072,29.89791],[-90.04096,29.89756],[-90.04097,29.89816],[-90.04165,29.89799],[-90.04172,29.89822],[-90.04174,29.89714],[-90.04203,29.89709],[-90.04243,29.89758],[-90.04183,29.8979],[-90.04179,29.89937]],[[-90.04127,29.8985],[-90.04158,29.89826],[-90.04096,29.89823],[-90.04127,29.8985]]]},"properties":{"FLD_ZONE":"AE","ZONE_SUBTY":null}},{"type":"Feature","geometry":{"type":"Polygon","coordinates":[[[-90.00273,29.87716],[-90.00308,29.87713],[-90.00222,29.87822],[-90.00273,29.87716]]]},"properties":{"FLD_ZONE":"AE","ZONE_SUBTY":null}},{"type":"Feature","geometry":{"type":"Polygon","coordinates":[[[-89.95114,30.04915],[-89.95084,30.04913],[-89.95101,30.04897],[-89.95216,30.04839],[-89.95114,30.04915]]]},"properties":{"FLD_ZONE":"AE","ZONE_SUBTY":null}},{"type":"Feature","geometry":{"type":"Polygon","coordinates":[[[-89.88644,29.87052],[-89.88554,29.87257],[-89.88546,29.87261],[-89.88644,29.87052]]]},"properties":{"FLD_ZONE":"AE","ZONE_SUBTY":null}},{"type":"Feature","geometry":{"type":"Polygon","coordinates":[[[-90.09334,29.97573],[-90.09377,29.97608],[-90.09413,29.97598],[-90.09397,29.9762],[-90.09419,29.97602],[-90.09403,29.97624],[-90.09439,29.97618],[-90.09426,29.97643],[-90.09504,29.97695],[-90.09525,29.97678],[-90.09518,29.97705],[-90.09586,29.97755],[-90.09507,29.97711],[-90.09416,29.97811],[-90.09425,29.97835],[-90.09156,29.97669],[-90.09151,29.97641],[-90.09406,29.9781],[-90.09437,29.97765],[-90.09413,29.97742],[-90.095,29.97704],[-90.09414,29.97654],[-90.09424,29.97693],[-90.09365,29.97709],[-90.09395,29.97735],[-90.09341,29.9773],[-90.09403,29.97639],[-90.09262,29.97546],[-90.09292,29.97512],[-90.09275,29.97538],[-90.09334,29.97573]]]},"properties":{"FLD_ZONE":"AE","ZONE_SUBTY":null}},{"type":"Feature","geometry":{"type":"Polygon","coordinates":[[[-90.11412,29.99601],[-90.11355,29.99612],[-90.11245,29.99591],[-90.11412,29.99601]]]},"properties":{"FLD_ZONE":"AE","ZONE_SUBTY":null}},{"type":"Feature","geometry":{"type":"MultiPolygon","coordinates":[[[[-90.09816,29.96561],[-90.09801,29.96534],[-90.09752,29.96588],[-90.09752,29.9643],[-90.09843,29.96446],[-90.0983,29.96421],[-90.09752,29.96425],[-90.09752,29.96289],[-90.09802,29.96292],[-90.09808,29.96319],[-90.09833,29.9629],[-90.09752,29.96269],[-90.09752,29.96177],[-90.09823,29.96167],[-90.09807,29.96201],[-90.09951,29.96281],[-90.09907,29.96278],[-90.09848,29.96331],[-90.09858,29.96381],[-90.09901,29.96397],[-90.09977,29.96295],[-90.1,29.96308],[-90.09844,29.96488],[-90.09887,29.96501],[-90.10035,29.96352],[-90.09898,29.96518],[-90.09907,29.96543],[-90.09963,29.96569],[-90.10075,29.96451],[-90.10063,29.96475],[-90.10131,29.96515],[-90.10055,29.96485],[-90.10015,29.96527],[-90.0999,29.96566],[-90.10043,29.9661],[-90.10099,29.96582],[-90.10076,29.96625],[-90.10145,29.96659],[-90.10167,29.96641],[-90.10243,29.96702],[-90.10327,29.96612],[-90.10368,29.96618],[-90.10392,29.96634],[-90.10337,29.96614],[-90.10258,29.96707],[-90.10346,29.96752],[-90.1041,29.96688],[-90.10364,29.96755],[-90.10406,29.96781],[-90.10125,29.96664],[-90.10313,29.96758],[-90.10228,29.96738],[-90.10311,29.96795],[-90.10333,29.9677],[-90.10369,29.96787],[-90.1031,29.96797],[-90.10349,29.96822],[-90.10313,29.96808],[-90.10202,29.96924],[-90.10304,29.96802],[-90.10223,29.96746],[-90.10182,29.9678],[-90.10169,29.96833],[-90.10088,29.96899],[-90.10166,29.96957],[-90.10211,29.96922],[-90.10175,29.96961],[-90.10194,29.96976],[-90.10165,29.96972],[-90.10107,29.9705],[-90.10191,29.97095],[-90.10254,29.97029],[-90.10222,29.97004],[-90.10262,29.9702],[-90.10313,29.96972],[-90.10271,29.97028],[-90.10341,29.97067],[-90.10373,29.97049],[-90.10356,29.97017],[-90.10424,29.97064],[-90.10441,29.97038],[-90.10385,29.96976],[-90.10479,29.97026],[-90.10538,29.96964],[-90.10469,29.96904],[-90.10562,29.96947],[-90.1056,29.96923],[-90.10618,29.96907],[-90.10603,29.96892],[-90.10621,29.96919],[-90.10572,29.96973],[-90.10669,29.96912],[-90.10878,29.97014],[-90.1079,29.97115],[-90.10859,29.97161],[-90.10887,29.97141],[-90.10869,29.97169],[-90.10903,29.97141],[-90.10878,29.97175],[-90.10961,29.97248],[-90.10898,29.9732],[-90.10958,29.97373],[-90.10923,29.97353],[-90.10872,29.97409],[-90.10839,29.97393],[-90.10908,29.97459],[-90.1082,29.97414],[-90.10772,29.97479],[-90.10829,29.97538],[-90.10866,29.97517],[-90.10848,29.97546],[-90.10919,29.97601],[-90.10829,29.97553],[-90.1091,29.97614],[-90.10738,29.97513],[-90.10705,29.97537],[-90.10713,29.97502],[-90.10658,29.97459],[-90.10581,29.97511],[-90.10673,29.97559],[-90.10695,29.97606],[-90.10572,29.97526],[-90.10476,29.97619],[-90.10548,29.97532],[-90.10478,29.97467],[-90.10412,29.97535],[-90.10478,29.97582],[-90.10404,29.97545],[-90.10365,29.97574],[-90.10391,29.97537],[-90.10318,29.97494],[-90.10252,29.97552],[-90.10277,29.97581],[-90.10187,29.9752],[-90.10234,29.97548],[-90.10277,29.97466],[-90.10198,29.97403],[-90.10172,29.97388],[-90.10111,29.97426],[-90.10094,29.97452],[-90.1013,29.97479],[-90.10089,29.97457],[-90.10229,29.97295],[-90.10074,29.9742],[-90.10099,29.97388],[-90.10081,29.97372],[-90.10119,29.97354],[-90.10035,29.97295],[-90.09966,29.97369],[-90.09918,29.97338],[-90.09958,29.97358],[-90.10019,29.97286],[-90.09942,29.9723],[-90.09876,29.97298],[-90.09897,29.97324],[-90.09781,29.97246],[-90.09878,29.97285],[-90.0993,29.97223],[-90.09858,29.97171],[-90.09785,29.9724],[-90.09754,29.97229],[-90.09836,29.97162],[-90.09752,29.97127],[-90.09752,29.96629],[-90.09816,29.96561]]],[[[-90.10589,29.97453],[-90.10563,29.97458],[-90.10592,29.97472],[-90.10589,29.97453]]],[[[-90.10611,29.97444],[-90.1058,29.97438],[-90.10607,29.97458],[-90.10611,29.97444]]],[[[-90.10526,29.97437],[-90.10504,29.97439],[-90.10522,29.97477],[-90.10567,29.97507],[-90.10583,29.97475],[-90.10526,29.97437]]],[[[-90.10452,29.97466],[-90.10403,29.97459],[-90.10392,29.97425],[-90.10349,29.97477],[-90.10382,29.97466],[-90.10362,29.97496],[-90.10407,29.97518],[-90.10399,29.97483],[-90.10452,29.97466]]],[[[-90.10729,29.97405],[-90.10704,29.97401],[-90.10697,29.97443],[-90.1075,29.9746],[-90.10768,29.97432],[-90.10729,29.97405]]],[[[-90.10793,29.97406],[-90.10783,29.97391],[-90.10773,29.97404],[-90.10793,29.97406]]],[[[-90.10744,29.97394],[-90.1074,29.97408],[-90.10759,29.97412],[-90.10744,29.97394]]],[[[-90.10729,29.97388],[-90.1072,29.97376],[-90.10713,29.97387],[-90.10729,29.97388]]],[[[-90.10488,29.97379],[-90.10455,29.97347],[-90.10438,29.97365],[-90.10462,29.97394],[-90.10488,29.97379]]],[[[-90.10671,29.97356],[-90.10639,29.97398],[-90.10669,29.97393],[-90.10671,29.97356]]],[[[-90.1026,29.97364],[-90.10233,29.97385],[-90.10265,29.97342],[-90.1024,29.97337],[-90.10175,29.97373],[-90.10251,29.97413],[-90.10302,29.97366],[-90.1026,29.97364]]],[[[-90.10699,29.9734],[-90.10692,29.97339],[-90.1068,29.97354],[-90.10699,29.9734]]],[[[-90.10799,29.97333],[-90.10816,29.97347],[-90.10843,29.97317],[-90.10799,29.97333]]],[[[-90.10415,29.9731],[-90.10429,29.97319],[-90.10414,29.97297],[-90.10415,29.9731]]],[[[-90.10797,29.97355],[-90.10817,29.97289],[-90.10761,29.97347],[-90.10797,29.97355]]],[[[-90.10889,29.97295],[-90.10914,29.9728],[-90.10866,29.97285],[-90.10889,29.97295]]],[[[-90.1053,29.97286],[-90.10548,29.97272],[-90.10511,29.97296],[-90.10539,29.97304],[-90.1053,29.97286]]],[[[-90.10268,29.97262],[-90.1026,29.9726],[-90.10237,29.97286],[-90.10268,29.97262]]],[[[-90.10368,29.97324],[-90.1041,29.97287],[-90.10352,29.97254],[-90.10266,29.97293],[-90.10337,29.97348],[-90.10368,29.97324]]],[[[-90.10718,29.97291],[-90.10777,29.97266],[-90.10718,29.97247],[-90.10687,29.97283],[-90.10718,29.97291]]],[[[-90.10309,29.97216],[-90.10273,29.97252],[-90.10311,29.97222],[-90.10309,29.97216]]],[[[-90.10106,29.97263],[-90.10132,29.97233],[-90.10105,29.97212],[-90.10045,29.97283],[-90.10141,29.97342],[-90.102,29.97291],[-90.1015,29.97246],[-90.10106,29.97263]]],[[[-90.1093,29.97231],[-90.10906,29.97211],[-90.10819,29.97256],[-90.10841,29.9728],[-90.10875,29.97252],[-90.10934,29.97263],[-90.10953,29.97241],[-90.1093,29.97231]]],[[[-90.1088,29.97206],[-90.1086,29.97208],[-90.1088,29.97221],[-90.1088,29.97206]]],[[[-90.10329,29.97199],[-90.10337,29.97198],[-90.10361,29.97171],[-90.10329,29.97199]]],[[[-90.10832,29.97205],[-90.10775,29.97166],[-90.10798,29.97231],[-90.10832,29.97205]]],[[[-90.10453,29.97184],[-90.10426,29.97153],[-90.10397,29.9719],[-90.1042,29.97209],[-90.10365,29.97214],[-90.10449,29.97232],[-90.10427,29.97209],[-90.10453,29.97184]]],[[[-90.10187,29.97149],[-90.10115,29.97202],[-90.10223,29.97265],[-90.10241,29.97196],[-90.10271,29.97197],[-90.10187,29.97149]]],[[[-90.10497,29.97154],[-90.10505,29.9718],[-90.10543,29.97148],[-90.10497,29.97154]]],[[[-90.10406,29.97131],[-90.10398,29.97131],[-90.10368,29.97164],[-90.10406,29.97131]]],[[[-90.10487,29.97142],[-90.105,29.97123],[-90.10467,29.97133],[-90.10487,29.97142]]],[[[-90.10395,29.97072],[-90.10409,29.97073],[-90.10407,29.97058],[-90.10395,29.97072]]],[[[-90.10475,29.97072],[-90.10468,29.97063],[-90.10412,29.97124],[-90.10475,29.97072]]],[[[-90.10153,29.97094],[-90.10114,29.97062],[-90.1009,29.9705],[-90.10153,29.97094]]],[[[-90.09897,29.97081],[-90.09833,29.97047],[-90.09776,29.97101],[-90.09845,29.97149],[-90.09897,29.97081]]],[[[-90.10325,29.97101],[-90.10284,29.971],[-90.10306,29.97065],[-90.10263,29.97034],[-90.10209,29.97097],[-90.10312,29.9717],[-90.10369,29.97127],[-90.10325,29.97101]]],[[[-90.10507,29.97041],[-90.10516,29.97027],[-90.10492,29.97043],[-90.10507,29.97041]]],[[[-90.10073,29.97059],[-90.0998,29.97023],[-90.09939,29.97079],[-90.10004,29.9714],[-90.09926,29.9709],[-90.09855,29.97158],[-90.09939,29.97212],[-90.10001,29.97156],[-90.09948,29.9722],[-90.1003,29.97273],[-90.10092,29.97203],[-90.10018,29.97138],[-90.10094,29.97188],[-90.10167,29.97121],[-90.10089,29.97063],[-90.10028,29.97124],[-90.10073,29.97059]]],[[[-90.09798,29.97033],[-90.09818,29.9702],[-90.09811,29.97014],[-90.09798,29.97033]]],[[[-90.10016,29.97013],[-90.09986,29.97013],[-90.10009,29.97029],[-90.10016,29.97013]]],[[[-90.1009,29.97047],[-90.10011,29.96996],[-90.10082,29.97046],[-90.1009,29.97047]]],[[[-90.10598,29.97018],[-90.10584,29.97025],[-90.10612,29.97043],[-90.10598,29.97018]]],[[[-90.10805,29.97011],[-90.1078,29.96978],[-90.10746,29.97001],[-90.10833,29.97044],[-90.10863,29.9701],[-90.10805,29.97011]]],[[[-90.10521,29.97018],[-90.10538,29.97013],[-90.10567,29.96979],[-90.10521,29.97018]]],[[[-90.10733,29.96985],[-90.10718,29.96974],[-90.10722,29.97001],[-90.10733,29.96985]]],[[[-90.10657,29.96979],[-90.10713,29.97011],[-90.10657,29.96973],[-90.10655,29.97025],[-90.107,29.97019],[-90.10657,29.96979]]],[[[-90.09943,29.97035],[-90.09966,29.96989],[-90.09922,29.96956],[-90.09877,29.96989],[-90.09873,29.97037],[-90.09943,29.97035]]],[[[-90.09845,29.96944],[-90.09887,29.96944],[-90.09854,29.96929],[-90.09845,29.96944]]],[[[-90.10082,29.97026],[-90.10162,29.96966],[-90.10075,29.96908],[-90.10013,29.96984],[-90.10082,29.97026]]],[[[-90.09927,29.96893],[-90.09917,29.96877],[-90.09906,29.96884],[-90.09927,29.96893]]],[[[-90.10015,29.96921],[-90.09975,29.96941],[-90.10007,29.96964],[-90.10067,29.96901],[-90.09999,29.96857],[-90.10009,29.96893],[-90.09978,29.96873],[-90.09946,29.96912],[-90.0996,29.96939],[-90.1001,29.96899],[-90.10015,29.96921]]],[[[-90.09911,29.96877],[-90.09877,29.96853],[-90.09881,29.96876],[-90.09911,29.96877]]],[[[-90.09953,29.96878],[-90.0997,29.96842],[-90.09937,29.96845],[-90.09953,29.96878]]],[[[-90.10124,29.96836],[-90.1014,29.96819],[-90.10068,29.96771],[-90.10008,29.96842],[-90.10073,29.9689],[-90.10124,29.96836]]],[[[-90.09891,29.96765],[-90.09914,29.96773],[-90.09896,29.9676],[-90.09891,29.96765]]],[[[-90.09908,29.96762],[-90.09926,29.96758],[-90.09911,29.96747],[-90.09908,29.96762]]],[[[-90.10036,29.96769],[-90.09967,29.96739],[-90.09986,29.96763],[-90.09945,29.96802],[-90.09993,29.96835],[-90.10034,29.96786],[-90.10019,29.96756],[-90.10036,29.96769]]],[[[-90.10224,29.96724],[-90.10189,29.96709],[-90.10215,29.96731],[-90.10224,29.96724]]],[[[-90.09897,29.96721],[-90.09873,29.96715],[-90.09906,29.96752],[-90.09897,29.96721]]],[[[-90.09917,29.96681],[-90.0992,29.96674],[-90.09899,29.96666],[-90.09917,29.96681]]],[[[-90.09853,29.96687],[-90.09843,29.9666],[-90.09817,29.96681],[-90.09853,29.96687]]],[[[-90.0988,29.96657],[-90.09865,29.96648],[-90.09851,29.96659],[-90.0988,29.96657]]],[[[-90.10144,29.96697],[-90.1011,29.96719],[-90.10124,29.96683],[-90.1005,29.96646],[-90.10007,29.96692],[-90.1015,29.96821],[-90.10212,29.96741],[-90.10144,29.96697]]],[[[-90.10003,29.9665],[-90.10025,29.96642],[-90.09998,29.96627],[-90.09973,29.96651],[-90.10003,29.9665]]],[[[-90.09907,29.96617],[-90.09939,29.96596],[-90.09894,29.96576],[-90.09876,29.96608],[-90.09907,29.96617]]],[[[-90.09854,29.96532],[-90.09868,29.96507],[-90.09808,29.96516],[-90.09854,29.96532]]],[[[-90.09846,29.96501],[-90.09824,29.96513],[-90.09856,29.9651],[-90.09846,29.96501]]],[[[-90.09826,29.96475],[-90.09795,29.96459],[-90.09781,29.96473],[-90.09826,29.96475]]],[[[-90.09803,29.96408],[-90.09784,29.96417],[-90.09794,29.96421],[-90.09803,29.96408]]],[[[-90.09807,29.96404],[-90.09804,29.96377],[-90.0977,29.96405],[-90.09807,29.96404]]],[[[-90.09786,29.96342],[-90.09806,29.96335],[-90.09797,29.96326],[-90.09786,29.96342]]],[[[-90.09888,29.96276],[-90.09859,29.96304],[-90.09874,29.96306],[-90.09888,29.96276]]],[[[-90.09827,29.96272],[-90.09805,29.96219],[-90.09779,29.96251],[-90.09827,29.96272]]],[[[-90.09752,29.9706],[-90.09752,29.9706],[-90.09752,29.9706],[-90.09752,29.9706]]]]},"properties":{"FLD_ZONE":"AE","ZONE_SUBTY":null}},{"type":"Feature","geometry":{"type":"Polygon","coordinates":[[[-90.00778,29.98649],[-90.00748,29.98671],[-90.00738,29.98652],[-90.00778,29.98649]]]},"properties":{"FLD_ZONE":"AE","ZONE_SUBTY":null}},{"type":"Feature","geometry":{"type":"Polygon","coordinates":[[[-89.98713,29.97957],[-89.98693,29.98004],[-89.98667,29.98039],[-89.98713,29.97957]]]},"properties":{"FLD_ZONE":"AE","ZONE_SUBTY":null}},{"type":"Feature","geometry":{"type":"Polygon","coordinates":[[[-89.90061,29.98424],[-89.89893,29.98444],[-89.89825,29.98358],[-89.89536,29.98166],[-89.88889,29.97622],[-89.88889,29.94618],[-89.91313,29.94618],[-89.91313,29.98367],[-89.91276,29.98347],[-89.91313,29.98376],[-89.91313,29.98444],[-89.90061,29.98424]],[[-89.89886,29.98267],[-89.89835,29.98262],[-89.89834,29.98222],[-89.89777,29.98224],[-89.89934,29.98354],[-89.89971,29.98299],[-89.89934,29.98276],[-89.89883,29.9831],[-89.8991,29.98279],[-89.89886,29.98267]],[[-89.90381,29.97628],[-89.9016,29.97432],[-89.90004,29.97314],[-89.90381,29.97628]],[[-89.90023,29.98421],[-89.89989,29.98381],[-89.90003,29.98354],[-89.89984,29.98374],[-89.8995,29.98353],[-89.90023,29.98421]],[[-89.90996,29.98116],[-89.9111,29.98213],[-89.91088,29.98188],[-89.90996,29.98116]],[[-89.91211,29.98294],[-89.91261,29.98335],[-89.91226,29.98298],[-89.91211,29.98294]],[[-89.90583,29.97781],[-89.90563,29.97761],[-89.90484,29.97706],[-89.90583,29.97781]],[[-89.91111,29.98214],[-89.9114,29.98241],[-89.9118,29.98267],[-89.91111,29.98214]],[[-89.89875,29.97209],[-89.89942,29.97263],[-89.89853,29.97187],[-89.89875,29.97209]],[[-89.90884,29.98027],[-89.90828,29.97978],[-89.90792,29.97961],[-89.90884,29.98027]],[[-89.9044,29.98224],[-89.90501,29.98274],[-89.90482,29.98253],[-89.9044,29.98224]],[[-89.89725,29.9818],[-89.89733,29.98173],[-89.89702,29.98156],[-89.89725,29.9818]],[[-89.897,29.98156],[-89.89672,29.98133],[-89.89682,29.98151],[-89.897,29.98156]],[[-89.89671,29.98132],[-89.89648,29.98108],[-89.89651,29.98124],[-89.89671,29.98132]],[[-89.8931,29.97827],[-89.89278,29.97811],[-89.89301,29.97829],[-89.8931,29.97827]],[[-89.90907,29.98043],[-89.90904,29.98044],[-89.90945,29.98077],[-89.90907,29.98043]],[[-89.89979,29.97294],[-89.89944,29.97264],[-89.89988,29.97298],[-89.89979,29.97294]],[[-89.89726,29.98286],[-89.89718,29.98269],[-89.89709,29.9827],[-89.89726,29.98286]],[[-89.89772,29.9822],[-89.89754,29.98205],[-89.89756,29.98217],[-89.89772,29.9822]]]},"properties":{"FLD_ZONE":"AE","ZONE_SUBTY":null}},{"type":"Feature","geometry":{"type":"Polygon","coordinates":[[[-90.00545,29.90459],[-90.00527,29.90447],[-90.00547,29.90442],[-90.00545,29.90459]]]},"properties":{"FLD_ZONE":"AE","ZONE_SUBTY":null}},{"type":"Feature","geometry":{"type":"Polygon","coordinates":[[[-89.89927,29.91096],[-89.90145,29.90921],[-89.90134,29.90942],[-89.89927,29.91096]]]},"properties":{"FLD_ZONE":"AE","ZONE_SUBTY":null}},{"type":"Feature","geometry":{"type":"Polygon","coordinates":[[[-89.8922,30.0491],[-89.89236,30.04849],[-89.89206,30.04806],[-89.89237,30.04774],[-89.89353,30.04727],[-89.89392,30.04788],[-89.8938,30.04703],[-89.89449,30.04727],[-89.89486,30.04888],[-89.89457,30.05001],[-89.89393,30.05014],[-89.89351,30.04939],[-89.89293,30.04959],[-89.89223,30.04943],[-89.8922,30.0491]],[[-89.89263,30.04852],[-89.89273,30.04828],[-89.89263,30.04776],[-89.89263,30.04852]],[[-89.89361,30.04846],[-89.8928,30.04903],[-89.89304,30.04895],[-89.89361,30.04846]]]},"properties":{"FLD_ZONE":"AE","ZONE_SUBTY":null}},{"type":"Feature","geometry":{"type":"Polygon","coordinates":[[[-90.11135,29.97271],[-90.11134,29.9729],[-90.11115,29.97266],[-90.11135,29.97271]]]},"properties":{"FLD_ZONE":"AE","ZONE_SUBTY":null}},{"type":"Feature","geometry":{"type":"Polygon","coordinates":[[[-90.11487,30.00135],[-90.11407,30.00089],[-90.11382,30.00196],[-90.11351,30.00111],[-90.11376,30.00123],[-90.11381,30.00073],[-90.11325,30.00069],[-90.11318,30.00121],[-90.11345,29.99898],[-90.11357,29.99954],[-90.11392,29.9994],[-90.11344,29.99977],[-90.11383,29.99981],[-90.11414,29.99873],[-90.11464,29.99992],[-90.11496,29.99995],[-90.11507,29.99887],[-90.115,29.99995],[-90.11406,30.00001],[-90.11501,30.00024],[-90.11487,30.00135]],[[-90.11429,29.99974],[-90.11449,29.99984],[-90.11452,29.99934],[-90.11418,29.99931],[-90.11429,29.99974]],[[-90.11485,30.00084],[-90.1145,30.00063],[-90.11446,30.00101],[-90.11485,30.00084]],[[-90.11494,30.00027],[-90.1145,30.00031],[-90.11482,30.00051],[-90.11494,30.00027]],[[-90.11362,30.00056],[-90.11355,30.00048],[-90.11329,30.00056],[-90.11362,30.00056]],[[-90.11384,30.0006],[-90.1137,30.00055],[-90.11379,30.00068],[-90.11384,30.0006]]]},"properties":{"FLD_ZONE":"AE","ZONE_SUBTY":null}},{"type":"Feature","geometry":{"type":"Polygon","coordinates":[[[-90.11509,29.92876],[-90.11517,29.92852],[-90.11539,29.92853],[-90.11509,29.92876]]]},"properties":{"FLD_ZONE":"AE","ZONE_SUBTY":null}},{"type":"Feature","geometry":{"type":"Polygon","coordinates":[[[-90.07688,29.9467],[-90.07676,29.9465],[-90.07688,29.94631],[-90.07688,29.9467]]]},"properties":{"FLD_ZONE":"AE","ZONE_SUBTY":null}},{"type":"Feature","geometry":{"type":"Polygon","coordinates":[[[-90.10959,29.96046],[-90.10948,29.96119],[-90.10925,29.96117],[-90.10945,29.96149],[-90.1091,29.96119],[-90.10921,29.9614],[-90.10898,29.96122],[-90.10874,29.96149],[-90.10956,29.96052],[-90.10932,29.96032],[-90.10964,29.96042],[-90.11018,29.95979],[-90.10971,29.96048],[-90.10999,29.96075],[-90.10959,29.96046]]]},"properties":{"FLD_ZONE":"AE","ZONE_SUBTY":null}},{"type":"Feature","geometry":{"type":"Polygon","coordinates":[[[-89.93566,30.0095],[-89.93575,30.00911],[-89.93609,30.00883],[-89.93566,30.0095]]]},"properties":{"FLD_ZONE":"AE","ZONE_SUBTY":null}},{"type":"Feature","geometry":{"type":"Polygon","coordinates":[[[-89.97732,30.00805],[-89.9776,30.00798],[-89.9776,30.00818],[-89.97732,30.00805]]]},"properties":{"FLD_ZONE":"AE","ZONE_SUBTY":null}},{"type":"Feature","geometry":{"type":"Polygon","coordinates":[[[-90.02447,29.96195],[-90.02361,29.96169],[-90.0233,29.96276],[-90.02409,29.96263],[-90.02437,29.96217],[-90.0242,29.96281],[-90.0243,29.96262],[-90.02517,29.96319],[-90.02547,29.96294],[-90.02543,29.96324],[-90.02574,29.96309],[-90.02609,29.96338],[-90.02622,29.96315],[-90.02637,29.96341],[-90.02677,29.96242],[-90.02647,29.96353],[-90.02253,29.96268],[-90.02259,29.9623],[-90.02278,29.96265],[-90.02289,29.96213],[-90.02336,29.96206],[-90.02352,29.96168],[-90.02279,29.96142],[-90.02447,29.96195]]]},"properties":{"FLD_ZONE":"AE","ZONE_SUBTY":null}},{"type":"Feature","geometry":{"type":"Polygon","coordinates":[[[-90.06347,29.96566],[-90.06347,29.96577],[-90.06314,29.9655],[-90.06347,29.96566]]]},"properties":{"FLD_ZONE":"AE","ZONE_SUBTY":null}},{"type":"Feature","geometry":{"type":"Polygon","coordinates":[[[-89.88704,29.91321],[-89.88706,29.91282],[-89.8869,29.91303],[-89.8855,29.91122],[-89.88552,29.91086],[-89.88548,29.91118],[-89.88319,29.90821],[-89.88463,29.90739],[-89.88448,29.90807],[-89.88472,29.90783],[-89.88477,29.90805],[-89.88432,29.90818],[-89.8851,29.90818],[-89.88455,29.90848],[-89.88484,29.90848],[-89.88465,29.90891],[-89.88494,29.90879],[-89.88533,29.90955],[-89.88617,29.91004],[-89.88593,29.91032],[-89.88661,29.91056],[-89.88629,29.91079],[-89.88637,29.91116],[-89.88701,29.91087],[-89.88642,29.91129],[-89.88614,29.91094],[-89.88596,29.91124],[-89.88626,29.91133],[-89.88595,29.91141],[-89.88672,29.91126],[-89.88793,29.9103],[-89.88836,29.9109],[-89.88901,29.91052],[-89.8893,29.91147],[-89.88987,29.91106],[-89.8898,29.91032],[-89.8899,29.91109],[-89.88719,29.91339],[-89.88704,29.91321]],[[-89.8869,29.91278],[-89.88628,29.91185],[-89.88636,29.9115],[-89.88571,29.91128],[-89.8869,29.91278]],[[-89.8842,29.90806],[-89.88438,29.90792],[-89.88423,29.90771],[-89.8842,29.90806]],[[-89.88492,29.91028],[-89.88488,29.91013],[-89.8847,29.90999],[-89.88492,29.91028]],[[-89.88454,29.9084],[-89.88465,29.90831],[-89.88437,29.90832],[-89.88454,29.9084]],[[-89.88444,29.90779],[-89.88449,29.90794],[-89.88456,29.90783],[-89.88444,29.90779]]]},"properties":{"FLD_ZONE":"AE","ZONE_SUBTY":null}},{"type":"Feature","geometry":{"type":"Polygon","coordinates":[[[-90.107,29.99449],[-90.10795,29.99466],[-90.10554,29.99459],[-90.10683,29.9946],[-90.10698,29.99422],[-90.107,29.99449]]]},"properties":{"FLD_ZONE":"AE","ZONE_SUBTY":null}},{"type":"Feature","geometry":{"type":"Polygon","coordinates":[[[-90.11645,29.99988],[-90.11888,30.00003],[-90.11732,30.00005],[-90.11645,29.99988]]]},"properties":{"FLD_ZONE":"AE","ZONE_SUBTY":null}},{"type":"Feature","geometry":{"type":"Polygon","coordinates":[[[-89.87838,29.87191],[-89.87784,29.87185],[-89.87826,29.87185],[-89.87837,29.87146],[-89.87834,29.87176],[-89.87878,29.87195],[-89.87838,29.87191]]]},"properties":{"FLD_ZONE":"AE","ZONE_SUBTY":null}},{"type":"Feature","geometry":{"type":"Polygon","coordinates":[[[-90.10718,29.88634],[-90.1074,29.88425],[-90.10705,29.88399],[-90.10737,29.88385],[-90.10736,29.88299],[-90.10854,29.88294],[-90.10826,29.88305],[-90.10831,29.88387],[-90.10894,29.88386],[-90.109,29.88345],[-90.10909,29.88384],[-90.10974,29.88388],[-90.10831,29.88401],[-90.10834,29.88469],[-90.10814,29.88402],[-90.1075,29.88404],[-90.10761,29.8853],[-90.10913,29.88536],[-90.10863,29.88588],[-90.10851,29.88544],[-90.1076,29.88547],[-90.10758,29.88576],[-90.10823,29.88584],[-90.10738,29.88658],[-90.10718,29.88634]],[[-90.10786,29.88389],[-90.10818,29.88385],[-90.10814,29.88303],[-90.10755,29.8829],[-90.10748,29.88389],[-90.10786,29.88389]]]},"properties":{"FLD_ZONE":"AE","ZONE_SUBTY":null}},{"type":"Feature","geometry":{"type":"Polygon","coordinates":[[[-89.99264,30.02821],[-89.99283,30.02891],[-89.99253,30.029],[-89.99269,30.02856],[-89.99182,30.02728],[-89.99264,30.02821]]]},"properties":{"FLD_ZONE":"AE","ZONE_SUBTY":null}},{"type":"Feature","geometry":{"type":"Polygon","coordinates":[[[-90.03614,30.01743],[-90.03609,30.01754],[-90.03592,30.01755],[-90.03614,30.01743]]]},"properties":{"FLD_ZONE":"AE","ZONE_SUBTY":null}},{"type":"Feature","geometry":{"type":"Polygon","coordinates":[[[-90.03156,29.96421],[-90.03143,29.96446],[-90.03158,29.96399],[-90.03156,29.96421]]]},"properties":{"FLD_ZONE":"AE","ZONE_SUBTY":null}},{"type":"Feature","geometry":{"type":"Polygon","coordinates":[[[-89.95261,29.95186],[-89.95345,29.9502],[-89.95465,29.94857],[-89.95261,29.95186]]]},"properties":{"FLD_ZONE":"AE","ZONE_SUBTY":null}},{"type":"Feature","geometry":{"type":"Polygon","coordinates":[[[-90.1396,29.88652],[-90.13958,29.88652],[-90.13962,29.88652],[-90.1396,29.88652]]]},"properties":{"FLD_ZONE":"AE","ZONE_SUBTY":null}},{"type":"Feature","geometry":{"type":"Polygon","coordinates":[[[-89.88083,29.8796],[-89.88046,29.87937],[-89.88102,29.87952],[-89.88083,29.8796]]]},"properties":{"FLD_ZONE":"AE","ZONE_SUBTY":null}},{"type":"Feature","geometry":{"type":"Polygon","coordinates":[[[-89.97814,30.03841],[-89.97811,30.03797],[-89.97853,30.03804],[-89.97814,30.03841]]]},"properties":{"FLD_ZONE":"AE","ZONE_SUBTY":null}},{"type":"Feature","geometry":{"type":"Polygon","coordinates":[[[-89.92519,29.9378],[-89.92349,29.93695],[-89.92393,29.93715],[-89.92425,29.93678],[-89.92412,29.93733],[-89.92526,29.93752],[-89.92542,29.9379],[-89.92519,29.9378]]]},"properties":{"FLD_ZONE":"AE","ZONE_SUBTY":null}},{"type":"Feature","geometry":{"type":"Polygon","coordinates":[[[-89.95235,29.9117],[-89.95215,29.91155],[-89.95165,29.91107],[-89.95235,29.9117]]]},"properties":{"FLD_ZONE":"AE","ZONE_SUBTY":null}},{"type":"Feature","geometry":{"type":"Polygon","coordinates":[[[-89.96575,29.91714],[-89.96423,29.91799],[-89.96385,29.91834],[-89.96414,29.91846],[-89.95919,29.91878],[-89.96552,29.91396],[-89.96733,29.91588],[-89.96575,29.91714]],[[-89.96055,29.91841],[-89.96034,29.91838],[-89.96033,29.91856],[-89.96055,29.91841]]]},"properties":{"FLD_ZONE":"AE","ZONE_SUBTY":null}},{"type":"Feature","geometry":{"type":"Polygon","coordinates":[[[-89.92373,29.90665],[-89.92409,29.90719],[-89.92368,29.90678],[-89.92341,29.9069],[-89.92373,29.90665]]]},"properties":{"FLD_ZONE":"AE","ZONE_SUBTY":null}},{"type":"Feature","geometry":{"type":"Polygon","coordinates":[[[-90.05394,29.90366],[-90.05338,29.90312],[-90.05214,29.9038],[-90.05257,29.90346],[-90.05188,29.90265],[-90.05145,29.90284],[-90.05164,29.90316],[-90.05103,29.9032],[-90.05067,29.90273],[-90.0505,29.90302],[-90.04985,29.9025],[-90.05038,29.90238],[-90.05029,29.9021],[-90.0498,29.90221],[-90.04929,29.90188],[-90.04931,29.90212],[-90.04879,29.90173],[-90.04911,29.90139],[-90.04924,29.90171],[-90.04982,29.90163],[-90.04977,29.90103],[-90.04875,29.90125],[-90.04867,29.90157],[-90.04816,29.90121],[-90.04879,29.90085],[-90.04713,29.90051],[-90.0467,29.9001],[-90.0476,29.89936],[-90.04708,29.89869],[-90.04667,29.89879],[-90.04702,29.89863],[-90.04663,29.8981],[-90.0467,29.89862],[-90.046,29.89948],[-90.04611,29.89843],[-90.04664,29.89783],[-90.0542,29.89381],[-90.06036,29.90309],[-90.05861,29.90156],[-90.05818,29.90167],[-90.05843,29.90128],[-90.05906,29.90131],[-90.05857,29.90125],[-90.05883,29.90097],[-90.05797,29.90122],[-90.05819,29.90196],[-90.05733,29.901],[-90.05623,29.90165],[-90.05675,29.90217],[-90.05682,29.9028],[-90.05613,29.90179],[-90.05546,29.90197],[-90.05592,29.90219],[-90.05652,29.90361],[-90.05591,29.90387],[-90.05639,29.90356],[-90.05588,29.90324],[-90.05611,29.90308],[-90.05588,29.90286],[-90.05545,29.90345],[-90.0551,29.90292],[-90.05527,29.9031],[-90.05576,29.90282],[-90.05537,29.90212],[-90.05489,29.90234],[-90.05508,29.9029],[-90.05459,29.90241],[-90.05397,29.90275],[-90.05408,29.90306],[-90.05352,29.90302],[-90.05394,29.90366]],[[-90.05305,29.90268],[-90.05266,29.90228],[-90.05223,29.90258],[-90.05272,29.90286],[-90.05252,29.90305],[-90.05277,29.90333],[-90.05325,29.90305],[-90.05305,29.90268]],[[-90.0541,29.90223],[-90.05367,29.90231],[-90.05373,29.90259],[-90.05341,29.90219],[-90.05306,29.90231],[-90.05344,29.90288],[-90.05428,29.90242],[-90.05428,29.90198],[-90.0541,29.90223]],[[-90.05683,29.90105],[-90.05734,29.90076],[-90.05692,29.9002],[-90.05637,29.90021],[-90.0566,29.90069],[-90.05674,29.90041],[-90.05697,29.90062],[-90.05683,29.90105]],[[-90.05599,29.90131],[-90.0563,29.90134],[-90.0559,29.90078],[-90.0563,29.90062],[-90.05592,29.90001],[-90.05565,29.90081],[-90.05599,29.90131]],[[-90.04717,29.90039],[-90.04779,29.9002],[-90.04741,29.89977],[-90.04691,29.90001],[-90.04717,29.90039]],[[-90.04893,29.90048],[-90.04918,29.90018],[-90.04866,29.90033],[-90.04893,29.90011],[-90.04843,29.90039],[-90.04855,29.90064],[-90.04893,29.90048]],[[-90.05461,29.90201],[-90.05469,29.90221],[-90.05522,29.90194],[-90.05505,29.9017],[-90.05461,29.90201]],[[-90.05085,29.89812],[-90.05112,29.89814],[-90.05125,29.89772],[-90.05085,29.89812]],[[-90.0524,29.89539],[-90.05226,29.89519],[-90.05192,29.8954],[-90.05202,29.89561],[-90.0524,29.89539]],[[-90.05763,29.90055],[-90.05791,29.90031],[-90.05759,29.90011],[-90.05763,29.90055]],[[-90.05354,29.90162],[-90.05386,29.90157],[-90.05374,29.90127],[-90.05354,29.90162]]]},"properties":{"FLD_ZONE":"AE","ZONE_SUBTY":null}},{"type":"Feature","geometry":{"type":"Polygon","coordinates":[[[-89.91504,29.89041],[-89.91479,29.88979],[-89.91509,29.8904],[-89.91504,29.89041]]]},"properties":{"FLD_ZONE":"AE","ZONE_SUBTY":null}},{"type":"Feature","geometry":{"type":"Polygon","coordinates":[[[-89.92636,30.0482],[-89.92654,30.04793],[-89.92591,30.04802],[-89.9257,30.04772],[-89.92554,30.04799],[-89.92522,30.04786],[-89.92539,30.04773],[-89.92437,30.04764],[-89.92434,30.04791],[-89.92416,30.04753],[-89.92383,30.04748],[-89.92383,30.04773],[-89.92348,30.04739],[-89.92261,30.04729],[-89.92135,30.04756],[-89.92148,30.04732],[-89.92116,30.04724],[-89.92132,30.04743],[-89.92071,30.04772],[-89.92088,30.04812],[-89.9216,30.04796],[-89.92145,30.04835],[-89.92179,30.04813],[-89.92175,30.04852],[-89.92225,30.04838],[-89.92227,30.04868],[-89.92253,30.04865],[-89.92236,30.04883],[-89.92299,30.04875],[-89.92309,30.04903],[-89.92388,30.04913],[-89.92406,30.04883],[-89.92406,30.04923],[-89.92439,30.04927],[-89.92441,30.04876],[-89.92455,30.04959],[-89.92529,30.04982],[-89.92485,30.05018],[-89.92531,30.0504],[-89.92525,30.05062],[-89.92503,30.05039],[-89.92504,30.05074],[-89.92538,30.051],[-89.92503,30.05123],[-89.92467,30.05104],[-89.92501,30.05148],[-89.92468,30.05132],[-89.92435,30.05164],[-89.92457,30.05131],[-89.92423,30.05135],[-89.92412,30.05161],[-89.92447,30.05183],[-89.9241,30.05204],[-89.92396,30.05166],[-89.92384,30.05232],[-89.92388,30.05175],[-89.92358,30.05155],[-89.92383,30.05154],[-89.92375,30.0508],[-89.92362,30.05124],[-89.92356,30.05089],[-89.92334,30.05118],[-89.92323,30.0509],[-89.92285,30.05113],[-89.92307,30.05102],[-89.92282,30.05086],[-89.92277,30.05122],[-89.92224,30.05109],[-89.92205,30.05134],[-89.92193,30.05107],[-89.92188,30.05133],[-89.92132,30.05106],[-89.92131,30.05065],[-89.92098,30.05077],[-89.92138,30.05014],[-89.92082,30.04989],[-89.9211,30.0494],[-89.92082,30.0496],[-89.92055,30.04939],[-89.92075,30.0496],[-89.92029,30.04988],[-89.92103,30.05053],[-89.92082,30.05082],[-89.92075,30.05055],[-89.92032,30.05079],[-89.92093,30.05102],[-89.92099,30.05079],[-89.92106,30.05117],[-89.92082,30.05157],[-89.92086,30.05127],[-89.92054,30.05141],[-89.92081,30.05119],[-89.92052,30.05124],[-89.9206,30.05165],[-89.92012,30.05206],[-89.92038,30.05226],[-89.91971,30.05245],[-89.9196,30.05286],[-89.91943,30.05266],[-89.91957,30.05288],[-89.92003,30.05262],[-89.91926,30.05335],[-89.91913,30.05284],[-89.91956,30.05257],[-89.91943,30.05226],[-89.91927,30.05258],[-89.91897,30.05242],[-89.91929,30.05241],[-89.91901,30.0522],[-89.91922,30.05194],[-89.91883,30.05216],[-89.91932,30.05146],[-89.91923,30.05105],[-89.91839,30.05114],[-89.91864,30.05002],[-89.91891,30.04996],[-89.91873,30.04912],[-89.91917,30.04671],[-89.91947,30.04659],[-89.91966,30.04687],[-89.91954,30.0466],[-89.92024,30.04661],[-89.92587,30.0474],[-89.92619,30.04755],[-89.92614,30.04789],[-89.92682,30.04792],[-89.92636,30.0482]],[[-89.92082,30.04766],[-89.92101,30.04751],[-89.92067,30.04738],[-89.92075,30.04702],[-89.92042,30.04706],[-89.92061,30.04724],[-89.92033,30.04706],[-89.92043,30.04763],[-89.92082,30.04766]],[[-89.92439,30.0494],[-89.9242,30.04929],[-89.92421,30.04961],[-89.92453,30.04975],[-89.92439,30.0494]],[[-89.92017,30.04977],[-89.92026,30.0495],[-89.91986,30.0498],[-89.92017,30.04977]],[[-89.92077,30.051],[-89.92041,30.05094],[-89.92054,30.05122],[-89.92077,30.051]],[[-89.92027,30.05115],[-89.92031,30.05141],[-89.92051,30.05124],[-89.92027,30.05115]],[[-89.92208,30.05108],[-89.92235,30.05092],[-89.92215,30.05083],[-89.92208,30.05108]],[[-89.9247,30.0504],[-89.92464,30.05026],[-89.92444,30.05051],[-89.9247,30.0504]],[[-89.9193,30.05032],[-89.91919,30.05023],[-89.91914,30.05034],[-89.9193,30.05032]],[[-89.92144,30.05059],[-89.92124,30.05045],[-89.92131,30.05063],[-89.92144,30.05059]],[[-89.92422,30.05075],[-89.92424,30.05061],[-89.92403,30.05072],[-89.92422,30.05075]],[[-89.9191,30.05056],[-89.91907,30.05035],[-89.91892,30.0507],[-89.9191,30.05056]],[[-89.92518,30.05105],[-89.92501,30.05092],[-89.92493,30.05107],[-89.92518,30.05105]],[[-89.92291,30.04897],[-89.92289,30.0491],[-89.92306,30.04901],[-89.92291,30.04897]],[[-89.92159,30.04839],[-89.92158,30.04855],[-89.92172,30.04834],[-89.92159,30.04839]],[[-89.92349,30.04919],[-89.92344,30.04903],[-89.92318,30.0491],[-89.92349,30.04919]],[[-89.91946,30.04696],[-89.91962,30.04687],[-89.91946,30.04684],[-89.91946,30.04696]],[[-89.92397,30.05128],[-89.92395,30.05158],[-89.92406,30.05151],[-89.92397,30.05128]],[[-89.9202,30.05145],[-89.91997,30.05145],[-89.92001,30.05155],[-89.9202,30.05145]],[[-89.92462,30.05116],[-89.92445,30.05118],[-89.92455,30.05126],[-89.92462,30.05116]],[[-89.92426,30.0518],[-89.92419,30.0517],[-89.92401,30.05178],[-89.92426,30.0518]],[[-89.92444,30.05072],[-89.92436,30.05077],[-89.92458,30.05081],[-89.92444,30.05072]],[[-89.92515,30.04976],[-89.92512,30.04966],[-89.925,30.0497],[-89.92515,30.04976]],[[-89.92009,30.05135],[-89.92017,30.05127],[-89.92001,30.05123],[-89.92009,30.05135]],[[-89.92478,30.05068],[-89.92472,30.05084],[-89.92492,30.05071],[-89.92478,30.05068]],[[-89.9226,30.04909],[-89.92258,30.04901],[-89.92244,30.04906],[-89.9226,30.04909]]]},"properties":{"FLD_ZONE":"AE","ZONE_SUBTY":null}},{"type":"Feature","geometry":{"type":"Polygon","coordinates":[[[-90.10283,30.00312],[-90.10269,30.00407],[-90.10112,30.00394],[-90.10265,30.00403],[-90.1027,30.00246],[-90.10092,30.00221],[-90.1017,30.00215],[-90.10184,30.00129],[-90.10186,30.00221],[-90.10284,30.00226],[-90.10294,30.00177],[-90.10283,30.00312]]]},"properties":{"FLD_ZONE":"AE","ZONE_SUBTY":null}},{"type":"Feature","geometry":{"type":"Polygon","coordinates":[[[-89.92264,29.87434],[-89.92198,29.87416],[-89.92061,29.87221],[-89.92091,29.87203],[-89.92264,29.87434]]]},"properties":{"FLD_ZONE":"AE","ZONE_SUBTY":null}},{"type":"Feature","geometry":{"type":"Polygon","coordinates":[[[-90.07811,29.97236],[-90.07813,29.97243],[-90.07767,29.97207],[-90.07811,29.97236]]]},"properties":{"FLD_ZONE":"AE","ZONE_SUBTY":null}},{"type":"Feature","geometry":{"type":"Polygon","coordinates":[[[-90.08007,29.99568],[-90.07953,29.99573],[-90.0796,29.99565],[-90.08007,29.99568]]]},"properties":{"FLD_ZONE":"AE","ZONE_SUBTY":null}},{"type":"Feature","geometry":{"type":"Polygon","coordinates":[[[-90.10506,29.89575],[-90.10506,29.89617],[-90.10469,29.8964],[-90.10472,29.8959],[-90.10506,29.89575]]]},"properties":{"FLD_ZONE":"AE","ZONE_SUBTY":null}},{"type":"Feature","geometry":{"type":"Polygon","coordinates":[[[-90.09487,29.95749],[-90.0948,29.9576],[-90.09467,29.95747],[-90.09487,29.95749]]]},"properties":{"FLD_ZONE":"AE","ZONE_SUBTY":null}},{"type":"Feature","geometry":{"type":"Polygon","coordinates":[[[-89.92994,30.01817],[-89.93062,30.01841],[-89.93011,30.01884],[-89.92994,30.01817]]]},"properties":{"FLD_ZONE":"AE","ZONE_SUBTY":null}},{"type":"Feature","geometry":{"type":"Polygon","coordinates":[[[-89.97053,29.90361],[-89.96172,29.90236],[-89.97035,29.90342],[-89.97053,29.90361]]]},"properties":{"FLD_ZONE":"AE","ZONE_SUBTY":null}},{"type":"Feature","geometry":{"type":"Polygon","coordinates":[[[-89.91768,29.94178],[-89.91773,29.94166],[-89.91789,29.94158],[-89.91768,29.94178]]]},"properties":{"FLD_ZONE":"AE","ZONE_SUBTY":null}},{"type":"Feature","geometry":{"type":"Polygon","coordinates":[[[-90.04142,29.95176],[-90.04123,29.95178],[-90.04103,29.95171],[-90.04142,29.95176]]]},"properties":{"FLD_ZONE":"AE","ZONE_SUBTY":null}},{"type":"Feature","geometry":{"type":"Polygon","coordinates":[[[-90.09797,30.01545],[-90.0978,30.01756],[-90.09687,30.01793],[-90.09749,30.01529],[-90.09788,30.01481],[-90.09814,30.01502],[-90.09797,30.01545]]]},"properties":{"FLD_ZONE":"AE","ZONE_SUBTY":null}},{"type":"Feature","geometry":{"type":"Polygon","coordinates":[[[-90.12177,29.92854],[-90.12191,29.92846],[-90.1217,29.92886],[-90.12177,29.92854]]]},"properties":{"FLD_ZONE":"AE","ZONE_SUBTY":null}},{"type":"Feature","geometry":{"type":"Polygon","coordinates":[[[-89.98552,30.0227],[-89.98545,30.02296],[-89.98536,30.02254],[-89.98552,30.0227]]]},"properties":{"FLD_ZONE":"AE","ZONE_SUBTY":null}},{"type":"Feature","geometry":{"type":"Polygon","coordinates":[[[-90.00753,29.96786],[-90.00784,29.96737],[-90.00774,29.96771],[-90.00753,29.96786]]]},"properties":{"FLD_ZONE":"AE","ZONE_SUBTY":null}},{"type":"Feature","geometry":{"type":"Polygon","coordinates":[[[-89.9274,29.91031],[-89.92727,29.91013],[-89.92746,29.91022],[-89.9274,29.91031]]]},"properties":{"FLD_ZONE":"AE","ZONE_SUBTY":null}},{"type":"Feature","geometry":{"type":"Polygon","coordinates":[[[-89.92544,29.90552],[-89.92533,29.90545],[-89.92497,29.90505],[-89.92544,29.90552]]]},"properties":{"FLD_ZONE":"AE","ZONE_SUBTY":null}},{"type":"Feature","geometry":{"type":"Polygon","coordinates":[[[-89.93795,29.93864],[-89.93664,29.93836],[-89.9379,29.93609],[-89.93763,29.93671],[-89.93833,29.93629],[-89.9381,29.93599],[-89.93838,29.93554],[-89.93859,29.93563],[-89.93827,29.93572],[-89.93829,29.93604],[-89.93867,29.93606],[-89.93868,29.93567],[-89.93902,29.93595],[-89.93841,29.93727],[-89.9393,29.93772],[-89.93832,29.93742],[-89.93993,29.93818],[-89.937,29.93817],[-89.93746,29.93706],[-89.93688,29.93819],[-89.9391,29.93839],[-89.94163,29.93791],[-89.93989,29.93856],[-89.93795,29.93864]],[[-89.93751,29.9378],[-89.93795,29.93797],[-89.93821,29.93762],[-89.93773,29.93736],[-89.93751,29.9378]],[[-89.93831,29.93651],[-89.93803,29.93681],[-89.9384,29.93681],[-89.93831,29.93651]]]},"properties":{"FLD_ZONE":"AE","ZONE_SUBTY":null}},{"type":"Feature","geometry":{"type":"Polygon","coordinates":[[[-89.88939,29.90475],[-89.88922,29.90466],[-89.88967,29.90514],[-89.88939,29.90475]]]},"properties":{"FLD_ZONE":"AE","ZONE_SUBTY":null}},{"type":"Feature","geometry":{"type":"Polygon","coordinates":[[[-90.07612,30.02265],[-90.07589,30.02264],[-90.07576,30.02248],[-90.07612,30.02265]]]},"properties":{"FLD_ZONE":"AE","ZONE_SUBTY":null}},{"type":"Feature","geometry":{"type":"Polygon","coordinates":[[[-89.87244,30.03325],[-89.87206,30.03324],[-89.87223,30.03299],[-89.87244,30.03325]]]},"properties":{"FLD_ZONE":"AE","ZONE_SUBTY":null}},{"type":"Feature","geometry":{"type":"Polygon","coordinates":[[[-90.10263,29.99962],[-90.10246,29.99959],[-90.10262,29.99951],[-90.10263,29.99962]]]},"properties":{"FLD_ZONE":"AE","ZONE_SUBTY":null}},{"type":"Feature","geometry":{"type":"Polygon","coordinates":[[[-89.89491,29.87143],[-89.89202,29.86878],[-89.89159,29.86802],[-89.89276,29.86935],[-89.89303,29.86871],[-89.89292,29.86932],[-89.8932,29.86983],[-89.89336,29.86947],[-89.89352,29.86977],[-89.89377,29.86832],[-89.89352,29.87011],[-89.8946,29.87111],[-89.89448,29.87079],[-89.89546,29.87002],[-89.89496,29.87143],[-89.89562,29.8695],[-89.89564,29.87008],[-89.89735,29.87026],[-89.89605,29.87022],[-89.89609,29.87052],[-89.89564,29.8706],[-89.89661,29.87078],[-89.89652,29.87104],[-89.89691,29.87113],[-89.89527,29.87096],[-89.89491,29.87143]],[[-89.8963,29.87098],[-89.89645,29.87105],[-89.89655,29.87088],[-89.8963,29.87098]]]},"properties":{"FLD_ZONE":"AE","ZONE_SUBTY":null}},{"type":"Feature","geometry":{"type":"Polygon","coordinates":[[[-90.07776,29.88104],[-90.07676,29.87771],[-90.07784,29.88072],[-90.07776,29.88104]]]},"properties":{"FLD_ZONE":"AE","ZONE_SUBTY":null}},{"type":"Feature","geometry":{"type":"Polygon","coordinates":[[[-90.12753,29.88317],[-90.12754,29.88169],[-90.12773,29.88112],[-90.12811,29.88116],[-90.12793,29.883],[-90.12753,29.88317]]]},"properties":{"FLD_ZONE":"AE","ZONE_SUBTY":null}},{"type":"Feature","geometry":{"type":"Polygon","coordinates":[[[-89.9397,30.0071],[-89.93953,30.00718],[-89.93949,30.00676],[-89.9397,30.0071]]]},"properties":{"FLD_ZONE":"AE","ZONE_SUBTY":null}},{"type":"Feature","geometry":{"type":"Polygon","coordinates":[[[-89.98104,30.00654],[-89.98129,30.00634],[-89.98143,30.00675],[-89.98201,30.0069],[-89.98149,30.00681],[-89.98169,30.00722],[-89.98143,30.00745],[-89.98104,30.00719],[-89.98124,30.00702],[-89.98104,30.00654]]]},"properties":{"FLD_ZONE":"AE","ZONE_SUBTY":null}},{"type":"Feature","geometry":{"type":"Polygon","coordinates":[[[-90.01882,29.97468],[-90.01853,29.97481],[-90.01873,29.97462],[-90.01882,29.97468]]]},"properties":{"FLD_ZONE":"AE","ZONE_SUBTY":null}},{"type":"Feature","geometry":{"type":"Polygon","coordinates":[[[-90.00927,29.97002],[-90.00921,29.97014],[-90.00896,29.97006],[-90.00927,29.97002]]]},"properties":{"FLD_ZONE":"AE","ZONE_SUBTY":null}},{"type":"Feature","geometry":{"type":"Polygon","coordinates":[[[-89.9235,29.90221],[-89.9234,29.90233],[-89.92328,29.90218],[-89.9235,29.90221]]]},"properties":{"FLD_ZONE":"AE","ZONE_SUBTY":null}},{"type":"Feature","geometry":{"type":"Polygon","coordinates":[[[-90.01012,29.93615],[-90.00986,29.93831],[-90.01002,29.93509],[-90.01069,29.93542],[-90.01015,29.93524],[-90.01012,29.93615]]]},"properties":{"FLD_ZONE":"AE","ZONE_SUBTY":null}},{"type":"Feature","geometry":{"type":"Polygon","coordinates":[[[-89.91083,29.89124],[-89.91098,29.8914],[-89.9109,29.89154],[-89.91083,29.89124]]]},"properties":{"FLD_ZONE":"AE","ZONE_SUBTY":null}},{"type":"Feature","geometry":{"type":"Polygon","coordinates":[[[-90.00617,29.90982],[-90.00618,29.91018],[-90.00558,29.91011],[-90.00596,29.90939],[-90.00617,29.90982]]]},"properties":{"FLD_ZONE":"AE","ZONE_SUBTY":null}},{"type":"Feature","geometry":{"type":"Polygon","coordinates":[[[-90.15085,29.9695],[-90.14531,29.96911],[-90.13462,29.96721],[-90.13525,29.96702],[-90.14524,29.96893],[-90.15085,29.9695]]]},"properties":{"FLD_ZONE":"AE","ZONE_SUBTY":null}},{"type":"Feature","geometry":{"type":"Polygon","coordinates":[[[-90.02751,30.02738],[-90.02795,30.02858],[-90.02829,30.02862],[-90.02804,30.02889],[-90.02868,30.03063],[-90.02839,30.03009],[-90.02803,30.03009],[-90.02833,30.02994],[-90.0276,30.02788],[-90.02725,30.02787],[-90.02747,30.02754],[-90.02693,30.0258],[-90.02598,30.02603],[-90.02666,30.02703],[-90.02675,30.02777],[-90.02711,30.02785],[-90.0267,30.02792],[-90.0273,30.02977],[-90.02592,30.02669],[-90.02594,30.026],[-90.02532,30.02609],[-90.02696,30.02562],[-90.02751,30.02738]],[[-90.02654,30.02754],[-90.02666,30.0278],[-90.02652,30.02737],[-90.02654,30.02754]]]},"properties":{"FLD_ZONE":"AE","ZONE_SUBTY":null}},{"type":"Feature","geometry":{"type":"Polygon","coordinates":[[[-90.01554,30.00371],[-90.02156,30.00419],[-90.01523,30.00385],[-90.01554,30.00371]]]},"properties":{"FLD_ZONE":"AE","ZONE_SUBTY":null}},{"type":"Feature","geometry":{"type":"Polygon","coordinates":[[[-89.9392,29.94254],[-89.94144,29.93838],[-89.93933,29.94259],[-89.9392,29.94254]]]},"properties":{"FLD_ZONE":"AE","ZONE_SUBTY":null}},{"type":"Feature","geometry":{"type":"Polygon","coordinates":[[[-89.9405,29.93745],[-89.94089,29.93711],[-89.94066,29.93756],[-89.9405,29.93745]]]},"properties":{"FLD_ZONE":"AE","ZONE_SUBTY":null}},{"type":"Feature","geometry":{"type":"Polygon","coordinates":[[[-89.98846,29.95366],[-89.98829,29.9534],[-89.98856,29.95357],[-89.98872,29.95335],[-89.98846,29.95366]]]},"properties":{"FLD_ZONE":"AE","ZONE_SUBTY":null}},{"type":"Feature","geometry":{"type":"Polygon","coordinates":[[[-89.96372,29.90345],[-89.9649,29.90404],[-89.96485,29.90347],[-89.97251,29.90447],[-89.96944,29.90597],[-89.96725,29.9083],[-89.96418,29.90789],[-89.96403,29.90885],[-89.96479,29.90937],[-89.96368,29.90911],[-89.96324,29.90935],[-89.96505,29.90955],[-89.96566,29.91],[-89.96366,29.90954],[-89.96322,29.90954],[-89.96326,29.90989],[-89.96197,29.90978],[-89.96002,29.90716],[-89.9635,29.90564],[-89.96311,29.90412],[-89.95919,29.90462],[-89.95926,29.90426],[-89.95849,29.90405],[-89.95832,29.9043],[-89.95837,29.90409],[-89.95765,29.90386],[-89.95755,29.90407],[-89.95799,29.90404],[-89.95803,29.90439],[-89.9587,29.9046],[-89.9566,29.90388],[-89.95723,29.90367],[-89.95686,29.90272],[-89.95582,29.90205],[-89.95294,29.90219],[-89.95302,29.90178],[-89.95275,29.9024],[-89.95241,29.90217],[-89.95294,29.90038],[-89.95657,29.90182],[-89.95596,29.9019],[-89.95723,29.90265],[-89.95719,29.90327],[-89.95783,29.90363],[-89.95837,29.90341],[-89.95806,29.90319],[-89.96084,29.90363],[-89.95894,29.90339],[-89.95737,29.90278],[-89.9586,29.90318],[-89.95911,29.90275],[-89.96066,29.90296],[-89.96261,29.90367],[-89.96277,29.90321],[-89.96289,29.90352],[-89.96312,29.90325],[-89.96314,29.90354],[-89.96372,29.90345]],[[-89.96218,29.90829],[-89.96149,29.90776],[-89.96211,29.90881],[-89.96218,29.90829]],[[-89.96147,29.90837],[-89.96102,29.908],[-89.9609,29.90829],[-89.96186,29.909],[-89.96147,29.90837]],[[-89.962,29.90935],[-89.96198,29.90967],[-89.96293,29.9097],[-89.962,29.90935]],[[-89.95998,29.9046],[-89.9601,29.90421],[-89.95974,29.9043],[-89.95998,29.9046]],[[-89.95753,29.90397],[-89.95731,29.90372],[-89.95709,29.90403],[-89.95753,29.90397]],[[-89.96103,29.90718],[-89.96043,29.90716],[-89.96072,29.90737],[-89.96103,29.90718]],[[-89.96102,29.90418],[-89.96059,29.90423],[-89.96085,29.90437],[-89.96102,29.90418]],[[-89.96358,29.90598],[-89.96392,29.90633],[-89.96397,29.90605],[-89.96358,29.90598]],[[-89.96304,29.9091],[-89.96289,29.90891],[-89.96278,29.90931],[-89.96304,29.9091]],[[-89.96455,29.90397],[-89.96446,29.9044],[-89.96472,29.90417],[-89.96455,29.90397]],[[-89.95373,29.90183],[-89.95346,29.90201],[-89.95369,29.90202],[-89.95373,29.90183]],[[-89.96437,29.90394],[-89.96416,29.90384],[-89.96409,29.90402],[-89.96437,29.90394]],[[-89.97084,29.90472],[-89.97079,29.90456],[-89.97063,29.90471],[-89.97084,29.90472]],[[-89.95596,29.90172],[-89.9557,29.90166],[-89.95574,29.90178],[-89.95596,29.90172]],[[-89.96962,29.90471],[-89.96946,29.90466],[-89.96951,29.90477],[-89.96962,29.90471]],[[-89.96526,29.90382],[-89.96519,29.90371],[-89.96503,29.90372],[-89.96526,29.90382]],[[-89.96752,29.90526],[-89.96764,29.90516],[-89.96752,29.90511],[-89.96752,29.90526]],[[-89.96225,29.90902],[-89.96238,29.90901],[-89.96245,29.90891],[-89.96225,29.90902]],[[-89.96808,29.90512],[-89.96788,29.90514],[-89.96801,29.90522],[-89.96808,29.90512]],[[-89.96945,29.90464],[-89.96924,29.9046],[-89.96922,29.9047],[-89.96945,29.90464]],[[-89.96332,29.90387],[-89.9632,29.90381],[-89.96315,29.90391],[-89.96332,29.90387]],[[-89.96232,29.90391],[-89.96229,29.90384],[-89.96206,29.90386],[-89.96232,29.90391]],[[-89.96656,29.9078],[-89.96678,29.90784],[-89.96663,29.90775],[-89.96656,29.9078]],[[-89.95841,29.90355],[-89.95836,29.9035],[-89.95823,29.90364],[-89.95841,29.90355]]]},"properties":{"FLD_ZONE":"AE","ZONE_SUBTY":null}},{"type":"Feature","geometry":{"type":"Polygon","coordinates":[[[-89.96001,29.90817],[-89.96106,29.90924],[-89.96044,29.90902],[-89.96001,29.90817]]]},"properties":{"FLD_ZONE":"AE","ZONE_SUBTY":null}},{"type":"Feature","geometry":{"type":"Polygon","coordinates":[[[-89.94147,29.90106],[-89.94009,29.90076],[-89.94166,29.9009],[-89.94147,29.90106]]]},"properties":{"FLD_ZONE":"AE","ZONE_SUBTY":null}},{"type":"Feature","geometry":{"type":"Polygon","coordinates":[[[-89.9159,29.89974],[-89.91572,29.89997],[-89.91555,29.89973],[-89.9159,29.89974]]]},"properties":{"FLD_ZONE":"AE","ZONE_SUBTY":null}},{"type":"Feature","geometry":{"type":"Polygon","coordinates":[[[-89.92563,30.05065],[-89.92617,30.0508],[-89.9254,30.05105],[-89.92529,30.04952],[-89.92566,30.04945],[-89.926,30.04956],[-89.92559,30.04963],[-89.92563,30.05065]]]},"properties":{"FLD_ZONE":"AE","ZONE_SUBTY":null}},{"type":"Feature","geometry":{"type":"Polygon","coordinates":[[[-90.02112,29.87202],[-90.02128,29.87198],[-90.02115,29.87213],[-90.02112,29.87202]]]},"properties":{"FLD_ZONE":"AE","ZONE_SUBTY":null}},{"type":"Feature","geometry":{"type":"Polygon","coordinates":[[[-90.0959,29.95979],[-90.09535,29.96044],[-90.09482,29.96013],[-90.09504,29.9595],[-90.0959,29.95979]]]},"properties":{"FLD_ZONE":"AE","ZONE_SUBTY":null}},{"type":"Feature","geometry":{"type":"Polygon","coordinates":[[[-90.07358,29.96849],[-90.07376,29.96828],[-90.0731,29.96777],[-90.07245,29.96831],[-90.07299,29.96769],[-90.07414,29.96847],[-90.07332,29.96892],[-90.07358,29.96849]]]},"properties":{"FLD_ZONE":"AE","ZONE_SUBTY":null}},{"type":"Feature","geometry":{"type":"Polygon","coordinates":[[[-90.10216,29.92547],[-90.1023,29.92633],[-90.10317,29.92627],[-90.10316,29.92504],[-90.10351,29.92556],[-90.10429,29.92551],[-90.10428,29.92502],[-90.10443,29.92548],[-90.10498,29.92545],[-90.1044,29.92557],[-90.10446,29.92615],[-90.10506,29.9262],[-90.1022,29.9264],[-90.10216,29.92547]],[[-90.10432,29.92574],[-90.10334,29.92565],[-90.10336,29.92622],[-90.10437,29.92616],[-90.10432,29.92574]]]},"properties":{"FLD_ZONE":"AE","ZONE_SUBTY":null}},{"type":"Feature","geometry":{"type":"Polygon","coordinates":[[[-90.08451,29.94543],[-90.08406,29.94595],[-90.08484,29.94638],[-90.0843,29.94711],[-90.08479,29.94635],[-90.0841,29.94599],[-90.0839,29.94624],[-90.084,29.9459],[-90.08333,29.94554],[-90.08305,29.94574],[-90.08329,29.94541],[-90.08408,29.94583],[-90.08499,29.94459],[-90.08833,29.94645],[-90.08738,29.94787],[-90.08633,29.94873],[-90.08704,29.94784],[-90.08687,29.94756],[-90.08491,29.94644],[-90.08416,29.94743],[-90.08272,29.94638],[-90.08342,29.94674],[-90.08296,29.94642],[-90.08344,29.94668],[-90.08362,29.94648],[-90.08349,29.94672],[-90.08422,29.94714],[-90.08346,29.94679],[-90.08423,29.94724],[-90.08487,29.94641],[-90.08515,29.9465],[-90.08418,29.94594],[-90.08491,29.94626],[-90.08521,29.94571],[-90.08451,29.94543]],[[-90.08555,29.94529],[-90.08573,29.94505],[-90.08514,29.9447],[-90.08469,29.94518],[-90.08534,29.94555],[-90.08555,29.94529]],[[-90.08532,29.94599],[-90.08497,29.94634],[-90.08566,29.94667],[-90.08602,29.94617],[-90.08543,29.94576],[-90.08532,29.94599]],[[-90.08602,29.94589],[-90.08635,29.94556],[-90.08585,29.94525],[-90.08558,29.94569],[-90.08602,29.94589]],[[-90.08598,29.94667],[-90.08666,29.94682],[-90.08667,29.94663],[-90.08598,29.94667]],[[-90.0868,29.94604],[-90.08702,29.94583],[-90.08679,29.94589],[-90.0868,29.94604]],[[-90.0869,29.94729],[-90.08662,29.94716],[-90.08678,29.94734],[-90.0869,29.94729]],[[-90.08611,29.94691],[-90.08603,29.9468],[-90.08597,29.94685],[-90.08611,29.94691]]]},"properties":{"FLD_ZONE":"AE","ZONE_SUBTY":null}},{"type":"Feature","geometry":{"type":"Polygon","coordinates":[[[-89.94734,30.01259],[-89.94716,30.0123],[-89.94639,30.0132],[-89.9476,30.01402],[-89.94619,30.01307],[-89.94693,30.01217],[-89.94828,30.01166],[-89.94694,30.01219],[-89.94623,30.01294],[-89.94779,30.01209],[-89.94798,30.01371],[-89.94703,30.01355],[-89.94734,30.01259]]]},"properties":{"FLD_ZONE":"AE","ZONE_SUBTY":null}},{"type":"Feature","geometry":{"type":"Polygon","coordinates":[[[-89.94632,29.93472],[-89.9464,29.93448],[-89.94649,29.93446],[-89.94632,29.93472]]]},"properties":{"FLD_ZONE":"AE","ZONE_SUBTY":null}},{"type":"Feature","geometry":{"type":"Polygon","coordinates":[[[-89.93068,29.90006],[-89.93056,29.90011],[-89.93064,29.89996],[-89.93068,29.90006]]]},"properties":{"FLD_ZONE":"AE","ZONE_SUBTY":null}},{"type":"Feature","geometry":{"type":"Polygon","coordinates":[[[-89.92121,29.90218],[-89.92101,29.90231],[-89.92131,29.90199],[-89.92121,29.90218]]]},"properties":{"FLD_ZONE":"AE","ZONE_SUBTY":null}},{"type":"Feature","geometry":{"type":"Polygon","coordinates":[[[-89.89611,30.03695],[-89.89619,30.03759],[-89.89597,30.03639],[-89.89611,30.03695]]]},"properties":{"FLD_ZONE":"AE","ZONE_SUBTY":null}},{"type":"Feature","geometry":{"type":"Polygon","coordinates":[[[-90.0826,29.99368],[-90.08261,29.99424],[-90.08238,29.99366],[-90.0826,29.99368]]]},"properties":{"FLD_ZONE":"AE","ZONE_SUBTY":null}},{"type":"Feature","geometry":{"type":"Polygon","coordinates":[[[-90.10835,30.00014],[-90.1083,30.00051],[-90.10793,30.00039],[-90.10828,30.0004],[-90.1084,29.99947],[-90.10835,30.00014]]]},"properties":{"FLD_ZONE":"AE","ZONE_SUBTY":null}},{"type":"Feature","geometry":{"type":"Polygon","coordinates":[[[-90.07487,29.87268],[-90.07443,29.87128],[-90.07571,29.87099],[-90.07523,29.87153],[-90.07455,29.8714],[-90.07487,29.87268]]]},"properties":{"FLD_ZONE":"AE","ZONE_SUBTY":null}},{"type":"Feature","geometry":{"type":"Polygon","coordinates":[[[-89.95992,30.01076],[-89.95972,30.01083],[-89.95871,30.01086],[-89.95992,30.01076]]]},"properties":{"FLD_ZONE":"AE","ZONE_SUBTY":null}},{"type":"Feature","geometry":{"type":"Polygon","coordinates":[[[-90.07252,30.00268],[-90.0738,30.00213],[-90.07381,30.00161],[-90.07372,30.0033],[-90.07399,30.00368],[-90.07437,30.00719],[-90.07008,30.00742],[-90.07033,30.00713],[-90.0702,30.00566],[-90.06994,30.00545],[-90.07064,30.00467],[-90.07048,30.0044],[-90.07074,30.00453],[-90.07104,30.00423],[-90.06988,30.00471],[-90.06984,30.00445],[-90.07085,30.00387],[-90.0713,30.00411],[-90.07146,30.00397],[-90.07111,30.0037],[-90.07143,30.00381],[-90.07158,30.00335],[-90.0721,30.00326],[-90.07157,30.00262],[-90.07187,30.00267],[-90.07188,30.00229],[-90.07225,30.00244],[-90.07207,29.99987],[-90.07225,30.00075],[-90.0729,30.00068],[-90.07249,29.99954],[-90.07301,30.00063],[-90.07329,30.00065],[-90.07298,30.00073],[-90.07326,30.00082],[-90.07302,30.00088],[-90.07298,30.00177],[-90.07241,30.00215],[-90.07252,30.00268]],[[-90.07331,30.0051],[-90.07348,30.00522],[-90.07355,30.00473],[-90.07363,30.0053],[-90.07404,30.00522],[-90.07376,30.00342],[-90.07297,30.00416],[-90.07335,30.00446],[-90.07331,30.0051]],[[-90.07295,30.00368],[-90.0738,30.0031],[-90.07375,30.00236],[-90.07275,30.00316],[-90.07304,30.00351],[-90.07262,30.00386],[-90.07221,30.00359],[-90.07261,30.00406],[-90.07295,30.00368]],[[-90.07272,30.0019],[-90.07292,30.00083],[-90.07226,30.00083],[-90.07235,30.00199],[-90.07272,30.0019]],[[-90.07085,30.00595],[-90.07048,30.00566],[-90.07059,30.00643],[-90.0712,30.00627],[-90.07119,30.00597],[-90.07085,30.00595]],[[-90.07096,30.00518],[-90.07099,30.00479],[-90.07133,30.00482],[-90.07105,30.0046],[-90.07045,30.00561],[-90.07076,30.00525],[-90.07119,30.0056],[-90.07144,30.00517],[-90.07096,30.00518]],[[-90.07411,30.00668],[-90.0738,30.00644],[-90.07377,30.00678],[-90.07342,30.00688],[-90.07394,30.00712],[-90.07411,30.00668]],[[-90.07368,30.00567],[-90.07348,30.00545],[-90.07336,30.00593],[-90.07375,30.0057],[-90.07399,30.00621],[-90.07407,30.00553],[-90.07368,30.00567]],[[-90.07111,30.00718],[-90.07141,30.00713],[-90.07112,30.0071],[-90.07104,30.00664],[-90.07066,30.00672],[-90.07102,30.00694],[-90.07089,30.00726],[-90.07111,30.00718]],[[-90.07242,30.00671],[-90.07209,30.00678],[-90.07241,30.00685],[-90.07205,30.00691],[-90.07215,30.00726],[-90.07255,30.00717],[-90.07242,30.00671]],[[-90.07172,30.00463],[-90.07135,30.00483],[-90.07168,30.00495],[-90.07172,30.00463]],[[-90.07205,30.00717],[-90.07177,30.00689],[-90.0718,30.00727],[-90.07205,30.00717]],[[-90.07208,30.00433],[-90.07255,30.00411],[-90.07217,30.0041],[-90.07208,30.00433]],[[-90.07024,30.00542],[-90.0706,30.00492],[-90.07002,30.0054],[-90.07024,30.00542]],[[-90.07319,30.0068],[-90.07305,30.00653],[-90.07297,30.00673],[-90.07319,30.0068]],[[-90.07174,30.00588],[-90.07151,30.00559],[-90.07144,30.00575],[-90.07174,30.00588]],[[-90.07178,30.00603],[-90.07176,30.00593],[-90.07147,30.00597],[-90.07178,30.00603]],[[-90.07333,30.00696],[-90.0731,30.00706],[-90.07329,30.00711],[-90.07333,30.00696]],[[-90.07252,30.00585],[-90.07271,30.00573],[-90.0725,30.00572],[-90.07252,30.00585]],[[-90.07294,30.00479],[-90.07287,30.0046],[-90.07267,30.00482],[-90.07294,30.00479]],[[-90.07209,30.0058],[-90.0718,30.00582],[-90.07189,30.00588],[-90.07209,30.0058]],[[-90.07245,30.00552],[-90.07252,30.00541],[-90.07239,30.00542],[-90.07245,30.00552]],[[-90.07221,30.0049],[-90.07234,30.00472],[-90.07224,30.00471],[-90.07221,30.0049]],[[-90.07188,30.00403],[-90.07168,30.00413],[-90.07197,30.00412],[-90.07188,30.00403]],[[-90.07368,30.00612],[-90.07354,30.00622],[-90.07367,30.00622],[-90.07368,30.00612]],[[-90.07139,30.00678],[-90.07143,30.00667],[-90.07116,30.00664],[-90.07139,30.00678]],[[-90.07163,30.00524],[-90.07172,30.00534],[-90.07181,30.00528],[-90.07163,30.00524]],[[-90.0714,30.00496],[-90.07134,30.00502],[-90.07151,30.00507],[-90.0714,30.00496]],[[-90.07251,30.0047],[-90.07259,30.00451],[-90.07243,30.00461],[-90.07251,30.0047]],[[-90.0727,30.00442],[-90.0728,30.0045],[-90.07285,30.00445],[-90.0727,30.00442]]]},"properties":{"FLD_ZONE":"AE","ZONE_SUBTY":null}},{"type":"Feature","geometry":{"type":"Polygon","coordinates":[[[-90.04596,30.00539],[-90.04585,30.00551],[-90.04577,30.00539],[-90.04596,30.00539]]]},"properties":{"FLD_ZONE":"AE","ZONE_SUBTY":null}},{"type":"Feature","geometry":{"type":"Polygon","coordinates":[[[-90.01269,29.97881],[-90.01218,29.97863],[-90.01266,29.97864],[-90.01269,29.97881]]]},"properties":{"FLD_ZONE":"AE","ZONE_SUBTY":null}},{"type":"Feature","geometry":{"type":"Polygon","coordinates":[[[-89.99629,29.97315],[-89.99599,29.97305],[-89.99605,29.9729],[-89.99629,29.97315]]]},"properties":{"FLD_ZONE":"AE","ZONE_SUBTY":null}},{"type":"Feature","geometry":{"type":"Polygon","coordinates":[[[-89.9743,29.93841],[-89.97408,29.93888],[-89.97407,29.9388],[-89.9743,29.93841]]]},"properties":{"FLD_ZONE":"AE","ZONE_SUBTY":null}},{"type":"Feature","geometry":{"type":"Polygon","coordinates":[[[-89.99702,29.95817],[-89.99676,29.95792],[-89.99709,29.95803],[-89.99702,29.95817]]]},"properties":{"FLD_ZONE":"AE","ZONE_SUBTY":null}},{"type":"Feature","geometry":{"type":"Polygon","coordinates":[[[-89.95897,29.902],[-89.94245,29.89525],[-89.96655,29.89756],[-89.97035,29.90342],[-89.95897,29.902]],[[-89.96378,29.89725],[-89.96363,29.89719],[-89.96349,29.89743],[-89.96378,29.89725]]]},"properties":{"FLD_ZONE":"AE","ZONE_SUBTY":null}},{"type":"Feature","geometry":{"type":"Polygon","coordinates":[[[-90.03441,29.87926],[-90.03455,29.87711],[-90.03686,29.87711],[-90.03696,29.87687],[-90.03494,29.87685],[-90.03512,29.87415],[-90.03545,29.87416],[-90.03528,29.87388],[-90.03478,29.87393],[-90.03457,29.87694],[-90.03514,29.86762],[-90.03744,29.86651],[-90.03956,29.86689],[-90.03986,29.86721],[-90.03952,29.86773],[-90.03979,29.86777],[-90.03984,29.86938],[-90.03921,29.87004],[-90.03965,29.87012],[-90.03975,29.87081],[-90.0396,29.87245],[-90.03941,29.87226],[-90.03907,29.8726],[-90.03957,29.87275],[-90.03948,29.87498],[-90.03926,29.87676],[-90.03896,29.87653],[-90.0387,29.87687],[-90.03922,29.87699],[-90.03917,29.87844],[-90.03906,29.87752],[-90.03875,29.87876],[-90.03836,29.87804],[-90.03805,29.87831],[-90.03804,29.87869],[-90.0383,29.87873],[-90.03802,29.87903],[-90.03857,29.87913],[-90.03441,29.87926]],[[-90.03593,29.87663],[-90.03701,29.87654],[-90.03674,29.87621],[-90.03684,29.87401],[-90.03561,29.87392],[-90.03557,29.87418],[-90.03658,29.87426],[-90.03649,29.87504],[-90.03524,29.87504],[-90.03523,29.8755],[-90.03671,29.87565],[-90.0366,29.87586],[-90.03596,29.8757],[-90.03593,29.87663]],[[-90.03534,29.87674],[-90.03575,29.87671],[-90.03584,29.87571],[-90.0352,29.87572],[-90.03512,29.87667],[-90.03534,29.87674]],[[-90.03892,29.86889],[-90.0392,29.86886],[-90.03919,29.86837],[-90.03892,29.86828],[-90.03927,29.86768],[-90.0388,29.86731],[-90.03865,29.86903],[-90.03892,29.86889]],[[-90.0364,29.87448],[-90.03534,29.87428],[-90.03527,29.8748],[-90.03633,29.87491],[-90.0364,29.87448]],[[-90.03753,29.87758],[-90.03756,29.87795],[-90.03785,29.87766],[-90.0378,29.87585],[-90.03732,29.87614],[-90.03765,29.87629],[-90.03753,29.87758]],[[-90.03495,29.87797],[-90.03469,29.87773],[-90.035,29.87766],[-90.03472,29.87758],[-90.03528,29.87754],[-90.03523,29.87724],[-90.03467,29.87729],[-90.03455,29.8785],[-90.03493,29.87851],[-90.03495,29.87797]],[[-90.03592,29.87774],[-90.03643,29.87776],[-90.03642,29.87724],[-90.0357,29.8775],[-90.03538,29.87725],[-90.03592,29.87774]],[[-90.03702,29.87022],[-90.03736,29.87002],[-90.03713,29.86908],[-90.03687,29.86945],[-90.03702,29.87022]],[[-90.03785,29.87135],[-90.03818,29.87132],[-90.03792,29.87099],[-90.03822,29.8709],[-90.03818,29.87053],[-90.03769,29.8707],[-90.03785,29.87135]],[[-90.03848,29.87149],[-90.03835,29.87188],[-90.03867,29.87206],[-90.03878,29.87101],[-90.03846,29.871],[-90.03848,29.87149]],[[-90.03873,29.87715],[-90.03892,29.87748],[-90.03895,29.87721],[-90.0384,29.87709],[-90.03844,29.87654],[-90.03815,29.87649],[-90.03819,29.87722],[-90.03873,29.87715]],[[-90.03694,29.86783],[-90.03724,29.86793],[-90.0374,29.86732],[-90.03686,29.86759],[-90.03694,29.86783]],[[-90.03753,29.87838],[-90.03762,29.87906],[-90.03777,29.87843],[-90.03753,29.87838]],[[-90.03868,29.87279],[-90.0387,29.87241],[-90.03837,29.87238],[-90.03836,29.87283],[-90.03868,29.87279]],[[-90.03789,29.87192],[-90.03811,29.87211],[-90.03816,29.87152],[-90.03789,29.87192]],[[-90.03849,29.87319],[-90.03831,29.87358],[-90.03853,29.87371],[-90.03849,29.87319]],[[-90.03603,29.87887],[-90.0363,29.8791],[-90.03648,29.87879],[-90.03603,29.87887]],[[-90.03656,29.86884],[-90.03713,29.86852],[-90.03668,29.86839],[-90.03637,29.86874],[-90.03656,29.86884]],[[-90.0384,29.87444],[-90.03858,29.87399],[-90.03828,29.87401],[-90.0384,29.87444]],[[-90.03644,29.86929],[-90.03632,29.86967],[-90.03654,29.86971],[-90.03644,29.86929]],[[-90.03832,29.87532],[-90.03852,29.87534],[-90.03842,29.87498],[-90.03832,29.87532]],[[-90.03764,29.87484],[-90.03784,29.87499],[-90.03797,29.87446],[-90.03764,29.87484]],[[-90.03592,29.87303],[-90.036,29.87329],[-90.03636,29.87307],[-90.03592,29.87303]],[[-90.03787,29.87321],[-90.03779,29.87352],[-90.03799,29.87356],[-90.03787,29.87321]]]},"properties":{"FLD_ZONE":"AE","ZONE_SUBTY":null}},{"type":"Feature","geometry":{"type":"Polygon","coordinates":[[[-89.87725,30.03144],[-89.87715,30.03158],[-89.877,30.03139],[-89.87725,30.03144]]]},"properties":{"FLD_ZONE":"AE","ZONE_SUBTY":null}},{"type":"Feature","geometry":{"type":"Polygon","coordinates":[[[-90.00798,29.87034],[-90.00775,29.87044],[-90.00741,29.86994],[-90.00798,29.87034]]]},"properties":{"FLD_ZONE":"AE","ZONE_SUBTY":null}},{"type":"Feature","geometry":{"type":"Polygon","coordinates":[[[-89.89747,29.91606],[-89.89768,29.91583],[-89.89799,29.91569],[-89.89747,29.91606]]]},"properties":{"FLD_ZONE":"AE","ZONE_SUBTY":null}},{"type":"Feature","geometry":{"type":"Polygon","coordinates":[[[-89.89949,30.04387],[-89.8981,30.04513],[-89.89739,30.04483],[-89.89561,30.04611],[-89.89432,30.0452],[-89.89537,30.04475],[-89.89637,30.04395],[-89.89643,30.04346],[-89.8983,30.04233],[-89.89948,30.04343],[-89.89949,30.04387]]]},"properties":{"FLD_ZONE":"AE","ZONE_SUBTY":null}},{"type":"Feature","geometry":{"type":"Polygon","coordinates":[[[-90.08222,29.94697],[-90.08195,29.94693],[-90.08178,29.94668],[-90.08222,29.94697]]]},"properties":{"FLD_ZONE":"AE","ZONE_SUBTY":null}},{"type":"Feature","geometry":{"type":"Polygon","coordinates":[[[-89.99166,30.00887],[-89.99218,30.0088],[-89.99225,30.00882],[-89.99166,30.00887]]]},"properties":{"FLD_ZONE":"AE","ZONE_SUBTY":null}},{"type":"Feature","geometry":{"type":"Polygon","coordinates":[[[-90.004,30.00127],[-90.00377,30.00118],[-90.00465,30.00111],[-90.004,30.00127]]]},"properties":{"FLD_ZONE":"AE","ZONE_SUBTY":null}},{"type":"Feature","geometry":{"type":"Polygon","coordinates":[[[-89.93466,29.9384],[-89.93519,29.93851],[-89.93393,29.94073],[-89.93348,29.94059],[-89.93466,29.9384]]]},"properties":{"FLD_ZONE":"AE","ZONE_SUBTY":null}},{"type":"Feature","geometry":{"type":"Polygon","coordinates":[[[-90.01137,29.95699],[-90.01127,29.95711],[-90.01151,29.95665],[-90.01137,29.95699]]]},"properties":{"FLD_ZONE":"AE","ZONE_SUBTY":null}},{"type":"Feature","geometry":{"type":"Polygon","coordinates":[[[-90.01426,29.95939],[-90.01438,29.95897],[-90.01443,29.95895],[-90.01426,29.95939]]]},"properties":{"FLD_ZONE":"AE","ZONE_SUBTY":null}},{"type":"Feature","geometry":{"type":"Polygon","coordinates":[[[-89.89492,29.92453],[-89.9019,29.91918],[-89.8976,29.92275],[-89.89492,29.92453]]]},"properties":{"FLD_ZONE":"AE","ZONE_SUBTY":null}},{"type":"Feature","geometry":{"type":"Polygon","coordinates":[[[-90.0417,29.92895],[-90.04167,29.92934],[-90.03954,29.9274],[-90.03973,29.92713],[-90.0417,29.92895]]]},"properties":{"FLD_ZONE":"AE","ZONE_SUBTY":null}},{"type":"Feature","geometry":{"type":"Polygon","coordinates":[[[-90.03088,29.87903],[-90.03094,29.87883],[-90.03109,29.87953],[-90.03088,29.87903]]]},"properties":{"FLD_ZONE":"AE","ZONE_SUBTY":null}},{"type":"Feature","geometry":{"type":"Polygon","coordinates":[[[-89.88011,29.8727],[-89.87967,29.87272],[-89.87957,29.87261],[-89.88011,29.8727]]]},"properties":{"FLD_ZONE":"AE","ZONE_SUBTY":null}},{"type":"Feature","geometry":{"type":"Polygon","coordinates":[[[-89.89585,29.90254],[-89.89577,29.90233],[-89.89609,29.90242],[-89.89585,29.90254]]]},"properties":{"FLD_ZONE":"AE","ZONE_SUBTY":null}},{"type":"Feature","geometry":{"type":"Polygon","coordinates":[[[-90.10661,30.00309],[-90.10649,30.00306],[-90.10651,30.00284],[-90.10661,30.00309]]]},"properties":{"FLD_ZONE":"AE","ZONE_SUBTY":null}},{"type":"Feature","geometry":{"type":"Polygon","coordinates":[[[-90.04038,30.02812],[-90.04033,30.02872],[-90.04,30.02824],[-90.04038,30.02812]]]},"properties":{"FLD_ZONE":"AE","ZONE_SUBTY":null}},{"type":"Feature","geometry":{"type":"Polygon","coordinates":[[[-90.0997,29.87978],[-90.10002,29.87976],[-90.1,29.87841],[-90.10048,29.87844],[-90.10038,29.87873],[-90.10062,29.87875],[-90.10082,29.8784],[-90.10149,29.87897],[-90.10186,29.87865],[-90.10193,29.87899],[-90.10233,29.87845],[-90.10203,29.87862],[-90.10165,29.87817],[-90.10121,29.87829],[-90.10122,29.87784],[-90.09979,29.87785],[-90.09977,29.87734],[-90.10007,29.87734],[-90.1002,29.87781],[-90.10043,29.87733],[-90.10136,29.87729],[-90.10133,29.87678],[-90.09919,29.87675],[-90.09916,29.87618],[-90.09959,29.87617],[-90.09965,29.87649],[-90.09976,29.87613],[-90.10365,29.87606],[-90.10427,29.87642],[-90.10436,29.87614],[-90.10438,29.87659],[-90.10452,29.87625],[-90.10472,29.87655],[-90.10528,29.87639],[-90.10523,29.87703],[-90.10578,29.87671],[-90.10618,29.87717],[-90.10658,29.87705],[-90.10672,29.88009],[-90.10595,29.88011],[-90.10585,29.87958],[-90.10585,29.88007],[-90.10543,29.8801],[-90.10555,29.87947],[-90.10522,29.88014],[-90.10431,29.88013],[-90.10467,29.88],[-90.10445,29.87973],[-90.10397,29.88013],[-90.10406,29.87908],[-90.10371,29.879],[-90.10354,29.87984],[-90.10389,29.88012],[-90.1033,29.87988],[-90.10299,29.88014],[-90.09942,29.88022],[-90.09938,29.87982],[-90.0997,29.87978]],[[-90.10307,29.87837],[-90.10312,29.87791],[-90.10267,29.87805],[-90.10266,29.87841],[-90.10307,29.87837]],[[-90.10305,29.87981],[-90.10336,29.87966],[-90.10308,29.87907],[-90.10305,29.87981]],[[-90.10647,29.87947],[-90.1067,29.87957],[-90.10667,29.87901],[-90.10634,29.87917],[-90.10647,29.87947]],[[-90.10582,29.87934],[-90.10602,29.87909],[-90.10565,29.87901],[-90.10582,29.87934]],[[-90.10343,29.87891],[-90.10361,29.87849],[-90.10327,29.87877],[-90.10343,29.87891]],[[-90.1028,29.8789],[-90.10285,29.87845],[-90.10267,29.87866],[-90.1028,29.8789]]]},"properties":{"FLD_ZONE":"AE","ZONE_SUBTY":null}},{"type":"Feature","geometry":{"type":"Polygon","coordinates":[[[-90.04005,30.01227],[-90.03949,30.01261],[-90.0399,30.01206],[-90.04005,30.01227]]]},"properties":{"FLD_ZONE":"AE","ZONE_SUBTY":null}},{"type":"Feature","geometry":{"type":"Polygon","coordinates":[[[-89.99692,29.97307],[-89.99665,29.97309],[-89.99616,29.97224],[-89.99602,29.97049],[-89.99803,29.96655],[-89.99804,29.96735],[-89.99842,29.96685],[-89.99793,29.96817],[-89.99825,29.96818],[-89.99865,29.96746],[-89.99815,29.96871],[-89.99898,29.96775],[-89.99824,29.96942],[-89.99848,29.9695],[-89.99867,29.96899],[-89.9991,29.96918],[-89.99936,29.96879],[-89.99883,29.97016],[-89.99953,29.97048],[-89.99977,29.97005],[-89.99935,29.97048],[-89.99909,29.97156],[-90.0004,29.96896],[-89.99923,29.97167],[-89.99831,29.97131],[-89.99905,29.97156],[-89.99933,29.97072],[-89.99902,29.9705],[-89.99815,29.97156],[-89.998,29.97246],[-89.99894,29.97211],[-89.99932,29.97229],[-89.99852,29.97397],[-89.99684,29.97335],[-89.99692,29.97307]],[[-89.99754,29.97169],[-89.9981,29.97131],[-89.99846,29.97049],[-89.99742,29.96987],[-89.99825,29.97008],[-89.99782,29.96986],[-89.99797,29.96915],[-89.99754,29.96971],[-89.99712,29.96966],[-89.99741,29.96985],[-89.9969,29.96973],[-89.99649,29.9708],[-89.99738,29.97097],[-89.99754,29.97169]],[[-89.99763,29.96823],[-89.9981,29.96742],[-89.99759,29.96754],[-89.99763,29.96823]],[[-89.99772,29.97237],[-89.998,29.97203],[-89.99786,29.97169],[-89.99772,29.97237]],[[-89.99872,29.96963],[-89.99846,29.96993],[-89.99859,29.97014],[-89.99872,29.96963]],[[-89.99764,29.96929],[-89.99775,29.96904],[-89.99746,29.96909],[-89.99764,29.96929]],[[-89.99786,29.96847],[-89.9977,29.96861],[-89.99797,29.96868],[-89.99786,29.96847]],[[-89.99741,29.96856],[-89.99759,29.96836],[-89.99724,29.96847],[-89.99741,29.96856]],[[-89.99885,29.96954],[-89.99898,29.96943],[-89.99874,29.9693],[-89.99885,29.96954]],[[-89.99781,29.96893],[-89.99792,29.96872],[-89.9977,29.96885],[-89.99781,29.96893]],[[-89.99787,29.96835],[-89.99803,29.96829],[-89.99787,29.96822],[-89.99787,29.96835]],[[-89.99735,29.96869],[-89.99734,29.96858],[-89.99717,29.96857],[-89.99735,29.96869]],[[-89.99823,29.96953],[-89.99833,29.96969],[-89.99841,29.96965],[-89.99823,29.96953]]]},"properties":{"FLD_ZONE":"AE","ZONE_SUBTY":null}},{"type":"Feature","geometry":{"type":"Polygon","coordinates":[[[-89.98214,29.95232],[-89.98166,29.95211],[-89.98212,29.95171],[-89.98236,29.95081],[-89.9821,29.95148],[-89.98239,29.95163],[-89.98189,29.95207],[-89.98214,29.95232]]]},"properties":{"FLD_ZONE":"AE","ZONE_SUBTY":null}},{"type":"Feature","geometry":{"type":"Polygon","coordinates":[[[-89.89685,29.89751],[-89.89681,29.89742],[-89.89713,29.89736],[-89.89685,29.89751]]]},"properties":{"FLD_ZONE":"AE","ZONE_SUBTY":null}},{"type":"Feature","geometry":{"type":"Polygon","coordinates":[[[-90.1234,29.96902],[-90.12274,29.96854],[-90.12347,29.96895],[-90.12411,29.96843],[-90.1234,29.96902]]]},"properties":{"FLD_ZONE":"AE","ZONE_SUBTY":null}},{"type":"Feature","geometry":{"type":"Polygon","coordinates":[[[-90.00534,30.02624],[-90.00372,30.02659],[-90.00366,30.02688],[-90.00318,30.02481],[-90.00284,30.02478],[-90.00567,30.02432],[-90.0063,30.02569],[-90.00561,30.02439],[-90.0049,30.02451],[-90.00522,30.02556],[-90.0048,30.02452],[-90.00326,30.02482],[-90.00364,30.02649],[-90.00437,30.02639],[-90.0044,30.02602],[-90.00452,30.02636],[-90.00534,30.02624]]]},"properties":{"FLD_ZONE":"AE","ZONE_SUBTY":null}},{"type":"Feature","geometry":{"type":"Polygon","coordinates":[[[-89.96663,29.96181],[-89.96634,29.9617],[-89.96769,29.95927],[-89.96783,29.95953],[-89.96888,29.95961],[-89.96841,29.95915],[-89.96916,29.95948],[-89.96907,29.95982],[-89.96947,29.95996],[-89.96929,29.9605],[-89.96976,29.95997],[-89.96841,29.96249],[-89.96663,29.96181]],[[-89.96861,29.96173],[-89.96882,29.96158],[-89.96864,29.96183],[-89.96861,29.96173]],[[-89.96921,29.9607],[-89.96902,29.9608],[-89.96917,29.96088],[-89.96921,29.9607]]]},"properties":{"FLD_ZONE":"AE","ZONE_SUBTY":null}},{"type":"Feature","geometry":{"type":"Polygon","coordinates":[[[-89.99495,29.99369],[-89.99507,29.99382],[-89.99471,29.99388],[-89.99495,29.99369]]]},"properties":{"FLD_ZONE":"AE","ZONE_SUBTY":null}},{"type":"Feature","geometry":{"type":"Polygon","coordinates":[[[-90.06928,30.03586],[-90.06696,30.03604],[-90.06602,30.03653],[-90.06542,30.03192],[-90.06775,30.03248],[-90.06878,30.03218],[-90.06928,30.03586]]]},"properties":{"FLD_ZONE":"VE","ZONE_SUBTY":null}},{"type":"Feature","geometry":{"type":"Polygon","coordinates":[[[-90.01815,29.967],[-90.01873,29.96714],[-90.0184,29.96714],[-90.01815,29.967]]]},"properties":{"FLD_ZONE":"AE","ZONE_SUBTY":null}},{"type":"Feature","geometry":{"type":"Polygon","coordinates":[[[-90.05187,29.91866],[-90.05156,29.91313],[-90.05214,29.91259],[-90.0519,29.91224],[-90.05288,29.91154],[-90.05331,29.91185],[-90.05303,29.91206],[-90.0536,29.91208],[-90.05612,29.91525],[-90.05467,29.91376],[-90.05422,29.91406],[-90.05614,29.91625],[-90.05596,29.91643],[-90.05463,29.9149],[-90.05427,29.91503],[-90.0545,29.91486],[-90.05426,29.91442],[-90.05376,29.91431],[-90.05395,29.91467],[-90.05371,29.91492],[-90.05419,29.91494],[-90.05427,29.91554],[-90.05469,29.91559],[-90.05451,29.91585],[-90.05488,29.91585],[-90.0546,29.91606],[-90.05475,29.91632],[-90.0544,29.91606],[-90.05388,29.91619],[-90.05429,29.91589],[-90.05383,29.91609],[-90.05397,29.91552],[-90.05313,29.9157],[-90.0538,29.9161],[-90.05356,29.91634],[-90.05418,29.91727],[-90.05288,29.91578],[-90.05227,29.9162],[-90.05334,29.91769],[-90.05185,29.91626],[-90.05187,29.91866]],[[-90.05348,29.91361],[-90.05376,29.9139],[-90.05431,29.91345],[-90.05409,29.91321],[-90.05348,29.91361]],[[-90.05289,29.91303],[-90.05312,29.91336],[-90.05341,29.9132],[-90.0527,29.91282],[-90.05294,29.91266],[-90.05262,29.91277],[-90.05289,29.91303]],[[-90.053,29.9155],[-90.05372,29.91544],[-90.05327,29.91545],[-90.05313,29.91514],[-90.05281,29.9152],[-90.053,29.9155]],[[-90.05187,29.91552],[-90.05246,29.91536],[-90.05228,29.91521],[-90.05187,29.91552]]]},"properties":{"FLD_ZONE":"AE","ZONE_SUBTY":null}},{"type":"Feature","geometry":{"type":"Polygon","coordinates":[[[-90.00207,29.8762],[-90.00129,29.87551],[-90.00209,29.87606],[-90.00207,29.8762]]]},"properties":{"FLD_ZONE":"AE","ZONE_SUBTY":null}},{"type":"Feature","geometry":{"type":"Polygon","coordinates":[[[-90.13627,29.97255],[-90.13235,29.97231],[-90.13168,29.97203],[-90.12987,29.97204],[-90.13111,29.97223],[-90.12642,29.97194],[-90.12723,29.97192],[-90.12654,29.97178],[-90.12663,29.97156],[-90.12684,29.97173],[-90.1266,29.97145],[-90.12692,29.97098],[-90.1267,29.97109],[-90.12852,29.96865],[-90.12839,29.96846],[-90.12881,29.9685],[-90.1287,29.96885],[-90.12819,29.96908],[-90.12776,29.9699],[-90.1283,29.96926],[-90.12855,29.96926],[-90.12826,29.96964],[-90.12991,29.96868],[-90.13175,29.96866],[-90.1304,29.9683],[-90.12979,29.96843],[-90.12967,29.96815],[-90.13059,29.96679],[-90.13187,29.96667],[-90.13271,29.96772],[-90.13304,29.96741],[-90.13333,29.96759],[-90.13369,29.96711],[-90.13546,29.96752],[-90.13494,29.96859],[-90.13288,29.96859],[-90.13312,29.96784],[-90.13276,29.96864],[-90.13206,29.96866],[-90.13267,29.96878],[-90.13242,29.96947],[-90.13295,29.96874],[-90.14221,29.96946],[-90.14269,29.96967],[-90.14177,29.96972],[-90.1433,29.97024],[-90.14289,29.97136],[-90.14228,29.97187],[-90.14256,29.97223],[-90.1424,29.97267],[-90.14048,29.97239],[-90.14104,29.97252],[-90.14065,29.97272],[-90.13627,29.97255]],[[-90.14126,29.97],[-90.14037,29.97197],[-90.14193,29.97198],[-90.14275,29.97031],[-90.14126,29.97]],[[-90.13913,29.97025],[-90.13952,29.97042],[-90.13967,29.97014],[-90.13887,29.96982],[-90.13873,29.97019],[-90.13913,29.97025]],[[-90.14028,29.96969],[-90.13989,29.96946],[-90.13892,29.96953],[-90.14028,29.96969]],[[-90.13426,29.96831],[-90.13454,29.96781],[-90.13403,29.96776],[-90.13398,29.96826],[-90.13426,29.96831]],[[-90.13797,29.97011],[-90.13843,29.96993],[-90.13808,29.96984],[-90.13797,29.97011]]]},"properties":{"FLD_ZONE":"AE","ZONE_SUBTY":null}},{"type":"Feature","geometry":{"type":"Polygon","coordinates":[[[-90.08585,30.00493],[-90.08586,30.00631],[-90.08548,30.00662],[-90.08592,30.00728],[-90.08596,30.01036],[-90.08579,30.01085],[-90.0852,30.01104],[-90.08583,30.01142],[-90.08516,30.01576],[-90.08432,30.01909],[-90.08303,30.02081],[-90.08387,30.01866],[-90.08358,30.01247],[-90.08497,30.01096],[-90.08428,30.01012],[-90.08474,30.00762],[-90.08435,30.00691],[-90.08514,30.00675],[-90.08401,30.00631],[-90.08498,30.00374],[-90.08311,30.00186],[-90.08273,30.00075],[-90.08503,29.99964],[-90.08447,29.9966],[-90.08553,29.99497],[-90.08599,29.99287],[-90.08638,29.99268],[-90.08617,29.99455],[-90.08541,29.99671],[-90.08578,29.99897],[-90.08544,29.99934],[-90.08582,29.99967],[-90.08585,30.00493]],[[-90.085,30.00043],[-90.08498,29.99996],[-90.08404,30.00026],[-90.08337,30.0006],[-90.08318,30.00112],[-90.08368,30.00211],[-90.08514,30.00345],[-90.085,30.00043]]]},"properties":{"FLD_ZONE":"AE","ZONE_SUBTY":null}},{"type":"Feature","geometry":{"type":"Polygon","coordinates":[[[-90.13494,29.96374],[-90.13403,29.96435],[-90.13395,29.96401],[-90.13482,29.96246],[-90.13523,29.96251],[-90.13502,29.96209],[-90.13564,29.96173],[-90.13596,29.96058],[-90.13608,29.96117],[-90.13494,29.96374]]]},"properties":{"FLD_ZONE":"AE","ZONE_SUBTY":null}},{"type":"Feature","geometry":{"type":"Polygon","coordinates":[[[-90.11037,29.88783],[-90.11376,29.8878],[-90.11017,29.88794],[-90.11037,29.88783]]]},"properties":{"FLD_ZONE":"AE","ZONE_SUBTY":null}},{"type":"Feature","geometry":{"type":"Polygon","coordinates":[[[-90.0187,29.97455],[-90.01871,29.97436],[-90.01888,29.97446],[-90.0187,29.97455]]]},"properties":{"FLD_ZONE":"AE","ZONE_SUBTY":null}},{"type":"Feature","geometry":{"type":"Polygon","coordinates":[[[-89.98892,30.00238],[-89.98873,30.00176],[-89.98889,30.002],[-89.98917,30.00195],[-89.98899,30.00179],[-89.98989,30.00191],[-89.98936,30.002],[-89.98985,30.00222],[-89.99018,30.00192],[-89.99076,30.00244],[-89.99061,30.00201],[-89.99118,30.00226],[-89.99263,30.00203],[-89.99333,30.0083],[-89.99315,30.00789],[-89.99225,30.00769],[-89.99191,30.00801],[-89.99248,30.00845],[-89.99147,30.00855],[-89.99194,30.00847],[-89.99197,30.00817],[-89.9915,30.008],[-89.99146,30.00719],[-89.99099,30.00699],[-89.99071,30.00427],[-89.99018,30.00399],[-89.98978,30.00302],[-89.98868,30.00394],[-89.98857,30.00284],[-89.98814,30.00212],[-89.98759,30.00246],[-89.98783,30.00237],[-89.98744,30.00167],[-89.98806,30.00124],[-89.98797,30.00179],[-89.98843,30.00189],[-89.98839,30.00219],[-89.98863,30.00181],[-89.98867,30.00257],[-89.98892,30.00238]],[[-89.99027,30.00271],[-89.99041,30.0025],[-89.99028,30.00254],[-89.99027,30.00271]],[[-89.98877,30.00278],[-89.98867,30.00261],[-89.98865,30.00277],[-89.98877,30.00278]],[[-89.9886,30.00265],[-89.98861,30.00251],[-89.98845,30.00256],[-89.9886,30.00265]]]},"properties":{"FLD_ZONE":"AE","ZONE_SUBTY":null}},{"type":"Feature","geometry":{"type":"Polygon","coordinates":[[[-90.00599,29.95792],[-90.00563,29.95777],[-90.006,29.95669],[-90.00531,29.95665],[-90.00551,29.95698],[-90.00477,29.95742],[-90.005,29.95676],[-90.00481,29.95657],[-90.00519,29.95636],[-90.0049,29.95621],[-90.00538,29.95601],[-90.00578,29.9552],[-90.00567,29.95565],[-90.00651,29.95559],[-90.00701,29.95489],[-90.0064,29.95453],[-90.00707,29.95477],[-90.00731,29.95438],[-90.00717,29.95481],[-90.0074,29.95491],[-90.0069,29.95545],[-90.00726,29.95547],[-90.00688,29.9557],[-90.00703,29.95596],[-90.00663,29.956],[-90.00683,29.95638],[-90.0062,29.95757],[-90.00601,29.95737],[-90.00578,29.95774],[-90.00599,29.95792]],[[-90.00587,29.95636],[-90.00624,29.9559],[-90.00584,29.95556],[-90.00554,29.95622],[-90.00587,29.95636]]]},"properties":{"FLD_ZONE":"AE","ZONE_SUBTY":null}},{"type":"Feature","geometry":{"type":"Polygon","coordinates":[[[-89.97779,29.95586],[-89.97733,29.95571],[-89.97808,29.95567],[-89.97804,29.95599],[-89.97779,29.95586]]]},"properties":{"FLD_ZONE":"AE","ZONE_SUBTY":null}},{"type":"Feature","geometry":{"type":"Polygon","coordinates":[[[-89.97524,29.95282],[-89.97518,29.9526],[-89.9755,29.95254],[-89.97524,29.95282]]]},"properties":{"FLD_ZONE":"AE","ZONE_SUBTY":null}},{"type":"Feature","geometry":{"type":"Polygon","coordinates":[[[-89.9297,29.91172],[-89.92992,29.91179],[-89.92927,29.91207],[-89.9297,29.91172]]]},"properties":{"FLD_ZONE":"AE","ZONE_SUBTY":null}},{"type":"Feature","geometry":{"type":"Polygon","coordinates":[[[-89.88085,29.90305],[-89.88051,29.90229],[-89.88259,29.90179],[-89.8828,29.90137],[-89.88208,29.90079],[-89.87991,29.90147],[-89.87663,29.89577],[-89.87565,29.89326],[-89.87566,29.88376],[-89.87805,29.88372],[-89.87824,29.88268],[-89.87922,29.88292],[-89.8801,29.88381],[-89.88056,29.88458],[-89.88011,29.88416],[-89.88051,29.88515],[-89.87988,29.88525],[-89.88047,29.88539],[-89.88084,29.88509],[-89.88073,29.88485],[-89.8829,29.88831],[-89.8828,29.88856],[-89.88311,29.88864],[-89.88442,29.89075],[-89.88459,29.89162],[-89.8849,29.89162],[-89.88455,29.89099],[-89.88515,29.89196],[-89.88482,29.89171],[-89.88525,29.89242],[-89.88482,29.89217],[-89.88549,29.89265],[-89.88518,29.892],[-89.88746,29.89567],[-89.88719,29.89546],[-89.887,29.89565],[-89.88726,29.89581],[-89.8863,29.89601],[-89.88639,29.89633],[-89.88759,29.89599],[-89.88751,29.89577],[-89.88772,29.89603],[-89.88586,29.89653],[-89.88505,29.89733],[-89.8856,29.89723],[-89.88542,29.8971],[-89.88583,29.89663],[-89.8874,29.89647],[-89.88734,29.89622],[-89.88819,29.89731],[-89.88852,29.89726],[-89.88821,29.89744],[-89.88845,29.8979],[-89.88886,29.89785],[-89.88817,29.89812],[-89.88801,29.89862],[-89.88847,29.89798],[-89.88884,29.89804],[-89.88953,29.89856],[-89.88934,29.89885],[-89.8897,29.89893],[-89.88996,29.89949],[-89.88771,29.90025],[-89.89008,29.89974],[-89.88966,29.8999],[-89.89014,29.89988],[-89.8905,29.90064],[-89.88952,29.9009],[-89.89037,29.90068],[-89.89062,29.9009],[-89.88085,29.90305]],[[-89.88252,29.8887],[-89.88246,29.8882],[-89.88283,29.88835],[-89.88243,29.88768],[-89.88137,29.88793],[-89.88115,29.88772],[-89.87956,29.88832],[-89.88178,29.88806],[-89.88241,29.88828],[-89.88252,29.8887]],[[-89.88512,29.89666],[-89.88631,29.89636],[-89.8862,29.89595],[-89.88619,29.89633],[-89.88539,29.89615],[-89.88525,29.89636],[-89.88562,29.89639],[-89.88511,29.89643],[-89.88512,29.89666]],[[-89.87808,29.88824],[-89.8794,29.88821],[-89.87948,29.88786],[-89.87943,29.88812],[-89.87808,29.88824]],[[-89.88709,29.89543],[-89.88727,29.89543],[-89.88652,29.89447],[-89.88709,29.89543]],[[-89.88577,29.89448],[-89.88566,29.89418],[-89.88554,29.89445],[-89.88495,29.89441],[-89.88577,29.89448]],[[-89.88438,29.8975],[-89.88498,29.89739],[-89.88456,29.89736],[-89.8848,29.89714],[-89.88438,29.8975]],[[-89.88327,29.89867],[-89.88407,29.89755],[-89.88351,29.89813],[-89.88327,29.89867]],[[-89.88602,29.89357],[-89.88565,29.89282],[-89.88547,29.89271],[-89.88602,29.89357]],[[-89.88587,29.89466],[-89.88658,29.89485],[-89.88627,29.8945],[-89.88587,29.89466]],[[-89.88281,29.89901],[-89.88223,29.89982],[-89.88319,29.89885],[-89.88281,29.89901]],[[-89.87953,29.88858],[-89.87946,29.88825],[-89.87888,29.88834],[-89.87953,29.88858]],[[-89.885,29.89715],[-89.8857,29.89657],[-89.88523,29.89671],[-89.885,29.89715]],[[-89.88119,29.90285],[-89.88204,29.90268],[-89.8814,29.90261],[-89.88119,29.90285]],[[-89.88206,29.88767],[-89.88239,29.8876],[-89.88216,29.88727],[-89.88206,29.88767]],[[-89.88625,29.89402],[-89.88645,29.89439],[-89.8866,29.89436],[-89.88625,29.89402]],[[-89.8821,29.89985],[-89.88294,29.89877],[-89.88233,29.89932],[-89.8821,29.89985]],[[-89.8765,29.88863],[-89.87696,29.88841],[-89.87579,29.88845],[-89.8765,29.88863]],[[-89.88481,29.89414],[-89.88468,29.89451],[-89.88514,29.89429],[-89.88481,29.89414]],[[-89.88081,29.88541],[-89.88116,29.88564],[-89.88095,29.88529],[-89.88081,29.88541]],[[-89.88127,29.90038],[-89.88169,29.90033],[-89.88223,29.89986],[-89.88127,29.90038]],[[-89.88413,29.89439],[-89.88424,29.8941],[-89.88369,29.89424],[-89.88413,29.89439]],[[-89.8823,29.90262],[-89.88331,29.9024],[-89.88315,29.90232],[-89.8823,29.90262]],[[-89.88437,29.89452],[-89.88469,29.89422],[-89.88417,29.89433],[-89.88437,29.89452]],[[-89.88628,29.89435],[-89.88583,29.89456],[-89.8864,29.89455],[-89.88628,29.89435]],[[-89.87686,29.88838],[-89.87716,29.88834],[-89.8763,29.88825],[-89.87686,29.88838]],[[-89.88035,29.88577],[-89.88063,29.88569],[-89.88059,29.88542],[-89.88035,29.88577]],[[-89.88307,29.88873],[-89.8831,29.88903],[-89.88329,29.88909],[-89.88307,29.88873]],[[-89.88917,29.89932],[-89.88929,29.89978],[-89.88938,29.89959],[-89.88917,29.89932]],[[-89.88376,29.89458],[-89.88345,29.89399],[-89.88349,29.89432],[-89.88376,29.89458]],[[-89.88568,29.90073],[-89.88636,29.90056],[-89.8856,29.90059],[-89.88568,29.90073]],[[-89.88345,29.89809],[-89.88328,29.898],[-89.88329,29.89842],[-89.88345,29.89809]],[[-89.88944,29.90028],[-89.88947,29.90056],[-89.88969,29.90032],[-89.88944,29.90028]],[[-89.88023,29.88512],[-89.88027,29.88479],[-89.88,29.88484],[-89.88023,29.88512]],[[-89.88656,29.9017],[-89.88663,29.9015],[-89.88648,29.9016],[-89.88656,29.9017]],[[-89.87848,29.88538],[-89.87899,29.88535],[-89.87913,29.88525],[-89.87848,29.88538]],[[-89.88086,29.90048],[-89.8814,29.90025],[-89.8807,29.90044],[-89.88086,29.90048]],[[-89.88504,29.90073],[-89.88471,29.90053],[-89.88474,29.90064],[-89.88504,29.90073]],[[-89.87987,29.88802],[-89.87961,29.88815],[-89.88002,29.88811],[-89.87987,29.88802]],[[-89.88305,29.89291],[-89.88278,29.89233],[-89.88289,29.89269],[-89.88305,29.89291]],[[-89.878,29.88825],[-89.87746,29.88832],[-89.87794,29.88831],[-89.878,29.88825]],[[-89.88994,29.90039],[-89.88971,29.90036],[-89.88983,29.90056],[-89.88994,29.90039]],[[-89.89005,29.90026],[-89.89009,29.90044],[-89.89013,29.90013],[-89.89005,29.90026]],[[-89.88163,29.90021],[-89.88185,29.90002],[-89.88164,29.90005],[-89.88163,29.90021]],[[-89.87849,29.88831],[-89.87811,29.88836],[-89.87839,29.88838],[-89.87849,29.88831]],[[-89.88302,29.89875],[-89.88332,29.89845],[-89.88297,29.89873],[-89.88302,29.89875]],[[-89.8794,29.88566],[-89.8794,29.88539],[-89.87917,29.8854],[-89.8794,29.88566]],[[-89.88673,29.90105],[-89.88691,29.9009],[-89.88678,29.90082],[-89.88673,29.90105]],[[-89.8838,29.90225],[-89.88407,29.90221],[-89.88425,29.90211],[-89.8838,29.90225]],[[-89.88253,29.89905],[-89.88255,29.8989],[-89.88241,29.899],[-89.88253,29.89905]],[[-89.88788,29.89737],[-89.88749,29.89753],[-89.88793,29.8974],[-89.88788,29.89737]],[[-89.88346,29.89805],[-89.88372,29.89775],[-89.88363,29.89778],[-89.88346,29.89805]],[[-89.88558,29.90185],[-89.88584,29.90181],[-89.88562,29.90174],[-89.88558,29.90185]],[[-89.87979,29.90039],[-89.87991,29.9003],[-89.87975,29.90017],[-89.87979,29.90039]],[[-89.8845,29.89629],[-89.8843,29.89587],[-89.88446,29.89631],[-89.8845,29.89629]],[[-89.88272,29.9013],[-89.88296,29.9013],[-89.88279,29.90123],[-89.88272,29.9013]],[[-89.88348,29.89391],[-89.8833,29.89356],[-89.88326,29.89365],[-89.88348,29.89391]],[[-89.88803,29.89809],[-89.88834,29.89805],[-89.88811,29.89798],[-89.88803,29.89809]],[[-89.88398,29.89508],[-89.88378,29.89464],[-89.88394,29.89507],[-89.88398,29.89508]],[[-89.88311,29.89829],[-89.88328,29.89825],[-89.88313,29.89814],[-89.88311,29.89829]],[[-89.88766,29.90129],[-89.88761,29.90138],[-89.88782,29.90128],[-89.88766,29.90129]],[[-89.88605,29.89619],[-89.88585,29.89627],[-89.88613,29.89627],[-89.88605,29.89619]],[[-89.88429,29.90213],[-89.88453,29.90208],[-89.8844,29.90204],[-89.88429,29.90213]],[[-89.88587,29.90176],[-89.88612,29.90176],[-89.88593,29.90169],[-89.88587,29.90176]],[[-89.88711,29.89662],[-89.88709,29.89647],[-89.88699,29.89646],[-89.88711,29.89662]],[[-89.88714,29.89928],[-89.88707,29.89944],[-89.88722,29.89954],[-89.88714,29.89928]],[[-89.88077,29.88637],[-89.88077,29.88614],[-89.88061,29.88624],[-89.88077,29.88637]],[[-89.88072,29.90244],[-89.88088,29.90231],[-89.88064,29.90238],[-89.88072,29.90244]],[[-89.88382,29.89764],[-89.88397,29.8975],[-89.88388,29.89751],[-89.88382,29.89764]]]},"properties":{"FLD_ZONE":"AE","ZONE_SUBTY":null}},{"type":"Feature","geometry":{"type":"Polygon","coordinates":[[[-90.12133,29.99712],[-90.1212,29.99697],[-90.12132,29.99691],[-90.12133,29.99712]]]},"properties":{"FLD_ZONE":"AE","ZONE_SUBTY":null}},{"type":"Feature","geometry":{"type":"Polygon","coordinates":[[[-90.10947,30.0055],[-90.1095,30.00538],[-90.1097,30.00547],[-90.10947,30.0055]]]},"properties":{"FLD_ZONE":"AE","ZONE_SUBTY":null}},{"type":"Feature","geometry":{"type":"Polygon","coordinates":[[[-90.08805,29.94279],[-90.08775,29.94298],[-90.08779,29.94253],[-90.08805,29.94279]]]},"properties":{"FLD_ZONE":"AE","ZONE_SUBTY":null}},{"type":"Feature","geometry":{"type":"Polygon","coordinates":[[[-90.04627,30.02788],[-90.04615,30.0286],[-90.04537,30.02925],[-90.04423,30.02923],[-90.0451,30.02816],[-90.04627,30.02788]]]},"properties":{"FLD_ZONE":"AE","ZONE_SUBTY":null}},{"type":"Feature","geometry":{"type":"Polygon","coordinates":[[[-89.92771,29.99798],[-89.92758,29.99794],[-89.92754,29.99782],[-89.92771,29.99798]]]},"properties":{"FLD_ZONE":"AE","ZONE_SUBTY":null}},{"type":"Feature","geometry":{"type":"Polygon","coordinates":[[[-90.03385,30.04732],[-90.03385,30.05369],[-90.03273,30.05512],[-90.03092,30.05572],[-90.02812,30.05574],[-90.02669,30.0553],[-90.02576,30.05452],[-90.02522,30.05352],[-90.02382,30.05263],[-90.02312,30.05154],[-90.02169,30.05066],[-90.02095,30.04931],[-90.02066,30.04531],[-90.01982,30.04458],[-90.01906,30.0448],[-90.01847,30.04594],[-90.01714,30.04703],[-90.0159,30.04742],[-90.0146,30.04735],[-90.01347,30.04686],[-90.01203,30.04562],[-90.01133,30.0442],[-90.01028,30.04333],[-90.00966,30.04207],[-90.00035,30.04566],[-89.99613,30.04796],[-89.99361,30.04877],[-89.9911,30.05008],[-89.98956,30.05044],[-89.98546,30.05247],[-89.98388,30.04988],[-89.9891,30.04726],[-90.00511,30.04079],[-90.0053,30.04032],[-90.01856,30.0358],[-90.02621,30.03365],[-90.02665,30.03419],[-90.02857,30.03349],[-90.03127,30.04269],[-90.03385,30.04481],[-90.03385,30.04732]]]},"properties":{"FLD_ZONE":"VE","ZONE_SUBTY":null}},{"type":"Feature","geometry":{"type":"Polygon","coordinates":[[[-89.90912,29.92956],[-89.90937,29.92936],[-89.90936,29.92947],[-89.90912,29.92956]]]},"properties":{"FLD_ZONE":"AE","ZONE_SUBTY":null}},{"type":"Feature","geometry":{"type":"Polygon","coordinates":[[[-89.9846,29.9379],[-89.98445,29.93826],[-89.98417,29.9387],[-89.9846,29.9379]]]},"properties":{"FLD_ZONE":"AE","ZONE_SUBTY":null}},{"type":"Feature","geometry":{"type":"Polygon","coordinates":[[[-89.95114,29.93817],[-89.95053,29.938],[-89.95069,29.93797],[-89.95114,29.93817]]]},"properties":{"FLD_ZONE":"AE","ZONE_SUBTY":null}},{"type":"Feature","geometry":{"type":"Polygon","coordinates":[[[-89.91776,29.9405],[-89.91796,29.94028],[-89.91803,29.94027],[-89.91776,29.9405]]]},"properties":{"FLD_ZONE":"AE","ZONE_SUBTY":null}},{"type":"Feature","geometry":{"type":"Polygon","coordinates":[[[-89.92606,29.90083],[-89.92619,29.90045],[-89.92588,29.90058],[-89.92618,29.90035],[-89.92581,29.90042],[-89.92626,29.90003],[-89.92572,29.90035],[-89.92634,29.89963],[-89.92862,29.90215],[-89.92759,29.90297],[-89.92606,29.90083]],[[-89.92616,29.90095],[-89.92655,29.9012],[-89.92644,29.90091],[-89.92616,29.90095]]]},"properties":{"FLD_ZONE":"AE","ZONE_SUBTY":null}},{"type":"Feature","geometry":{"type":"Polygon","coordinates":[[[-90.00434,29.90575],[-90.0043,29.90601],[-90.0037,29.90595],[-90.00434,29.90575]]]},"properties":{"FLD_ZONE":"AE","ZONE_SUBTY":null}},{"type":"Feature","geometry":{"type":"Polygon","coordinates":[[[-90.08101,29.99513],[-90.08059,29.99487],[-90.08114,29.99492],[-90.08101,29.99513]]]},"properties":{"FLD_ZONE":"AE","ZONE_SUBTY":null}},{"type":"Feature","geometry":{"type":"Polygon","coordinates":[[[-90.10703,29.87821],[-90.1069,29.87763],[-90.10705,29.87802],[-90.10734,29.87782],[-90.10703,29.87821]]]},"properties":{"FLD_ZONE":"AE","ZONE_SUBTY":null}},{"type":"Feature","geometry":{"type":"Polygon","coordinates":[[[-89.98862,30.0313],[-89.98821,30.03063],[-89.98733,30.03092],[-89.98828,30.03042],[-89.98862,30.0313]]]},"properties":{"FLD_ZONE":"AE","ZONE_SUBTY":null}},{"type":"Feature","geometry":{"type":"Polygon","coordinates":[[[-90.03718,29.93848],[-90.03712,29.9378],[-90.03606,29.93783],[-90.03603,29.93675],[-90.03676,29.93702],[-90.03688,29.93684],[-90.03748,29.93774],[-90.03835,29.93804],[-90.04121,29.93808],[-90.04085,29.93839],[-90.03955,29.93825],[-90.0394,29.93872],[-90.03967,29.9389],[-90.0394,29.93903],[-90.03924,29.94008],[-90.03853,29.93975],[-90.03916,29.93974],[-90.03922,29.93892],[-90.03822,29.93897],[-90.0379,29.93871],[-90.03823,29.93864],[-90.03737,29.9381],[-90.03717,29.93902],[-90.03718,29.93848]],[[-90.03911,29.93821],[-90.03844,29.9382],[-90.03839,29.93868],[-90.0392,29.93873],[-90.03911,29.93821]],[[-90.03676,29.93731],[-90.03683,29.93744],[-90.03681,29.93719],[-90.03676,29.93731]]]},"properties":{"FLD_ZONE":"AE","ZONE_SUBTY":null}},{"type":"Feature","geometry":{"type":"Polygon","coordinates":[[[-89.90212,29.92652],[-89.90237,29.92608],[-89.90272,29.92636],[-89.90212,29.92652]]]},"properties":{"FLD_ZONE":"AE","ZONE_SUBTY":null}},{"type":"Feature","geometry":{"type":"Polygon","coordinates":[[[-89.9793,29.94119],[-89.97845,29.94083],[-89.97876,29.94068],[-89.97868,29.94038],[-89.97959,29.94062],[-89.9793,29.94119]]]},"properties":{"FLD_ZONE":"AE","ZONE_SUBTY":null}},{"type":"Feature","geometry":{"type":"Polygon","coordinates":[[[-89.98058,29.90297],[-89.98358,29.90417],[-89.98438,29.90501],[-89.97883,29.90917],[-89.97784,29.90923],[-89.9755,29.90676],[-89.98058,29.90297]],[[-89.97665,29.90749],[-89.97643,29.90756],[-89.97684,29.90761],[-89.97665,29.90749]],[[-89.97627,29.90699],[-89.9761,29.907],[-89.97634,29.90706],[-89.97627,29.90699]]]},"properties":{"FLD_ZONE":"AE","ZONE_SUBTY":null}},{"type":"Feature","geometry":{"type":"Polygon","coordinates":[[[-89.9505,29.9061],[-89.95027,29.90622],[-89.9499,29.90609],[-89.9505,29.9061]]]},"properties":{"FLD_ZONE":"AE","ZONE_SUBTY":null}},{"type":"Feature","geometry":{"type":"Polygon","coordinates":[[[-89.89883,29.88792],[-89.89866,29.88761],[-89.89822,29.88762],[-89.89865,29.88752],[-89.89816,29.88733],[-89.89859,29.88722],[-89.89844,29.88658],[-89.89883,29.88792]]]},"properties":{"FLD_ZONE":"AE","ZONE_SUBTY":null}},{"type":"Feature","geometry":{"type":"Polygon","coordinates":[[[-89.93913,30.04091],[-89.93917,30.04146],[-89.93976,30.04167],[-89.93994,30.0424],[-89.9384,30.04353],[-89.93892,30.04041],[-89.93906,30.0401],[-89.93913,30.04091]]]},"properties":{"FLD_ZONE":"AE","ZONE_SUBTY":null}},{"type":"Feature","geometry":{"type":"Polygon","coordinates":[[[-90.12671,29.97072],[-90.12673,29.97065],[-90.12748,29.96936],[-90.12671,29.97072]]]},"properties":{"FLD_ZONE":"AE","ZONE_SUBTY":null}},{"type":"Feature","geometry":{"type":"MultiPolygon","coordinates":[[[[-90.1301,30.00557],[-90.13006,30.00612],[-90.12975,30.00612],[-90.12986,30.00426],[-90.12963,30.00417],[-90.12922,30.00433],[-90.12952,30.00581],[-90.12916,30.0057],[-90.12913,30.00612],[-90.12819,30.00612],[-90.12787,30.00534],[-90.1276,30.00603],[-90.12791,30.00612],[-90.12676,30.00612],[-90.12697,30.00598],[-90.12649,30.00591],[-90.12704,30.00581],[-90.12709,30.00536],[-90.12666,30.00493],[-90.12647,30.00612],[-90.12605,30.00612],[-90.1257,30.00548],[-90.12598,30.00597],[-90.12578,30.00612],[-90.12346,30.00603],[-90.12378,30.00593],[-90.12356,30.0057],[-90.12374,30.00525],[-90.12411,30.00517],[-90.12408,30.00481],[-90.12389,30.0051],[-90.12382,30.00481],[-90.12423,30.0043],[-90.12424,30.0028],[-90.12363,30.0025],[-90.12435,30.00231],[-90.1241,30.00206],[-90.12447,30.00041],[-90.12458,30.00228],[-90.12543,30.00214],[-90.12456,30.00251],[-90.12545,30.00241],[-90.12556,30.00148],[-90.12532,30.0013],[-90.12571,30.00066],[-90.12566,30.00256],[-90.12635,30.00259],[-90.12663,30.00124],[-90.12658,30.00261],[-90.12731,30.00261],[-90.12744,30.0015],[-90.12786,30.00238],[-90.1275,30.00264],[-90.12806,30.00278],[-90.12849,30.00172],[-90.12921,30.00153],[-90.12691,30.00082],[-90.12744,30.00091],[-90.12758,29.9995],[-90.12762,30.00103],[-90.12847,30.00107],[-90.12854,29.99961],[-90.12833,29.99952],[-90.12872,29.99809],[-90.1288,29.99834],[-90.1298,29.99838],[-90.12949,29.99855],[-90.12946,30.00008],[-90.12999,30],[-90.12956,29.99987],[-90.12993,29.99978],[-90.12995,29.99911],[-90.13026,29.99913],[-90.13027,29.9997],[-90.13063,29.99984],[-90.13071,29.99916],[-90.13099,29.99917],[-90.13112,29.99987],[-90.1313,29.99892],[-90.13131,30.00004],[-90.13168,30.00021],[-90.13175,30.00087],[-90.13204,29.99862],[-90.13165,29.99849],[-90.13209,29.99846],[-90.13215,29.99819],[-90.1322,29.9985],[-90.1328,29.99851],[-90.13296,29.99743],[-90.13299,29.99896],[-90.13333,29.99926],[-90.13297,29.99923],[-90.13325,29.99944],[-90.13296,29.99944],[-90.1329,30.00005],[-90.13389,29.99998],[-90.13371,30.00062],[-90.13398,30.00097],[-90.13332,30.00159],[-90.13119,30.00165],[-90.13342,30.00182],[-90.13297,30.00187],[-90.1328,30.00246],[-90.13307,30.00247],[-90.13322,30.00202],[-90.13494,30.00151],[-90.13471,29.99994],[-90.13527,29.99976],[-90.13495,29.99923],[-90.13529,29.99917],[-90.13551,29.99727],[-90.13555,29.99923],[-90.13576,29.99932],[-90.13551,29.99963],[-90.13575,30.00098],[-90.13552,30.00132],[-90.13607,30.00102],[-90.13619,29.99978],[-90.13596,29.99934],[-90.13633,29.99848],[-90.13661,30.00011],[-90.13632,30.00027],[-90.1367,30.00041],[-90.13632,30.00063],[-90.13666,30.00114],[-90.13702,30.00138],[-90.13715,29.99956],[-90.13726,30.00147],[-90.13791,30.00159],[-90.1377,30.00142],[-90.13803,30.00059],[-90.13809,30.00161],[-90.13874,30.00169],[-90.13752,30.00179],[-90.13914,30.00208],[-90.13812,30.00228],[-90.13785,30.00612],[-90.13784,30.00215],[-90.13724,30.0025],[-90.13749,30.00285],[-90.13709,30.00307],[-90.13695,30.00568],[-90.13728,30.00586],[-90.13698,30.00612],[-90.13585,30.00612],[-90.13571,30.0043],[-90.13569,30.00482],[-90.1355,30.00463],[-90.13529,30.00486],[-90.13552,30.00612],[-90.13475,30.00612],[-90.13462,30.00476],[-90.13501,30.00453],[-90.13443,30.00394],[-90.13432,30.00612],[-90.1339,30.00592],[-90.13412,30.00441],[-90.13371,30.00428],[-90.13349,30.00438],[-90.13346,30.00612],[-90.13321,30.00612],[-90.13314,30.0057],[-90.13326,30.0043],[-90.13267,30.00448],[-90.13266,30.00522],[-90.13305,30.00537],[-90.13265,30.0054],[-90.13267,30.00612],[-90.1324,30.00612],[-90.13238,30.00467],[-90.13188,30.00487],[-90.13213,30.00553],[-90.13177,30.00576],[-90.13222,30.00612],[-90.13154,30.00612],[-90.13125,30.00548],[-90.13162,30.00501],[-90.13154,30.00426],[-90.13103,30.00431],[-90.13099,30.00612],[-90.13067,30.00612],[-90.13056,30.00426],[-90.1304,30.00526],[-90.13039,30.00425],[-90.13011,30.00442],[-90.1301,30.00557]]],[[[-90.12719,30.004],[-90.12725,30.00285],[-90.12657,30.00277],[-90.12648,30.00463],[-90.1271,30.00465],[-90.12719,30.004]]],[[[-90.12625,30.00418],[-90.12634,30.00279],[-90.12564,30.00272],[-90.12553,30.00434],[-90.12612,30.00462],[-90.12625,30.00418]]],[[[-90.13674,30.00444],[-90.13615,30.00451],[-90.13607,30.00585],[-90.1364,30.00609],[-90.13679,30.00564],[-90.13674,30.00444]]],[[[-90.12921,30.00022],[-90.12935,29.99847],[-90.12885,29.99844],[-90.12872,29.99994],[-90.12892,30.0004],[-90.12921,30.00022]]],[[[-90.13654,30.0028],[-90.13626,30.0029],[-90.13619,30.00409],[-90.13686,30.00417],[-90.1369,30.00315],[-90.13654,30.0028]]],[[[-90.13244,29.99957],[-90.13276,29.9995],[-90.13235,29.99915],[-90.1327,29.99896],[-90.13214,29.99864],[-90.13213,30.00016],[-90.13249,30.00023],[-90.13208,30.00029],[-90.1321,30.00066],[-90.13266,30.00052],[-90.13273,29.99971],[-90.13245,29.99985],[-90.13244,29.99957]]],[[[-90.13534,30.00263],[-90.13533,30.00388],[-90.1356,30.00387],[-90.13531,30.00408],[-90.13578,30.0041],[-90.136,30.00323],[-90.13571,30.00291],[-90.13602,30.00259],[-90.13534,30.00263]]],[[[-90.13485,30.0021],[-90.13443,30.00265],[-90.13488,30.00296],[-90.1344,30.00302],[-90.13444,30.00386],[-90.13499,30.00352],[-90.13504,30.00284],[-90.13468,30.00273],[-90.13511,30.00221],[-90.13485,30.0021]]],[[[-90.13418,30.00349],[-90.13394,30.0023],[-90.13419,30.00204],[-90.13368,30.00199],[-90.13397,30.00299],[-90.13366,30.00306],[-90.13359,30.00362],[-90.13405,30.00385],[-90.13418,30.00349]]],[[[-90.13177,30.00121],[-90.13151,30.00076],[-90.1312,30.00104],[-90.13109,30.00037],[-90.13058,30.00047],[-90.13056,30.00087],[-90.13091,30.00096],[-90.13052,30.00103],[-90.13087,30.0011],[-90.13089,30.00141],[-90.13096,30.00112],[-90.13123,30.00136],[-90.13177,30.00121]]],[[[-90.13273,30.00353],[-90.13278,30.00413],[-90.13326,30.00411],[-90.13326,30.00294],[-90.13282,30.00293],[-90.13273,30.00353]]],[[[-90.12515,30.00454],[-90.12528,30.00378],[-90.12448,30.00371],[-90.12439,30.00439],[-90.12515,30.00454]]],[[[-90.12869,30.00579],[-90.12897,30.00523],[-90.12886,30.00447],[-90.12879,30.0052],[-90.1284,30.00545],[-90.12841,30.00579],[-90.12869,30.00579]]],[[[-90.12462,30.00492],[-90.12436,30.0053],[-90.12469,30.00534],[-90.12449,30.00566],[-90.12483,30.00565],[-90.1252,30.00509],[-90.12462,30.00492]]],[[[-90.12601,30.00535],[-90.12617,30.00491],[-90.12548,30.00493],[-90.12545,30.0053],[-90.12601,30.00535]]],[[[-90.12512,30.00356],[-90.12532,30.00322],[-90.12459,30.00315],[-90.12461,30.00352],[-90.12512,30.00356]]],[[[-90.13205,30.0041],[-90.13217,30.00387],[-90.13247,30.00407],[-90.13253,30.00357],[-90.13226,30.00355],[-90.13233,30.00378],[-90.13201,30.00356],[-90.13205,30.0041]]],[[[-90.12955,30.00069],[-90.13025,30.00051],[-90.13029,30.00008],[-90.12955,30.00069]]],[[[-90.13229,30.00128],[-90.13267,30.00121],[-90.1325,30.00073],[-90.13204,30.00121],[-90.13229,30.00128]]],[[[-90.13114,30.00357],[-90.13109,30.00392],[-90.13158,30.00395],[-90.13134,30.0033],[-90.13114,30.00357]]],[[[-90.12885,30.00218],[-90.12907,30.00173],[-90.12857,30.00182],[-90.12885,30.00218]]],[[[-90.13311,30.00135],[-90.13342,30.00137],[-90.13316,30.00108],[-90.13347,30.00097],[-90.13291,30.00088],[-90.13285,30.00131],[-90.13311,30.00135]]],[[[-90.1334,30.00018],[-90.13319,30.00041],[-90.13346,30.00073],[-90.1334,30.00018]]],[[[-90.12787,30.00376],[-90.12776,30.00327],[-90.12749,30.00341],[-90.12787,30.00376]]],[[[-90.1292,30.00057],[-90.12879,30.0003],[-90.12868,30.00069],[-90.12904,30.00087],[-90.1292,30.00057]]],[[[-90.12957,30.00363],[-90.12973,30.0039],[-90.13028,30.00364],[-90.12957,30.00363]]],[[[-90.13598,30.00182],[-90.13607,30.00169],[-90.13478,30.00168],[-90.13598,30.00182]]],[[[-90.12985,30.00215],[-90.12968,30.00254],[-90.13,30.00289],[-90.12985,30.00215]]],[[[-90.12933,30.00186],[-90.12955,30.0024],[-90.12962,30.00189],[-90.12933,30.00186]]],[[[-90.12758,30.00415],[-90.12789,30.00417],[-90.12779,30.00386],[-90.12758,30.00415]]],[[[-90.12922,30.00116],[-90.12895,30.00096],[-90.1289,30.00131],[-90.12922,30.00116]]],[[[-90.13194,30.00452],[-90.13246,30.00438],[-90.13207,30.0043],[-90.13194,30.00452]]],[[[-90.12332,30.00612],[-90.12334,30.00607],[-90.12339,30.00612],[-90.12332,30.00612]]],[[[-90.1312,30.00612],[-90.13102,30.00612],[-90.13112,30.0061],[-90.1312,30.00612]]],[[[-90.12951,30.00612],[-90.12942,30.00612],[-90.12945,30.00594],[-90.12951,30.00612]]]]},"properties":{"FLD_ZONE":"AE","ZONE_SUBTY":null}},{"type":"Feature","geometry":{"type":"Polygon","coordinates":[[[-89.98181,30.0074],[-89.98201,30.00754],[-89.98176,30.0077],[-89.98149,30.00746],[-89.98185,30.00711],[-89.98206,30.00726],[-89.98181,30.0074]]]},"properties":{"FLD_ZONE":"AE","ZONE_SUBTY":null}},{"type":"Feature","geometry":{"type":"Polygon","coordinates":[[[-90.03887,30.01836],[-90.03888,30.01852],[-90.0385,30.01844],[-90.03887,30.01836]]]},"properties":{"FLD_ZONE":"AE","ZONE_SUBTY":null}},{"type":"Feature","geometry":{"type":"Polygon","coordinates":[[[-89.98552,30.00824],[-89.98553,30.00811],[-89.98566,30.00819],[-89.98552,30.00824]]]},"properties":{"FLD_ZONE":"AE","ZONE_SUBTY":null}},{"type":"Feature","geometry":{"type":"Polygon","coordinates":[[[-90.03275,30.01447],[-90.03309,30.01521],[-90.03435,30.0151],[-90.03445,30.01478],[-90.03468,30.01545],[-90.03453,30.01521],[-90.03297,30.01542],[-90.03275,30.01447]],[[-90.03364,30.01533],[-90.03299,30.01529],[-90.0332,30.01543],[-90.03364,30.01533]]]},"properties":{"FLD_ZONE":"AE","ZONE_SUBTY":null}},{"type":"Feature","geometry":{"type":"Polygon","coordinates":[[[-89.9838,29.95461],[-89.98381,29.95423],[-89.98399,29.95433],[-89.9838,29.95461]]]},"properties":{"FLD_ZONE":"AE","ZONE_SUBTY":null}},{"type":"Feature","geometry":{"type":"Polygon","coordinates":[[[-90.00539,29.90723],[-90.00612,29.90673],[-90.00585,29.90719],[-90.00539,29.90723]]]},"properties":{"FLD_ZONE":"AE","ZONE_SUBTY":null}},{"type":"Feature","geometry":{"type":"Polygon","coordinates":[[[-89.9706,29.91407],[-89.97009,29.9145],[-89.97018,29.91428],[-89.9706,29.91407]]]},"properties":{"FLD_ZONE":"AE","ZONE_SUBTY":null}},{"type":"Feature","geometry":{"type":"Polygon","coordinates":[[[-89.91764,29.9335],[-89.91101,29.92734],[-89.91178,29.92762],[-89.91353,29.92928],[-89.91158,29.92727],[-89.91113,29.92692],[-89.91073,29.92707],[-89.91099,29.92677],[-89.91042,29.92623],[-89.91248,29.92781],[-89.91083,29.92596],[-89.91341,29.924],[-89.91096,29.926],[-89.91157,29.9264],[-89.91257,29.92557],[-89.91168,29.92643],[-89.91303,29.9253],[-89.91148,29.92665],[-89.91217,29.92724],[-89.91205,29.92698],[-89.91247,29.92732],[-89.91183,29.9267],[-89.9127,29.926],[-89.91216,29.92651],[-89.91272,29.92657],[-89.91224,29.9267],[-89.91232,29.92693],[-89.91314,29.92732],[-89.91333,29.92714],[-89.91304,29.92687],[-89.91349,29.92688],[-89.91327,29.92734],[-89.91356,29.9277],[-89.91397,29.92754],[-89.91358,29.92722],[-89.91379,29.92714],[-89.91424,29.92755],[-89.91399,29.92782],[-89.91439,29.9276],[-89.91463,29.9278],[-89.91448,29.92817],[-89.91475,29.9279],[-89.91485,29.92822],[-89.91503,29.92809],[-89.91287,29.92598],[-89.91581,29.92873],[-89.91625,29.92864],[-89.9163,29.92915],[-89.9168,29.92889],[-89.91668,29.92941],[-89.91741,29.92912],[-89.91701,29.92975],[-89.91839,29.9288],[-89.91722,29.92993],[-89.91746,29.93011],[-89.91762,29.92969],[-89.91806,29.93029],[-89.91853,29.93],[-89.91797,29.93071],[-89.91878,29.93039],[-89.91816,29.93095],[-89.91983,29.92968],[-89.91849,29.93082],[-89.91844,29.93121],[-89.91961,29.93032],[-89.91888,29.93095],[-89.91999,29.93025],[-89.9193,29.93096],[-89.91993,29.93064],[-89.91961,29.93116],[-89.92097,29.93021],[-89.92045,29.93065],[-89.92058,29.93082],[-89.91992,29.93113],[-89.92001,29.93153],[-89.92224,29.92974],[-89.9189,29.93336],[-89.91795,29.93278],[-89.9188,29.93345],[-89.91823,29.93403],[-89.91764,29.9335]],[[-89.91466,29.92976],[-89.91264,29.92794],[-89.9144,29.92972],[-89.91466,29.92976]],[[-89.91685,29.93186],[-89.91479,29.92996],[-89.9157,29.93094],[-89.91685,29.93186]],[[-89.91496,29.92824],[-89.91503,29.92868],[-89.91564,29.92864],[-89.91496,29.92824]],[[-89.91758,29.93246],[-89.91724,29.9321],[-89.91694,29.93196],[-89.91758,29.93246]],[[-89.91555,29.9288],[-89.91547,29.92895],[-89.91578,29.92892],[-89.91555,29.9288]],[[-89.91407,29.92965],[-89.91372,29.92937],[-89.91376,29.9295],[-89.91407,29.92965]],[[-89.91473,29.93029],[-89.91446,29.93009],[-89.91472,29.93036],[-89.91473,29.93029]],[[-89.91777,29.93025],[-89.91774,29.93043],[-89.91791,29.93024],[-89.91777,29.93025]]]},"properties":{"FLD_ZONE":"AE","ZONE_SUBTY":null}},{"type":"Feature","geometry":{"type":"Polygon","coordinates":[[[-90.04679,29.91775],[-90.04656,29.9169],[-90.04615,29.9171],[-90.04752,29.91543],[-90.0485,29.91688],[-90.04768,29.916],[-90.04762,29.91774],[-90.04679,29.91775]],[[-90.04703,29.91736],[-90.0468,29.91693],[-90.04678,29.91724],[-90.04703,29.91736]]]},"properties":{"FLD_ZONE":"AE","ZONE_SUBTY":null}},{"type":"Feature","geometry":{"type":"MultiPolygon","coordinates":[[[[-90.01745,29.92102],[-90.01719,29.92241],[-90.01367,29.92047],[-90.01569,29.92047],[-90.01553,29.92129],[-90.01576,29.92119],[-90.01575,29.9215],[-90.01602,29.92139],[-90.01642,29.92186],[-90.01649,29.9212],[-90.01699,29.92132],[-90.01697,29.92163],[-90.0165,29.92165],[-90.01718,29.92172],[-90.01724,29.92078],[-90.01702,29.92068],[-90.01689,29.92103],[-90.01635,29.92066],[-90.01771,29.92047],[-90.01754,29.92218],[-90.01803,29.92239],[-90.0182,29.92169],[-90.0179,29.92157],[-90.01823,29.92139],[-90.0182,29.9208],[-90.01784,29.9208],[-90.01776,29.92047],[-90.02298,29.92047],[-90.02337,29.92068],[-90.02361,29.92047],[-90.02653,29.92047],[-90.02716,29.92097],[-90.02652,29.92101],[-90.02615,29.92156],[-90.02651,29.9215],[-90.02663,29.922],[-90.02744,29.92116],[-90.02687,29.92174],[-90.02835,29.9231],[-90.02792,29.9239],[-90.02769,29.92385],[-90.02787,29.924],[-90.02718,29.9253],[-90.02805,29.92379],[-90.02945,29.92439],[-90.02861,29.92323],[-90.02927,29.92343],[-90.02948,29.92283],[-90.03139,29.92434],[-90.03107,29.92462],[-90.0314,29.92438],[-90.03165,29.9246],[-90.03127,29.92475],[-90.0316,29.92506],[-90.03122,29.92509],[-90.03152,29.92549],[-90.03185,29.92546],[-90.03197,29.92504],[-90.03236,29.92516],[-90.03614,29.92819],[-90.03598,29.92864],[-90.03522,29.92832],[-90.03556,29.92895],[-90.03529,29.92923],[-90.03575,29.92911],[-90.03484,29.92953],[-90.03553,29.92998],[-90.03467,29.93018],[-90.03167,29.92917],[-90.02137,29.92477],[-90.01752,29.92264],[-90.01816,29.92265],[-90.01737,29.9223],[-90.01745,29.92102]]],[[[-90.0197,29.92378],[-90.0215,29.9247],[-90.02194,29.92371],[-90.0214,29.92346],[-90.02057,29.92361],[-90.02071,29.92344],[-90.02036,29.9235],[-90.01993,29.92304],[-90.01939,29.92349],[-90.0197,29.92378]]],[[[-90.03477,29.9288],[-90.03449,29.92921],[-90.03488,29.92844],[-90.03466,29.9282],[-90.03492,29.92836],[-90.03417,29.92799],[-90.03336,29.92945],[-90.034,29.92973],[-90.03464,29.92912],[-90.03457,29.92935],[-90.03495,29.92947],[-90.03522,29.92917],[-90.03488,29.92889],[-90.03465,29.92909],[-90.03477,29.9288]]],[[[-90.02692,29.92209],[-90.0265,29.92261],[-90.02694,29.92285],[-90.02698,29.92336],[-90.02723,29.92347],[-90.02738,29.9231],[-90.02767,29.92336],[-90.02746,29.92264],[-90.02717,29.92279],[-90.02743,29.92246],[-90.02692,29.92209]]],[[[-90.02646,29.9222],[-90.02619,29.92187],[-90.02619,29.92231],[-90.02554,29.92218],[-90.02528,29.92277],[-90.02595,29.92301],[-90.02646,29.9222]]],[[[-90.02345,29.92485],[-90.02322,29.9246],[-90.02281,29.92515],[-90.02292,29.9248],[-90.02243,29.92459],[-90.02223,29.92497],[-90.0234,29.92548],[-90.02345,29.92485]]],[[[-90.02293,29.9233],[-90.02239,29.92321],[-90.02235,29.92369],[-90.02333,29.92408],[-90.02255,29.92348],[-90.02334,29.92363],[-90.02293,29.9233]]],[[[-90.02211,29.92408],[-90.02325,29.92442],[-90.02241,29.9239],[-90.02211,29.92408]]],[[[-90.02175,29.9247],[-90.02212,29.92489],[-90.02241,29.92438],[-90.02202,29.92419],[-90.02175,29.9247]]],[[[-90.02986,29.92586],[-90.02966,29.92569],[-90.02954,29.92613],[-90.02979,29.92594],[-90.02971,29.92635],[-90.0302,29.92651],[-90.02986,29.92586]]],[[[-90.03402,29.92778],[-90.03326,29.9276],[-90.03309,29.92781],[-90.03379,29.92808],[-90.03402,29.92778]]],[[[-90.02585,29.92115],[-90.0257,29.92091],[-90.02533,29.92121],[-90.02525,29.92174],[-90.02585,29.92115]]],[[[-90.02477,29.92464],[-90.02439,29.9245],[-90.02415,29.92494],[-90.02452,29.9251],[-90.02477,29.92464]]],[[[-90.03232,29.92782],[-90.03214,29.92765],[-90.03174,29.92807],[-90.03247,29.92827],[-90.03232,29.92782]]],[[[-90.02583,29.92641],[-90.02569,29.92611],[-90.02565,29.92642],[-90.02629,29.92667],[-90.02642,29.92646],[-90.02583,29.92641]]],[[[-90.02905,29.92455],[-90.02874,29.92493],[-90.02898,29.92516],[-90.02932,29.92464],[-90.02905,29.92455]]],[[[-90.02952,29.92504],[-90.02938,29.92469],[-90.02908,29.9252],[-90.02952,29.92504]]],[[[-90.03112,29.92773],[-90.0316,29.92802],[-90.03189,29.92768],[-90.03171,29.92746],[-90.03112,29.92773]]],[[[-90.02488,29.92401],[-90.02444,29.92388],[-90.02433,29.92425],[-90.02467,29.9244],[-90.02488,29.92401]]],[[[-90.02316,29.92315],[-90.02304,29.9229],[-90.02251,29.92286],[-90.02316,29.92315]]],[[[-90.03207,29.92666],[-90.03238,29.92645],[-90.03198,29.92623],[-90.03181,29.92645],[-90.03207,29.92666]]],[[[-90.02677,29.92484],[-90.0266,29.92507],[-90.0271,29.92528],[-90.02726,29.92501],[-90.02677,29.92484]]],[[[-90.03418,29.92722],[-90.03409,29.92755],[-90.03464,29.92768],[-90.03418,29.92722]]],[[[-90.0325,29.92704],[-90.03257,29.92663],[-90.03222,29.92715],[-90.03265,29.92725],[-90.0325,29.92704]]],[[[-90.02519,29.92445],[-90.02492,29.92469],[-90.02528,29.92482],[-90.02541,29.92448],[-90.02519,29.92445]]],[[[-90.02514,29.92298],[-90.02492,29.92322],[-90.02553,29.92332],[-90.02514,29.92298]]],[[[-90.02229,29.9216],[-90.02251,29.92144],[-90.02182,29.92144],[-90.02224,29.92159],[-90.02197,29.92173],[-90.02229,29.9216]]],[[[-90.02347,29.92183],[-90.02297,29.92175],[-90.02295,29.92207],[-90.02332,29.92191],[-90.02333,29.92214],[-90.02347,29.92183]]],[[[-90.02979,29.92435],[-90.0296,29.92417],[-90.02944,29.92446],[-90.02978,29.92463],[-90.02979,29.92435]]],[[[-90.03034,29.92361],[-90.03006,29.92367],[-90.03031,29.92395],[-90.03034,29.92361]]],[[[-90.03521,29.9281],[-90.03571,29.92802],[-90.03504,29.9279],[-90.03489,29.92817],[-90.03521,29.9281]]],[[[-90.03089,29.92408],[-90.03038,29.92429],[-90.03065,29.92444],[-90.03089,29.92408]]],[[[-90.02766,29.92456],[-90.028,29.92469],[-90.02788,29.92442],[-90.02766,29.92456]]],[[[-90.03418,29.92715],[-90.03378,29.9273],[-90.03404,29.92749],[-90.03418,29.92715]]],[[[-90.03343,29.92872],[-90.03318,29.9284],[-90.03306,29.92866],[-90.03343,29.92872]]],[[[-90.02246,29.92208],[-90.02217,29.92187],[-90.02216,29.92206],[-90.02246,29.92208]]],[[[-90.02731,29.92388],[-90.02692,29.92384],[-90.02722,29.92408],[-90.02731,29.92388]]],[[[-90.03027,29.9274],[-90.03044,29.9269],[-90.03012,29.92733],[-90.03027,29.9274]]],[[[-90.03316,29.92709],[-90.03292,29.9269],[-90.03277,29.92707],[-90.03316,29.92709]]],[[[-90.01718,29.92183],[-90.01695,29.9218],[-90.01695,29.92212],[-90.01718,29.92183]]],[[[-90.02545,29.9238],[-90.0251,29.92405],[-90.02543,29.92404],[-90.02545,29.9238]]],[[[-90.01524,29.92075],[-90.01501,29.92099],[-90.01525,29.92102],[-90.01524,29.92075]]],[[[-90.03457,29.92729],[-90.03482,29.92723],[-90.03459,29.92704],[-90.03457,29.92729]]],[[[-90.02219,29.92261],[-90.02175,29.92265],[-90.02217,29.92284],[-90.02219,29.92261]]],[[[-90.03491,29.92779],[-90.0345,29.92783],[-90.03476,29.92802],[-90.03491,29.92779]]],[[[-90.02772,29.92505],[-90.02796,29.92524],[-90.02809,29.92502],[-90.02772,29.92505]]],[[[-90.02171,29.92324],[-90.02199,29.92303],[-90.02164,29.92304],[-90.02171,29.92324]]],[[[-90.02664,29.92488],[-90.02647,29.92472],[-90.02635,29.92492],[-90.02664,29.92488]]],[[[-90.03023,29.92406],[-90.03013,29.92392],[-90.02994,29.9241],[-90.03023,29.92406]]],[[[-90.02762,29.92569],[-90.02739,29.9259],[-90.02755,29.92592],[-90.02762,29.92569]]],[[[-90.02643,29.92547],[-90.02635,29.92517],[-90.02623,29.92539],[-90.02643,29.92547]]],[[[-90.02312,29.9223],[-90.02336,29.92236],[-90.02341,29.92219],[-90.02312,29.9223]]],[[[-90.02715,29.9241],[-90.0269,29.92423],[-90.02705,29.92432],[-90.02715,29.9241]]],[[[-90.02305,29.92131],[-90.02301,29.92109],[-90.02284,29.9211],[-90.02305,29.92131]]],[[[-90.01658,29.92178],[-90.01673,29.92204],[-90.01669,29.92169],[-90.01658,29.92178]]],[[[-90.03293,29.92746],[-90.0327,29.92739],[-90.03263,29.92757],[-90.03293,29.92746]]],[[[-90.02773,29.92594],[-90.02786,29.92603],[-90.02793,29.92586],[-90.02773,29.92594]]],[[[-90.0282,29.92441],[-90.02845,29.92427],[-90.02828,29.92422],[-90.0282,29.92441]]],[[[-90.03022,29.92713],[-90.03005,29.92707],[-90.03001,29.92728],[-90.03022,29.92713]]],[[[-90.02675,29.92685],[-90.02687,29.92691],[-90.02694,29.9267],[-90.02675,29.92685]]],[[[-90.02904,29.92571],[-90.02917,29.92564],[-90.02897,29.92555],[-90.02904,29.92571]]],[[[-90.02804,29.9241],[-90.02786,29.92414],[-90.02807,29.92425],[-90.02804,29.9241]]],[[[-90.03,29.92675],[-90.0299,29.92668],[-90.02979,29.92686],[-90.03,29.92675]]],[[[-90.02906,29.9258],[-90.0289,29.92571],[-90.02883,29.92583],[-90.02906,29.9258]]],[[[-90.02791,29.92646],[-90.02808,29.92641],[-90.02791,29.92635],[-90.02791,29.92646]]],[[[-90.0318,29.92606],[-90.03167,29.92599],[-90.03161,29.92615],[-90.0318,29.92606]]],[[[-90.02682,29.92047],[-90.02679,29.92049],[-90.02675,29.92047],[-90.02682,29.92047]]],[[[-90.01682,29.92047],[-90.01681,29.92047],[-90.01681,29.92047],[-90.01682,29.92047]]],[[[-90.01607,29.92047],[-90.01609,29.92049],[-90.01603,29.92048],[-90.01607,29.92047]]],[[[-90.01603,29.92047],[-90.01601,29.92047],[-90.01599,29.92047],[-90.01603,29.92047]]],[[[-90.01578,29.92047],[-90.01576,29.92048],[-90.01575,29.92047],[-90.01578,29.92047]]],[[[-90.02308,29.92047],[-90.02308,29.92049],[-90.02306,29.92048],[-90.02308,29.92047]]]]},"properties":{"FLD_ZONE":"AE","ZONE_SUBTY":null}},{"type":"Feature","geometry":{"type":"Polygon","coordinates":[[[-90.01536,29.88821],[-90.0156,29.88662],[-90.01599,29.88675],[-90.01572,29.88681],[-90.01574,29.8872],[-90.01605,29.88745],[-90.01568,29.88772],[-90.01589,29.88817],[-90.01551,29.88861],[-90.01536,29.88821]]]},"properties":{"FLD_ZONE":"AE","ZONE_SUBTY":null}},{"type":"Feature","geometry":{"type":"Polygon","coordinates":[[[-90.11968,29.98903],[-90.11969,29.98913],[-90.11937,29.989],[-90.11968,29.98903]]]},"properties":{"FLD_ZONE":"AE","ZONE_SUBTY":null}},{"type":"Feature","geometry":{"type":"Polygon","coordinates":[[[-90.08131,29.99388],[-90.08069,29.99406],[-90.08102,29.99362],[-90.08051,29.99392],[-90.08045,29.99366],[-90.08042,29.9939],[-90.0794,29.9937],[-90.08046,29.99364],[-90.08016,29.99319],[-90.08041,29.99314],[-90.0809,29.99314],[-90.0809,29.99346],[-90.08052,29.99331],[-90.08055,29.99352],[-90.08155,29.99354],[-90.08165,29.99452],[-90.08064,29.9946],[-90.08086,29.99425],[-90.08125,29.99423],[-90.08104,29.99452],[-90.08158,29.99436],[-90.08155,29.99376],[-90.08117,29.99364],[-90.08131,29.99388]],[[-90.08097,29.99357],[-90.08085,29.99353],[-90.08061,29.99358],[-90.08097,29.99357]]]},"properties":{"FLD_ZONE":"AE","ZONE_SUBTY":null}},{"type":"Feature","geometry":{"type":"Polygon","coordinates":[[[-89.92105,29.90094],[-89.92081,29.90105],[-89.92101,29.90084],[-89.92105,29.90094]]]},"properties":{"FLD_ZONE":"AE","ZONE_SUBTY":null}},{"type":"Feature","geometry":{"type":"Polygon","coordinates":[[[-90.02019,29.94174],[-90.02011,29.94022],[-90.01971,29.93999],[-90.02011,29.94014],[-90.02014,29.93977],[-90.01964,29.93938],[-90.02034,29.93965],[-90.02046,29.94006],[-90.02019,29.94174]]]},"properties":{"FLD_ZONE":"AE","ZONE_SUBTY":null}},{"type":"Feature","geometry":{"type":"Polygon","coordinates":[[[-89.94455,29.94591],[-89.93978,29.94397],[-89.94269,29.93876],[-89.94299,29.93864],[-89.94006,29.94396],[-89.94026,29.94414],[-89.94053,29.94386],[-89.94115,29.9423],[-89.94133,29.94242],[-89.94301,29.93946],[-89.94075,29.94388],[-89.94078,29.94434],[-89.94112,29.94411],[-89.94254,29.94151],[-89.94238,29.94137],[-89.94341,29.93995],[-89.94271,29.94143],[-89.9432,29.94157],[-89.94384,29.94044],[-89.9433,29.94159],[-89.94345,29.9418],[-89.9432,29.94178],[-89.94251,29.94302],[-89.94184,29.94433],[-89.94202,29.94443],[-89.94249,29.94412],[-89.94365,29.94199],[-89.94348,29.94181],[-89.94454,29.94198],[-89.94599,29.93944],[-89.94461,29.9422],[-89.94529,29.94245],[-89.94721,29.93911],[-89.94536,29.94249],[-89.94595,29.94268],[-89.94772,29.93947],[-89.94607,29.94263],[-89.94668,29.94258],[-89.94863,29.93882],[-89.94912,29.9388],[-89.94873,29.93897],[-89.94728,29.94166],[-89.94746,29.94194],[-89.94711,29.94203],[-89.94715,29.9424],[-89.94693,29.9423],[-89.94706,29.94264],[-89.94669,29.94272],[-89.94511,29.94607],[-89.94455,29.94591]],[[-89.94409,29.94553],[-89.94587,29.94281],[-89.94461,29.9423],[-89.94318,29.94492],[-89.94367,29.94518],[-89.94387,29.9444],[-89.94447,29.94401],[-89.94409,29.94553]],[[-89.94156,29.94438],[-89.94306,29.94165],[-89.94263,29.94153],[-89.94134,29.94387],[-89.9412,29.94417],[-89.94156,29.94438]],[[-89.94464,29.94583],[-89.94655,29.94271],[-89.94597,29.94281],[-89.94464,29.94583]],[[-89.94264,29.94451],[-89.94396,29.94212],[-89.94324,29.94386],[-89.94436,29.94221],[-89.94376,29.94199],[-89.94258,29.94413],[-89.9424,29.94459],[-89.94264,29.94451]],[[-89.94329,29.94386],[-89.94322,29.94394],[-89.94337,29.94401],[-89.94329,29.94386]]]},"properties":{"FLD_ZONE":"AE","ZONE_SUBTY":null}},{"type":"Feature","geometry":{"type":"Polygon","coordinates":[[[-89.94197,29.90151],[-89.94161,29.90141],[-89.94179,29.90137],[-89.94197,29.90151]]]},"properties":{"FLD_ZONE":"AE","ZONE_SUBTY":null}},{"type":"Feature","geometry":{"type":"Polygon","coordinates":[[[-89.87592,29.88119],[-89.87791,29.88127],[-89.8781,29.88357],[-89.87575,29.88369],[-89.87592,29.88119]]]},"properties":{"FLD_ZONE":"AE","ZONE_SUBTY":null}},{"type":"Feature","geometry":{"type":"Polygon","coordinates":[[[-90.08848,29.94736],[-90.08816,29.94728],[-90.08824,29.9472],[-90.08848,29.94736]]]},"properties":{"FLD_ZONE":"AE","ZONE_SUBTY":null}},{"type":"Feature","geometry":{"type":"Polygon","coordinates":[[[-90.08394,29.90179],[-90.08417,29.90302],[-90.0838,29.90188],[-90.08394,29.90179]]]},"properties":{"FLD_ZONE":"AE","ZONE_SUBTY":null}},{"type":"Feature","geometry":{"type":"Polygon","coordinates":[[[-90.1242,29.92979],[-90.12588,29.92652],[-90.12667,29.92656],[-90.12744,29.92708],[-90.12688,29.92753],[-90.12617,29.927],[-90.12584,29.92709],[-90.12561,29.92837],[-90.12491,29.92909],[-90.12512,29.92975],[-90.12452,29.93054],[-90.12441,29.93139],[-90.12362,29.93172],[-90.12321,29.93228],[-90.12336,29.93326],[-90.1243,29.93339],[-90.12478,29.93402],[-90.12536,29.9337],[-90.12516,29.93441],[-90.12389,29.93394],[-90.12295,29.9331],[-90.12287,29.93232],[-90.12409,29.93106],[-90.1242,29.92979]],[[-90.12459,29.92984],[-90.12455,29.92941],[-90.12448,29.92994],[-90.12459,29.92984]]]},"properties":{"FLD_ZONE":"AE","ZONE_SUBTY":null}},{"type":"Feature","geometry":{"type":"Polygon","coordinates":[[[-90.00109,30.03293],[-90.00103,30.0322],[-90.00145,30.03116],[-90.0008,30.02995],[-89.99953,30.02947],[-89.99813,30.02974],[-89.99621,30.03177],[-89.99658,30.03249],[-89.99686,30.03232],[-89.99697,30.03253],[-89.99663,30.03268],[-89.99725,30.03372],[-89.99917,30.03275],[-89.99965,30.03405],[-89.99899,30.03312],[-89.99731,30.03381],[-89.99769,30.03472],[-89.99615,30.03184],[-89.99816,30.02965],[-89.99773,30.0289],[-89.99782,30.0292],[-89.99648,30.0294],[-89.99788,30.02869],[-89.99803,30.02912],[-89.99836,30.02916],[-89.99808,30.02926],[-89.9983,30.02961],[-89.99933,30.02938],[-90.00016,30.02958],[-90.00046,30.02918],[-90.00027,30.02961],[-90.00102,30.03007],[-90.0022,30.03221],[-90.00195,30.03251],[-90.0021,30.03212],[-90.00148,30.03146],[-90.00109,30.03293]]]},"properties":{"FLD_ZONE":"AE","ZONE_SUBTY":null}},{"type":"Feature","geometry":{"type":"Polygon","coordinates":[[[-89.93928,30.02904],[-89.93835,30.0302],[-89.93764,30.03015],[-89.93717,30.0297],[-89.93763,30.0282],[-89.93735,30.02912],[-89.93757,30.02924],[-89.93901,30.02747],[-89.93889,30.02818],[-89.93928,30.02904]],[[-89.9387,30.02965],[-89.93907,30.02918],[-89.93886,30.0283],[-89.93748,30.02983],[-89.93823,30.03006],[-89.9387,30.02965]]]},"properties":{"FLD_ZONE":"AE","ZONE_SUBTY":null}},{"type":"Feature","geometry":{"type":"Polygon","coordinates":[[[-89.94477,29.91715],[-89.94421,29.91701],[-89.94352,29.91763],[-89.94415,29.91695],[-89.9436,29.91722],[-89.94402,29.91685],[-89.94373,29.91663],[-89.94381,29.91693],[-89.9433,29.9171],[-89.94363,29.9168],[-89.94337,29.91659],[-89.94289,29.91689],[-89.94252,29.91664],[-89.9427,29.9169],[-89.94236,29.91673],[-89.9418,29.91714],[-89.94277,29.91623],[-89.9414,29.91728],[-89.9468,29.9129],[-89.95354,29.91873],[-89.94872,29.91837],[-89.94761,29.91856],[-89.94818,29.91832],[-89.94777,29.91826],[-89.94726,29.9185],[-89.9475,29.91856],[-89.94556,29.91849],[-89.94634,29.91837],[-89.94609,29.91836],[-89.9463,29.91807],[-89.94582,29.91822],[-89.94707,29.91736],[-89.94551,29.91781],[-89.94579,29.91736],[-89.94522,29.91776],[-89.94477,29.91715]],[[-89.94503,29.91518],[-89.94534,29.91497],[-89.94507,29.91474],[-89.94483,29.91497],[-89.94503,29.91518]],[[-89.94571,29.91566],[-89.9456,29.91571],[-89.94582,29.91584],[-89.94571,29.91566]],[[-89.94707,29.91733],[-89.94722,29.91725],[-89.94721,29.91718],[-89.94707,29.91733]]]},"properties":{"FLD_ZONE":"AE","ZONE_SUBTY":null}},{"type":"Feature","geometry":{"type":"Polygon","coordinates":[[[-90.08983,30.01604],[-90.09047,30.0167],[-90.08945,30.01662],[-90.0892,30.01617],[-90.08983,30.01604]]]},"properties":{"FLD_ZONE":"AE","ZONE_SUBTY":null}},{"type":"Feature","geometry":{"type":"Polygon","coordinates":[[[-90.12128,29.99628],[-90.12023,29.99629],[-90.11984,29.99621],[-90.12128,29.99628]]]},"properties":{"FLD_ZONE":"AE","ZONE_SUBTY":null}},{"type":"Feature","geometry":{"type":"Polygon","coordinates":[[[-90.0947,30.00869],[-90.09645,30.00981],[-90.09633,30.01015],[-90.09561,30.01008],[-90.09359,30.00904],[-90.09348,30.00875],[-90.09416,30.00843],[-90.0947,30.00869]]]},"properties":{"FLD_ZONE":"AE","ZONE_SUBTY":null}},{"type":"Feature","geometry":{"type":"MultiPolygon","coordinates":[[[[-90.10273,29.95401],[-90.10273,29.95403],[-90.10272,29.95402],[-90.10273,29.95401]]],[[[-90.09218,29.94226],[-90.09348,29.9423],[-90.0937,29.94268],[-90.09378,29.9423],[-90.09477,29.94226],[-90.09277,29.94332],[-90.09218,29.94226]]],[[[-90.09316,29.94246],[-90.09229,29.94251],[-90.09284,29.94318],[-90.09335,29.94279],[-90.09296,29.9427],[-90.09316,29.94246]]],[[[-90.10273,29.94226],[-90.10273,29.95342],[-90.10232,29.95343],[-90.10273,29.95404],[-90.10273,29.95479],[-90.10159,29.95347],[-90.09935,29.95234],[-90.0996,29.95185],[-90.09937,29.95162],[-90.09827,29.95183],[-90.09804,29.95238],[-90.09791,29.95186],[-90.09747,29.95224],[-90.09795,29.9524],[-90.09745,29.95337],[-90.09818,29.95265],[-90.09952,29.9534],[-90.0999,29.95302],[-90.1004,29.95329],[-90.09982,29.95331],[-90.10016,29.95366],[-90.10069,29.95383],[-90.1008,29.95351],[-90.10128,29.95377],[-90.10084,29.95381],[-90.10101,29.95423],[-90.10151,29.95433],[-90.10198,29.95493],[-90.10131,29.95488],[-90.10146,29.95511],[-90.10109,29.95504],[-90.101,29.95531],[-90.10132,29.95549],[-90.10142,29.9552],[-90.10168,29.95564],[-90.10203,29.95534],[-90.10186,29.95576],[-90.10244,29.95607],[-90.10162,29.95737],[-90.10272,29.95719],[-90.10103,29.95747],[-90.09245,29.95304],[-90.09365,29.9536],[-90.09226,29.9527],[-90.09282,29.95294],[-90.0931,29.95253],[-90.0929,29.95204],[-90.09346,29.95195],[-90.09324,29.95167],[-90.09288,29.95186],[-90.09298,29.9516],[-90.09354,29.95158],[-90.0924,29.95071],[-90.09375,29.95122],[-90.09424,29.95079],[-90.09288,29.94998],[-90.09245,29.95052],[-90.09201,29.95031],[-90.09231,29.94967],[-90.09198,29.94944],[-90.0914,29.94972],[-90.09152,29.95018],[-90.09066,29.9498],[-90.09038,29.94942],[-90.09118,29.94981],[-90.09157,29.94926],[-90.09116,29.94886],[-90.0917,29.94908],[-90.09202,29.94862],[-90.09122,29.94825],[-90.09089,29.94866],[-90.09106,29.94888],[-90.09083,29.94877],[-90.09018,29.94931],[-90.09036,29.94907],[-90.09008,29.94894],[-90.09045,29.94905],[-90.09032,29.94877],[-90.09059,29.94871],[-90.09022,29.94835],[-90.09078,29.94787],[-90.09036,29.94761],[-90.09307,29.9489],[-90.08924,29.94664],[-90.08977,29.94662],[-90.08947,29.94591],[-90.08988,29.94648],[-90.08998,29.94618],[-90.0904,29.94709],[-90.09085,29.94689],[-90.09104,29.94647],[-90.09041,29.9462],[-90.0906,29.94596],[-90.09019,29.9454],[-90.08941,29.94577],[-90.09135,29.94431],[-90.09538,29.94226],[-90.10273,29.94226]]],[[[-90.10074,29.9571],[-90.10093,29.95735],[-90.10153,29.95725],[-90.10053,29.95679],[-90.10072,29.95696],[-90.10043,29.95681],[-90.10034,29.95715],[-90.10074,29.9571]]],[[[-90.10065,29.95655],[-90.10046,29.95637],[-90.10036,29.95667],[-90.10065,29.95655]]],[[[-90.10142,29.95605],[-90.10101,29.95571],[-90.10104,29.95592],[-90.10142,29.95605]]],[[[-90.10032,29.95576],[-90.10013,29.95559],[-90.09995,29.95563],[-90.10032,29.95576]]],[[[-90.10045,29.9554],[-90.10033,29.95518],[-90.09976,29.95527],[-90.10045,29.9554]]],[[[-90.09644,29.95488],[-90.09628,29.95477],[-90.09621,29.95484],[-90.09644,29.95488]]],[[[-90.09736,29.95474],[-90.09682,29.95518],[-90.09707,29.95529],[-90.09736,29.95474]]],[[[-90.09881,29.95512],[-90.09915,29.95534],[-90.09971,29.95503],[-90.09908,29.9545],[-90.09881,29.95512]]],[[[-90.09649,29.95414],[-90.09629,29.954],[-90.09617,29.95449],[-90.09649,29.95414]]],[[[-90.0983,29.95457],[-90.09872,29.95461],[-90.09874,29.95425],[-90.09767,29.95409],[-90.09767,29.95465],[-90.09826,29.95492],[-90.09853,29.95471],[-90.0983,29.95457]]],[[[-90.09516,29.95405],[-90.09494,29.95404],[-90.09504,29.95416],[-90.09516,29.95405]]],[[[-90.09703,29.95394],[-90.09677,29.95413],[-90.09691,29.95418],[-90.09703,29.95394]]],[[[-90.09547,29.95408],[-90.0958,29.95409],[-90.09555,29.9539],[-90.09547,29.95408]]],[[[-90.09514,29.95391],[-90.09548,29.95364],[-90.09525,29.95363],[-90.09514,29.95391]]],[[[-90.09705,29.95387],[-90.09738,29.95353],[-90.0974,29.95344],[-90.09705,29.95387]]],[[[-90.09832,29.95354],[-90.09817,29.9534],[-90.09801,29.95359],[-90.09832,29.95354]]],[[[-90.09563,29.95338],[-90.09539,29.95357],[-90.09565,29.9535],[-90.09563,29.95338]]],[[[-90.09361,29.95271],[-90.09372,29.95277],[-90.09377,29.95267],[-90.09361,29.95271]]],[[[-90.10201,29.95268],[-90.10217,29.95269],[-90.10212,29.95259],[-90.10201,29.95268]]],[[[-90.09456,29.95321],[-90.09377,29.95299],[-90.09343,29.95247],[-90.0929,29.95299],[-90.09466,29.95376],[-90.09496,29.95354],[-90.09456,29.95321]]],[[[-90.10221,29.9524],[-90.10203,29.95231],[-90.10183,29.95261],[-90.10221,29.9524]]],[[[-90.09565,29.9526],[-90.09485,29.95228],[-90.09454,29.95269],[-90.09517,29.95319],[-90.09565,29.9526]]],[[[-90.10134,29.952],[-90.10139,29.95252],[-90.10208,29.95356],[-90.10134,29.952]]],[[[-90.10047,29.95189],[-90.10069,29.95184],[-90.10047,29.9518],[-90.10047,29.95189]]],[[[-90.09414,29.95183],[-90.09395,29.9517],[-90.09361,29.95223],[-90.09428,29.9526],[-90.09461,29.95217],[-90.09414,29.95183]]],[[[-90.09811,29.95176],[-90.09787,29.9516],[-90.09779,29.95164],[-90.09811,29.95176]]],[[[-90.09598,29.95178],[-90.09543,29.95149],[-90.09514,29.95178],[-90.09578,29.95212],[-90.09598,29.95178]]],[[[-90.10024,29.95135],[-90.10067,29.95131],[-90.10056,29.95117],[-90.10024,29.95135]]],[[[-90.09471,29.95102],[-90.09446,29.95098],[-90.09433,29.95142],[-90.09493,29.95174],[-90.09513,29.95147],[-90.09471,29.95102]]],[[[-90.09615,29.95153],[-90.09667,29.95125],[-90.09588,29.95089],[-90.09561,29.95119],[-90.09615,29.95153]]],[[[-90.09696,29.95109],[-90.09601,29.95061],[-90.09767,29.95161],[-90.09696,29.95109]]],[[[-90.09557,29.95079],[-90.09504,29.95038],[-90.09484,29.95058],[-90.09529,29.95107],[-90.09557,29.95079]]],[[[-90.09889,29.95053],[-90.09871,29.95045],[-90.09882,29.95069],[-90.09889,29.95053]]],[[[-90.09983,29.95054],[-90.10006,29.95017],[-90.09986,29.95005],[-90.09946,29.95046],[-90.09983,29.95054]]],[[[-90.09506,29.95014],[-90.09589,29.95054],[-90.09513,29.95005],[-90.09506,29.95014]]],[[[-90.10234,29.94999],[-90.10191,29.95024],[-90.10225,29.95009],[-90.10234,29.94999]]],[[[-90.09444,29.95003],[-90.09404,29.94982],[-90.09374,29.9502],[-90.09439,29.95059],[-90.09467,29.95029],[-90.09444,29.95003]]],[[[-90.09897,29.94977],[-90.09914,29.9497],[-90.09905,29.94962],[-90.09897,29.94977]]],[[[-90.095,29.95002],[-90.09475,29.94977],[-90.09416,29.94955],[-90.095,29.95002]]],[[[-90.09324,29.94993],[-90.09355,29.9501],[-90.09383,29.94968],[-90.09322,29.94941],[-90.09296,29.9498],[-90.09324,29.94993]]],[[[-90.09462,29.94939],[-90.09443,29.94949],[-90.09491,29.94974],[-90.09462,29.94939]]],[[[-90.09922,29.94937],[-90.09938,29.94937],[-90.09913,29.94956],[-90.09922,29.94937]]],[[[-90.09331,29.94913],[-90.09405,29.94949],[-90.09339,29.94907],[-90.09331,29.94913]]],[[[-90.09917,29.94915],[-90.09884,29.94918],[-90.09904,29.94935],[-90.09917,29.94915]]],[[[-90.0933,29.94898],[-90.09312,29.94904],[-90.0933,29.94907],[-90.0933,29.94898]]],[[[-90.09195,29.94926],[-90.09248,29.94952],[-90.09278,29.9491],[-90.0922,29.94873],[-90.09195,29.94926]]],[[[-90.09073,29.94823],[-90.09048,29.94841],[-90.0907,29.94858],[-90.09073,29.94823]]],[[[-90.09211,29.94812],[-90.09203,29.94817],[-90.0923,29.94831],[-90.09211,29.94812]]],[[[-90.09776,29.94791],[-90.09756,29.94796],[-90.09763,29.94802],[-90.09776,29.94791]]],[[[-90.09177,29.94789],[-90.09152,29.94787],[-90.09184,29.94805],[-90.09177,29.94789]]],[[[-90.09586,29.94775],[-90.09602,29.94773],[-90.09585,29.94761],[-90.09586,29.94775]]],[[[-90.09777,29.9477],[-90.09759,29.94759],[-90.09767,29.9478],[-90.09777,29.9477]]],[[[-90.09173,29.94742],[-90.09153,29.9472],[-90.09089,29.9474],[-90.09138,29.94773],[-90.09173,29.94742]]],[[[-90.0956,29.94709],[-90.09545,29.94698],[-90.09539,29.94722],[-90.0956,29.94709]]],[[[-90.0975,29.94714],[-90.09694,29.94707],[-90.09737,29.94754],[-90.0975,29.94714]]],[[[-90.08975,29.94688],[-90.08987,29.94696],[-90.08999,29.94686],[-90.08975,29.94688]]],[[[-90.0945,29.94654],[-90.09458,29.94631],[-90.09521,29.94662],[-90.09463,29.94606],[-90.0942,29.94632],[-90.09424,29.94665],[-90.0945,29.94654]]],[[[-90.09553,29.94609],[-90.09563,29.94618],[-90.09582,29.94605],[-90.09553,29.94609]]],[[[-90.10263,29.94618],[-90.10233,29.94596],[-90.10194,29.94624],[-90.10246,29.94659],[-90.10263,29.94618]]],[[[-90.0975,29.94597],[-90.09758,29.94571],[-90.09735,29.94594],[-90.0975,29.94597]]],[[[-90.09569,29.94581],[-90.09552,29.94557],[-90.09528,29.94568],[-90.09569,29.94581]]],[[[-90.09185,29.94616],[-90.0916,29.94582],[-90.09187,29.94558],[-90.09126,29.94584],[-90.09149,29.94633],[-90.09185,29.94616]]],[[[-90.0941,29.94616],[-90.09402,29.94584],[-90.09451,29.9459],[-90.09417,29.94524],[-90.09391,29.94543],[-90.09427,29.9457],[-90.09371,29.94573],[-90.0941,29.94616]]],[[[-90.09118,29.94566],[-90.09119,29.94542],[-90.09158,29.94544],[-90.09145,29.94499],[-90.09101,29.94533],[-90.09062,29.94505],[-90.0903,29.94523],[-90.09081,29.94574],[-90.09118,29.94566]]],[[[-90.09366,29.94481],[-90.09349,29.94465],[-90.09321,29.94491],[-90.09366,29.94481]]],[[[-90.0955,29.9449],[-90.09519,29.94454],[-90.0943,29.94514],[-90.09489,29.94561],[-90.09563,29.94527],[-90.0955,29.9449]]],[[[-90.09564,29.94477],[-90.09589,29.94445],[-90.09559,29.94461],[-90.09564,29.94477]]],[[[-90.09208,29.94465],[-90.09184,29.94488],[-90.09203,29.94444],[-90.09208,29.94465]]],[[[-90.09721,29.94434],[-90.0971,29.94424],[-90.0969,29.9444],[-90.09721,29.94434]]],[[[-90.09662,29.94411],[-90.09605,29.94428],[-90.09659,29.94472],[-90.09662,29.94411]]],[[[-90.09261,29.94422],[-90.09285,29.94395],[-90.09246,29.94412],[-90.09261,29.94422]]],[[[-90.09392,29.94405],[-90.09384,29.94394],[-90.09374,29.94398],[-90.09392,29.94405]]],[[[-90.09519,29.94415],[-90.09499,29.94388],[-90.09437,29.94407],[-90.09456,29.94425],[-90.09426,29.94481],[-90.09514,29.94451],[-90.09519,29.94415]]],[[[-90.096,29.94372],[-90.09608,29.94331],[-90.09582,29.94366],[-90.096,29.94372]]],[[[-90.09593,29.94337],[-90.09559,29.94358],[-90.09577,29.94366],[-90.09593,29.94337]]],[[[-90.09372,29.94394],[-90.09403,29.94404],[-90.09384,29.94327],[-90.09332,29.94367],[-90.09372,29.94394]]],[[[-90.09469,29.94343],[-90.09465,29.94285],[-90.09398,29.94318],[-90.09428,29.94353],[-90.09469,29.94343]]]]},"properties":{"FLD_ZONE":"AE","ZONE_SUBTY":null}},{"type":"Feature","geometry":{"type":"Polygon","coordinates":[[[-89.94189,30.01701],[-89.94097,30.01702],[-89.94096,30.01691],[-89.94189,30.01701]]]},"properties":{"FLD_ZONE":"AE","ZONE_SUBTY":null}},{"type":"Feature","geometry":{"type":"Polygon","coordinates":[[[-90.00938,30.026],[-90.00856,30.02625],[-90.00913,30.02575],[-90.00938,30.026]]]},"properties":{"FLD_ZONE":"AE","ZONE_SUBTY":null}},{"type":"Feature","geometry":{"type":"Polygon","coordinates":[[[-89.91262,30.02556],[-89.91303,30.02519],[-89.91298,30.02547],[-89.91262,30.02556]]]},"properties":{"FLD_ZONE":"AE","ZONE_SUBTY":null}},{"type":"Feature","geometry":{"type":"Polygon","coordinates":[[[-89.83382,30.04297],[-89.833,30.04381],[-89.83061,30.04482],[-89.83007,30.04577],[-89.82928,30.04598],[-89.82132,30.04546],[-89.81764,30.04622],[-89.81085,30.04894],[-89.80799,30.05108],[-89.80654,30.05176],[-89.79754,30.0542],[-89.78544,30.0601],[-89.7847,30.06007],[-89.78398,30.05915],[-89.7843,30.05677],[-89.78659,30.05075],[-89.78906,30.04581],[-89.79115,30.04622],[-89.80122,30.04572],[-89.80173,30.0459],[-89.80172,30.04657],[-89.80221,30.04686],[-89.80387,30.04687],[-89.81585,30.04608],[-89.82015,30.0451],[-89.82494,30.04496],[-89.82775,30.04528],[-89.82956,30.04485],[-89.83105,30.04344],[-89.83301,30.03795],[-89.83444,30.03484],[-89.83587,30.03261],[-89.84268,30.02652],[-89.85068,30.01735],[-89.85314,30.01392],[-89.855,30.01207],[-89.85709,30.01229],[-89.85882,30.01309],[-89.86182,30.0156],[-89.8631,30.01724],[-89.8636,30.01903],[-89.8636,30.02027],[-89.86255,30.02533],[-89.86264,30.02637],[-89.86469,30.02885],[-89.86643,30.02964],[-89.86864,30.02874],[-89.86844,30.02666],[-89.86912,30.02549],[-89.87786,30.02064],[-89.88443,30.0202],[-89.88788,30.02077],[-89.8926,30.01888],[-89.88644,30.0175],[-89.88558,30.01673],[-89.885,30.01513],[-89.88503,30.01328],[-89.88562,30.01202],[-89.89161,30.00818],[-89.89307,30.00693],[-89.89367,30.0044],[-89.89314,30.00335],[-89.89215,30.00244],[-89.8836,29.99782],[-89.88049,29.99653],[-89.87632,29.99562],[-89.87278,29.99539],[-89.86502,29.99726],[-89.8648,29.99626],[-89.86335,29.99492],[-89.86028,29.99327],[-89.85922,29.99239],[-89.85899,29.99162],[-89.86396,29.99476],[-89.86649,29.99525],[-89.87041,29.99395],[-89.87409,29.99334],[-89.88222,29.9937],[-89.88275,29.99137],[-89.88341,29.99098],[-89.88469,29.99095],[-89.88484,29.99181],[-89.88449,29.99394],[-89.88493,29.99488],[-89.88497,29.99635],[-89.88564,29.99708],[-89.88789,29.99764],[-89.88878,29.99827],[-89.88941,30.00015],[-89.89348,30.00218],[-89.89508,30.00267],[-89.896,30.00209],[-89.89574,30.00553],[-89.89424,30.00772],[-89.89376,30.01021],[-89.89408,30.01394],[-89.89549,30.01751],[-89.89571,30.01773],[-89.90031,30.01602],[-89.90197,30.016],[-89.90033,30.01631],[-89.89118,30.01972],[-89.848,30.0376],[-89.84796,30.03731],[-89.86605,30.02981],[-89.86322,30.02976],[-89.85007,30.03382],[-89.84902,30.03366],[-89.84807,30.03311],[-89.84676,30.03026],[-89.84496,30.02861],[-89.84271,30.02792],[-89.84167,30.02819],[-89.83913,30.0307],[-89.83823,30.03301],[-89.8378,30.03721],[-89.83726,30.03858],[-89.83402,30.04075],[-89.83371,30.04198],[-89.83382,30.04297]],[[-89.88452,30.02088],[-89.87907,30.02179],[-89.87613,30.02277],[-89.8695,30.02838],[-89.88633,30.02142],[-89.88452,30.02088]]]},"properties":{"FLD_ZONE":"VE","ZONE_SUBTY":null}},{"type":"Feature","geometry":{"type":"Polygon","coordinates":[[[-89.99504,29.96509],[-89.99401,29.96471],[-89.99428,29.96422],[-89.99422,29.96456],[-89.99463,29.96437],[-89.99453,29.96486],[-89.99504,29.96509]]]},"properties":{"FLD_ZONE":"AE","ZONE_SUBTY":null}},{"type":"Feature","geometry":{"type":"Polygon","coordinates":[[[-89.94257,29.93779],[-89.94338,29.93752],[-89.94602,29.93275],[-89.94534,29.93419],[-89.94588,29.93418],[-89.9463,29.93346],[-89.94601,29.93415],[-89.94629,29.93421],[-89.94589,29.93435],[-89.94441,29.93729],[-89.94472,29.93751],[-89.94563,29.936],[-89.94491,29.9375],[-89.94594,29.93751],[-89.94257,29.93779]],[[-89.94357,29.93751],[-89.94421,29.93708],[-89.94578,29.93428],[-89.94524,29.93433],[-89.94357,29.93751]]]},"properties":{"FLD_ZONE":"AE","ZONE_SUBTY":null}},{"type":"Feature","geometry":{"type":"Polygon","coordinates":[[[-89.89019,30.04726],[-89.88924,30.04811],[-89.88873,30.04826],[-89.89019,30.04726]]]},"properties":{"FLD_ZONE":"AE","ZONE_SUBTY":null}},{"type":"Feature","geometry":{"type":"Polygon","coordinates":[[[-89.89617,29.88057],[-89.89616,29.88021],[-89.8962,29.88054],[-89.89665,29.88055],[-89.89617,29.88057]]]},"properties":{"FLD_ZONE":"AE","ZONE_SUBTY":null}},{"type":"Feature","geometry":{"type":"Polygon","coordinates":[[[-89.89961,29.89073],[-89.89912,29.88919],[-89.89927,29.88924],[-89.89961,29.89073]]]},"properties":{"FLD_ZONE":"AE","ZONE_SUBTY":null}},{"type":"Feature","geometry":{"type":"Polygon","coordinates":[[[-90.09311,29.95048],[-90.09302,29.95056],[-90.0929,29.95045],[-90.09311,29.95048]]]},"properties":{"FLD_ZONE":"AE","ZONE_SUBTY":null}},{"type":"Feature","geometry":{"type":"Polygon","coordinates":[[[-90.08005,29.88202],[-90.07979,29.88157],[-90.08042,29.88155],[-90.08005,29.88202]]]},"properties":{"FLD_ZONE":"AE","ZONE_SUBTY":null}},{"type":"Feature","geometry":{"type":"Polygon","coordinates":[[[-90.10642,29.87453],[-90.10644,29.87363],[-90.10606,29.87354],[-90.10637,29.87336],[-90.10554,29.8734],[-90.10548,29.87298],[-90.10497,29.87294],[-90.10522,29.87272],[-90.10648,29.87263],[-90.10642,29.87453]]]},"properties":{"FLD_ZONE":"AE","ZONE_SUBTY":null}},{"type":"Feature","geometry":{"type":"Polygon","coordinates":[[[-90.01756,30.02821],[-90.01654,30.02856],[-90.01639,30.02849],[-90.01756,30.02821]]]},"properties":{"FLD_ZONE":"AE","ZONE_SUBTY":null}},{"type":"Feature","geometry":{"type":"Polygon","coordinates":[[[-89.9717,29.94637],[-89.97076,29.9453],[-89.96679,29.94362],[-89.96701,29.94336],[-89.96695,29.94365],[-89.96796,29.9437],[-89.96714,29.94324],[-89.96814,29.94322],[-89.96866,29.9422],[-89.96845,29.94205],[-89.9695,29.94079],[-89.9694,29.9419],[-89.96917,29.94194],[-89.96965,29.94196],[-89.97004,29.94128],[-89.96964,29.94219],[-89.97003,29.94234],[-89.9708,29.94119],[-89.9707,29.94213],[-89.97174,29.94095],[-89.97125,29.94192],[-89.97147,29.94207],[-89.97132,29.94271],[-89.97176,29.94215],[-89.9718,29.94257],[-89.97217,29.94285],[-89.97244,29.94258],[-89.97274,29.94301],[-89.97285,29.94266],[-89.97322,29.94272],[-89.97303,29.94237],[-89.97355,29.94215],[-89.9733,29.94271],[-89.97381,29.94185],[-89.97379,29.94224],[-89.97412,29.94197],[-89.9717,29.94637]],[[-89.96863,29.94345],[-89.96936,29.94249],[-89.96923,29.9422],[-89.96867,29.94284],[-89.96863,29.94345]],[[-89.96976,29.94243],[-89.9694,29.94266],[-89.96946,29.94312],[-89.96994,29.9427],[-89.96976,29.94243]],[[-89.97112,29.94293],[-89.97089,29.94312],[-89.97102,29.94322],[-89.97112,29.94293]],[[-89.96834,29.94393],[-89.96825,29.94362],[-89.96811,29.94389],[-89.96834,29.94393]],[[-89.97081,29.94284],[-89.97085,29.94307],[-89.971,29.9429],[-89.97081,29.94284]],[[-89.97017,29.94454],[-89.97008,29.9447],[-89.97026,29.94478],[-89.97017,29.94454]],[[-89.96957,29.94439],[-89.96974,29.94429],[-89.96969,29.94404],[-89.96957,29.94439]],[[-89.9726,29.94368],[-89.97272,29.9436],[-89.97257,29.94348],[-89.9726,29.94368]],[[-89.9692,29.9432],[-89.9691,29.94336],[-89.96923,29.94334],[-89.9692,29.9432]],[[-89.96944,29.94317],[-89.96931,29.9431],[-89.96935,29.94323],[-89.96944,29.94317]],[[-89.97043,29.94295],[-89.97054,29.94291],[-89.97042,29.94284],[-89.97043,29.94295]]]},"properties":{"FLD_ZONE":"AE","ZONE_SUBTY":null}},{"type":"Feature","geometry":{"type":"Polygon","coordinates":[[[-90.07043,30.02054],[-90.06763,29.98861],[-90.06724,29.98858],[-90.06686,29.98912],[-90.0665,29.98897],[-90.06677,29.98843],[-90.05798,29.98534],[-90.05773,29.9856],[-90.05225,29.98596],[-90.04447,29.98606],[-90.04459,29.98661],[-90.04492,29.98671],[-90.04466,29.98755],[-90.04522,29.99556],[-90.04544,29.99792],[-90.04576,29.99797],[-90.04547,29.99814],[-90.04561,30.0024],[-90.04428,29.98789],[-90.04455,29.98692],[-90.04424,29.98702],[-90.04412,29.98585],[-90.03804,29.98462],[-90.03667,29.98399],[-90.03627,29.98419],[-90.02696,29.98205],[-90.02521,29.98141],[-90.04447,29.98577],[-90.05363,29.98521],[-90.05818,29.98524],[-90.06667,29.98827],[-90.06748,29.98787],[-90.06749,29.98844],[-90.06775,29.98805],[-90.06767,29.98834],[-90.06819,29.98843],[-90.07104,30.02339],[-90.07254,30.02632],[-90.07456,30.02791],[-90.074,30.02891],[-90.07456,30.03071],[-90.0735,30.03088],[-90.07246,30.02885],[-90.07299,30.02807],[-90.07153,30.02701],[-90.07117,30.02514],[-90.07054,30.02424],[-90.07043,30.02054]]]},"properties":{"FLD_ZONE":"AE","ZONE_SUBTY":null}},{"type":"Feature","geometry":{"type":"Polygon","coordinates":[[[-89.9401,29.9362],[-89.94023,29.93609],[-89.94036,29.93614],[-89.9401,29.9362]]]},"properties":{"FLD_ZONE":"AE","ZONE_SUBTY":null}},{"type":"Feature","geometry":{"type":"Polygon","coordinates":[[[-89.95506,29.93931],[-89.95483,29.93926],[-89.95463,29.93913],[-89.95506,29.93931]]]},"properties":{"FLD_ZONE":"AE","ZONE_SUBTY":null}},{"type":"Feature","geometry":{"type":"Polygon","coordinates":[[[-89.94031,29.89743],[-89.93814,29.89639],[-89.93831,29.8961],[-89.9379,29.89581],[-89.94031,29.89743]]]},"properties":{"FLD_ZONE":"AE","ZONE_SUBTY":null}},{"type":"Feature","geometry":{"type":"Polygon","coordinates":[[[-89.89662,29.89567],[-89.89684,29.89549],[-89.89685,29.89562],[-89.89662,29.89567]]]},"properties":{"FLD_ZONE":"AE","ZONE_SUBTY":null}},{"type":"Feature","geometry":{"type":"Polygon","coordinates":[[[-90.12237,29.97472],[-90.12226,29.97473],[-90.12219,29.97457],[-90.12237,29.97472]]]},"properties":{"FLD_ZONE":"AE","ZONE_SUBTY":null}},{"type":"Feature","geometry":{"type":"Polygon","coordinates":[[[-90.12552,29.93407],[-90.12598,29.93366],[-90.12579,29.93405],[-90.12552,29.93407]]]},"properties":{"FLD_ZONE":"AE","ZONE_SUBTY":null}},{"type":"Feature","geometry":{"type":"Polygon","coordinates":[[[-90.03901,30.02522],[-90.03936,30.02515],[-90.03917,30.02533],[-90.03901,30.02522]]]},"properties":{"FLD_ZONE":"AE","ZONE_SUBTY":null}},{"type":"Feature","geometry":{"type":"Polygon","coordinates":[[[-90.00808,29.9994],[-90.00748,29.99955],[-90.00739,29.99946],[-90.00808,29.9994]]]},"properties":{"FLD_ZONE":"AE","ZONE_SUBTY":null}},{"type":"Feature","geometry":{"type":"Polygon","coordinates":[[[-89.93723,30.00741],[-89.93597,30.00746],[-89.93717,30.00725],[-89.93723,30.00741]]]},"properties":{"FLD_ZONE":"AE","ZONE_SUBTY":null}},{"type":"Feature","geometry":{"type":"Polygon","coordinates":[[[-89.92712,30.01643],[-89.92674,30.01641],[-89.92633,30.01632],[-89.92712,30.01643]]]},"properties":{"FLD_ZONE":"AE","ZONE_SUBTY":null}},{"type":"Feature","geometry":{"type":"Polygon","coordinates":[[[-89.98942,30.02917],[-89.99002,30.02901],[-89.99038,30.02956],[-89.98978,30.0296],[-89.98956,30.03004],[-89.98916,30.02984],[-89.98924,30.03014],[-89.98885,30.0303],[-89.98832,30.02933],[-89.9888,30.02947],[-89.98942,30.02917]]]},"properties":{"FLD_ZONE":"AE","ZONE_SUBTY":null}},{"type":"Feature","geometry":{"type":"Polygon","coordinates":[[[-89.9746,29.94944],[-89.97179,29.94838],[-89.97175,29.94655],[-89.97233,29.94554],[-89.97261,29.94571],[-89.97413,29.94357],[-89.97389,29.94421],[-89.97456,29.944],[-89.97424,29.9439],[-89.97463,29.94383],[-89.97523,29.94264],[-89.97488,29.94392],[-89.97533,29.94399],[-89.97635,29.94239],[-89.97565,29.94408],[-89.97606,29.94452],[-89.97715,29.94258],[-89.97706,29.9434],[-89.97681,29.94338],[-89.97635,29.94429],[-89.97651,29.94477],[-89.97774,29.94309],[-89.97747,29.9443],[-89.97777,29.94402],[-89.97872,29.94436],[-89.97934,29.94357],[-89.97736,29.94738],[-89.97808,29.94771],[-89.97672,29.95025],[-89.9746,29.94944]],[[-89.97635,29.94942],[-89.97711,29.94924],[-89.97771,29.94773],[-89.97684,29.9474],[-89.97648,29.94765],[-89.9759,29.94866],[-89.97635,29.94942]],[[-89.97813,29.94481],[-89.97851,29.94495],[-89.97876,29.94446],[-89.97836,29.94469],[-89.97851,29.94435],[-89.97818,29.94454],[-89.97824,29.94426],[-89.9778,29.9444],[-89.97775,29.94414],[-89.97758,29.94462],[-89.97784,29.94444],[-89.97813,29.94481]],[[-89.97631,29.9456],[-89.9766,29.94539],[-89.97627,29.9454],[-89.97614,29.94505],[-89.97587,29.94553],[-89.97631,29.9456]],[[-89.97748,29.94552],[-89.97761,29.94523],[-89.97716,29.94507],[-89.97728,29.94564],[-89.97748,29.94552]],[[-89.97301,29.94538],[-89.97334,29.94486],[-89.9733,29.94476],[-89.97301,29.94538]],[[-89.97527,29.9442],[-89.97527,29.944],[-89.97499,29.94411],[-89.97527,29.9442]],[[-89.97682,29.94551],[-89.97705,29.94558],[-89.97709,29.94546],[-89.97682,29.94551]],[[-89.97674,29.9452],[-89.97666,29.94528],[-89.97693,29.94531],[-89.97674,29.9452]]]},"properties":{"FLD_ZONE":"AE","ZONE_SUBTY":null}},{"type":"Feature","geometry":{"type":"MultiPolygon","coordinates":[[[[-90.00034,29.922],[-90.00018,29.9228],[-90.00258,29.9235],[-90.00123,29.92331],[-90.00238,29.9237],[-90.00157,29.92377],[-90.00005,29.92311],[-89.99976,29.92368],[-90.00046,29.92411],[-89.99973,29.92378],[-89.99949,29.92396],[-89.99978,29.92301],[-89.99804,29.92238],[-89.99787,29.92296],[-89.99786,29.92227],[-89.99767,29.92288],[-89.9976,29.92225],[-89.99575,29.92153],[-89.99561,29.9217],[-89.99566,29.92149],[-89.99688,29.92178],[-89.99539,29.92114],[-89.99768,29.92183],[-89.9977,29.92111],[-89.99569,29.92048],[-89.99771,29.92097],[-89.99768,29.92028],[-89.99593,29.91969],[-89.99772,29.92008],[-89.99777,29.91937],[-89.99602,29.9188],[-89.99759,29.9192],[-89.99783,29.9188],[-89.99832,29.9188],[-89.99819,29.9202],[-89.99844,29.92041],[-89.9982,29.92057],[-89.99888,29.9208],[-89.99895,29.92121],[-89.99809,29.92146],[-89.99805,29.92202],[-89.99999,29.92272],[-90.00029,29.92085],[-90.00112,29.92078],[-90.00114,29.91888],[-90.00144,29.9188],[-90.0012,29.92232],[-90.00188,29.92261],[-90.0018,29.92291],[-90.00179,29.92263],[-90.00108,29.92231],[-90.00113,29.92095],[-90.00045,29.92093],[-90.00034,29.922]]],[[[-89.99799,29.92219],[-89.99787,29.92201],[-89.99771,29.9221],[-89.99799,29.92219]]],[[[-89.99856,29.92089],[-89.9982,29.92089],[-89.9982,29.92125],[-89.99874,29.9212],[-89.99856,29.92089]]],[[[-90.00979,29.92337],[-90.00995,29.92302],[-90.00912,29.92129],[-90.00918,29.92066],[-90.00978,29.91954],[-90.01006,29.91965],[-90.01081,29.919],[-90.01018,29.91994],[-90.01045,29.9202],[-90.00998,29.92011],[-90.00961,29.92062],[-90.00965,29.92156],[-90.01009,29.92212],[-90.01001,29.92392],[-90.01227,29.9242],[-90.01363,29.92399],[-90.01342,29.9232],[-90.0138,29.92324],[-90.01396,29.92145],[-90.01276,29.92077],[-90.011,29.91904],[-90.01143,29.91925],[-90.01128,29.9188],[-90.01199,29.91905],[-90.01272,29.9188],[-90.01235,29.91932],[-90.01278,29.91963],[-90.01302,29.91941],[-90.01301,29.92038],[-90.01472,29.92185],[-90.01448,29.92351],[-90.01424,29.92338],[-90.01441,29.92432],[-90.0141,29.92536],[-90.01396,29.92971],[-90.01372,29.92961],[-90.01373,29.92789],[-90.01348,29.92957],[-90.01362,29.92548],[-90.01314,29.92547],[-90.01283,29.92872],[-90.01276,29.92534],[-90.01231,29.92569],[-90.01191,29.92876],[-90.012,29.92531],[-90.01151,29.92541],[-90.01117,29.92834],[-90.01132,29.92528],[-90.01071,29.9253],[-90.01047,29.92741],[-90.01055,29.92523],[-90.00994,29.92512],[-90.00977,29.92724],[-90.00978,29.9251],[-90.0092,29.92494],[-90.00883,29.9276],[-90.00892,29.92604],[-90.00845,29.92579],[-90.00892,29.92576],[-90.00895,29.92422],[-90.0082,29.92407],[-90.00805,29.92498],[-90.00789,29.92405],[-90.00776,29.92505],[-90.0077,29.92408],[-90.00699,29.92402],[-90.00676,29.92557],[-90.00678,29.92399],[-90.00619,29.92389],[-90.00606,29.92412],[-90.00553,29.92385],[-90.00665,29.92384],[-90.00527,29.92361],[-90.00606,29.92361],[-90.00613,29.92306],[-90.00618,29.92361],[-90.00676,29.9236],[-90.00683,29.9222],[-90.00628,29.92198],[-90.00612,29.92302],[-90.00613,29.92195],[-90.00543,29.92213],[-90.00554,29.92184],[-90.0051,29.92181],[-90.00547,29.92127],[-90.00521,29.9204],[-90.00501,29.92161],[-90.00487,29.92031],[-90.00461,29.92156],[-90.00419,29.92141],[-90.00446,29.92126],[-90.00441,29.91969],[-90.00401,29.91952],[-90.00414,29.91933],[-90.00297,29.91932],[-90.00296,29.91892],[-90.0074,29.9188],[-90.00711,29.92163],[-90.00735,29.92189],[-90.00789,29.92175],[-90.00807,29.9188],[-90.00827,29.91941],[-90.00846,29.9188],[-90.00819,29.92251],[-90.00811,29.92202],[-90.00792,29.92249],[-90.00789,29.92203],[-90.00714,29.92203],[-90.007,29.9236],[-90.00777,29.92366],[-90.00789,29.92264],[-90.00804,29.92368],[-90.00819,29.92259],[-90.00823,29.92369],[-90.00968,29.92385],[-90.00979,29.92337]]],[[[-90.0132,29.92479],[-90.01261,29.92501],[-90.01207,29.92465],[-90.01007,29.9246],[-90.00927,29.92422],[-90.00918,29.92466],[-90.0115,29.92511],[-90.01351,29.92514],[-90.01364,29.92496],[-90.0132,29.92479]]],[[[-90.00661,29.92108],[-90.00617,29.92082],[-90.00661,29.92062],[-90.00692,29.92087],[-90.00665,29.92056],[-90.00684,29.9202],[-90.00653,29.92066],[-90.00576,29.92037],[-90.00562,29.92178],[-90.00627,29.92179],[-90.00632,29.92143],[-90.00637,29.92181],[-90.00678,29.92173],[-90.00638,29.92139],[-90.00674,29.92134],[-90.00661,29.92108]]],[[[-90.01237,29.91977],[-90.01259,29.92008],[-90.01291,29.91993],[-90.01237,29.91977]]],[[[-90.01428,29.92308],[-90.0145,29.9232],[-90.01451,29.923],[-90.01428,29.92308]]],[[[-90.0124,29.91888],[-90.01209,29.91915],[-90.01223,29.91916],[-90.0124,29.91888]]],[[[-90.00685,29.9211],[-90.00672,29.92119],[-90.0069,29.92125],[-90.00685,29.9211]]],[[[-90.01225,29.91965],[-90.01213,29.91956],[-90.01215,29.91967],[-90.01225,29.91965]]],[[[-90.00248,29.9188],[-90.00247,29.91881],[-90.00246,29.9188],[-90.00248,29.9188]]],[[[-90.00245,29.9188],[-90.00231,29.91955],[-90.00285,29.91973],[-90.00229,29.91978],[-90.00222,29.92088],[-90.00274,29.92099],[-90.00219,29.9211],[-90.00213,29.92163],[-90.00237,29.92173],[-90.00189,29.92261],[-90.00206,29.9193],[-90.00155,29.919],[-90.00245,29.9188]]],[[[-90.00167,29.9188],[-90.00166,29.91881],[-90.00165,29.9188],[-90.00167,29.9188]]],[[[-90.00748,29.9188],[-90.00747,29.91881],[-90.00744,29.9188],[-90.00748,29.9188]]]]},"properties":{"FLD_ZONE":"AE","ZONE_SUBTY":null}},{"type":"Feature","geometry":{"type":"Polygon","coordinates":[[[-90.03952,29.87879],[-90.04027,29.8673],[-90.04186,29.8685],[-90.04227,29.86923],[-90.0428,29.87297],[-90.04276,29.87345],[-90.04245,29.87317],[-90.04231,29.87357],[-90.04273,29.87648],[-90.04302,29.87642],[-90.04289,29.8749],[-90.0432,29.87659],[-90.04243,29.87676],[-90.04283,29.87673],[-90.04022,29.87871],[-90.03952,29.87879]],[[-90.04224,29.87652],[-90.04248,29.87661],[-90.04248,29.87591],[-90.04206,29.87418],[-90.0421,29.8745],[-90.04163,29.87445],[-90.04171,29.87492],[-90.04202,29.87494],[-90.04194,29.87519],[-90.0417,29.87495],[-90.04173,29.87531],[-90.04209,29.87552],[-90.04177,29.87582],[-90.04217,29.87605],[-90.04173,29.87611],[-90.04216,29.87608],[-90.04182,29.8764],[-90.04224,29.87652]],[[-90.04073,29.87406],[-90.04047,29.8742],[-90.04094,29.87505],[-90.04103,29.87439],[-90.04136,29.87432],[-90.04073,29.87406]],[[-90.04143,29.87684],[-90.04162,29.8768],[-90.04143,29.87562],[-90.04143,29.87684]],[[-90.04097,29.87736],[-90.04098,29.87775],[-90.04165,29.87709],[-90.04097,29.87736]],[[-90.04251,29.87255],[-90.04248,29.87125],[-90.04223,29.87139],[-90.04251,29.87255]],[[-90.0405,29.87393],[-90.04045,29.87369],[-90.03992,29.87372],[-90.0401,29.87413],[-90.0405,29.87393]],[[-90.03993,29.87836],[-90.0403,29.8779],[-90.03984,29.87793],[-90.03993,29.87836]],[[-90.04011,29.87494],[-90.04013,29.87528],[-90.04061,29.87521],[-90.04056,29.87495],[-90.04011,29.87494]],[[-90.04035,29.87065],[-90.04068,29.87056],[-90.0405,29.87025],[-90.04014,29.87041],[-90.04035,29.87065]],[[-90.04172,29.8741],[-90.04221,29.87384],[-90.04188,29.8737],[-90.04172,29.8741]],[[-90.04145,29.87317],[-90.04154,29.87283],[-90.0412,29.87286],[-90.04113,29.87313],[-90.04145,29.87317]],[[-90.04119,29.87536],[-90.04145,29.87533],[-90.04145,29.87491],[-90.04114,29.87492],[-90.04119,29.87536]],[[-90.04221,29.87073],[-90.0423,29.87127],[-90.04243,29.87067],[-90.04221,29.87073]],[[-90.04112,29.86875],[-90.04094,29.86893],[-90.0412,29.86926],[-90.04112,29.86875]]]},"properties":{"FLD_ZONE":"AE","ZONE_SUBTY":null}},{"type":"Feature","geometry":{"type":"Polygon","coordinates":[[[-89.89521,29.90302],[-89.89518,29.90291],[-89.89528,29.9029],[-89.89521,29.90302]]]},"properties":{"FLD_ZONE":"AE","ZONE_SUBTY":null}},{"type":"Feature","geometry":{"type":"Polygon","coordinates":[[[-89.96001,30.04192],[-89.9599,30.042],[-89.95992,30.0419],[-89.96001,30.04192]]]},"properties":{"FLD_ZONE":"AE","ZONE_SUBTY":null}},{"type":"Feature","geometry":{"type":"Polygon","coordinates":[[[-89.87421,30.03286],[-89.87422,30.03273],[-89.87442,30.03286],[-89.87421,30.03286]]]},"properties":{"FLD_ZONE":"AE","ZONE_SUBTY":null}},{"type":"Feature","geometry":{"type":"Polygon","coordinates":[[[-90.07968,29.95628],[-90.08008,29.95605],[-90.07969,29.9565],[-90.07968,29.95628]]]},"properties":{"FLD_ZONE":"AE","ZONE_SUBTY":null}},{"type":"Feature","geometry":{"type":"Polygon","coordinates":[[[-90.09373,29.93879],[-90.09348,29.93874],[-90.09366,29.93864],[-90.09373,29.93879]]]},"properties":{"FLD_ZONE":"AE","ZONE_SUBTY":null}},{"type":"Feature","geometry":{"type":"Polygon","coordinates":[[[-89.9699,30.02591],[-89.96998,30.02644],[-89.96959,30.02652],[-89.96951,30.0246],[-89.9699,30.02591]]]},"properties":{"FLD_ZONE":"AE","ZONE_SUBTY":null}},{"type":"Feature","geometry":{"type":"Polygon","coordinates":[[[-89.99613,30.03422],[-89.99619,30.03424],[-89.99637,30.03457],[-89.99613,30.03422]]]},"properties":{"FLD_ZONE":"AE","ZONE_SUBTY":null}},{"type":"Feature","geometry":{"type":"Polygon","coordinates":[[[-89.989,29.94768],[-89.98848,29.94747],[-89.98925,29.94764],[-89.989,29.94768]]]},"properties":{"FLD_ZONE":"AE","ZONE_SUBTY":null}},{"type":"Feature","geometry":{"type":"Polygon","coordinates":[[[-89.95268,29.96429],[-89.95279,29.9643],[-89.95254,29.9647],[-89.95268,29.96429]]]},"properties":{"FLD_ZONE":"AE","ZONE_SUBTY":null}},{"type":"Feature","geometry":{"type":"Polygon","coordinates":[[[-90.06215,29.90545],[-90.06071,29.9032],[-90.06122,29.90399],[-90.06152,29.90384],[-90.05907,29.90025],[-90.05878,29.90032],[-90.05802,29.89925],[-90.05449,29.89369],[-90.05847,29.89167],[-90.05856,29.89194],[-90.05809,29.89195],[-90.05748,29.89251],[-90.05846,29.89233],[-90.05864,29.89299],[-90.05898,29.89296],[-90.05942,29.89365],[-90.05924,29.89298],[-90.06229,29.89779],[-90.06099,29.89583],[-90.06024,29.8953],[-90.06004,29.89542],[-90.06059,29.89598],[-90.06037,29.89622],[-90.06077,29.89688],[-90.06063,29.89713],[-90.0598,29.89752],[-90.06011,29.89698],[-90.05873,29.89612],[-90.05798,29.89675],[-90.05848,29.89753],[-90.05946,29.89766],[-90.06047,29.89981],[-90.06118,29.8997],[-90.06062,29.90012],[-90.05971,29.89888],[-90.05937,29.89886],[-90.06112,29.90152],[-90.06161,29.90166],[-90.0614,29.90195],[-90.06175,29.90263],[-90.06047,29.90082],[-90.05995,29.90112],[-90.06104,29.90291],[-90.06165,29.90378],[-90.06227,29.90349],[-90.06188,29.90277],[-90.06246,29.90343],[-90.06134,29.90412],[-90.06215,29.90545]],[[-90.05806,29.89608],[-90.05843,29.89583],[-90.05741,29.89427],[-90.05669,29.89434],[-90.05617,29.89526],[-90.05665,29.89548],[-90.05733,29.89651],[-90.05806,29.89608]],[[-90.05579,29.89381],[-90.05616,29.89438],[-90.05708,29.89395],[-90.05674,29.89271],[-90.05558,29.89342],[-90.05579,29.89381]],[[-90.0596,29.89963],[-90.05871,29.89872],[-90.0589,29.89856],[-90.05849,29.89858],[-90.05972,29.90084],[-90.06034,29.90061],[-90.0596,29.89963]],[[-90.05936,29.89417],[-90.05984,29.89502],[-90.06071,29.89548],[-90.0597,29.89387],[-90.05936,29.89417]],[[-90.05829,29.89958],[-90.05868,29.90016],[-90.0589,29.89996],[-90.05777,29.89865],[-90.05829,29.89958]]]},"properties":{"FLD_ZONE":"AE","ZONE_SUBTY":null}},{"type":"Feature","geometry":{"type":"Polygon","coordinates":[[[-89.89528,30.05163],[-89.89585,30.0514],[-89.89603,30.05164],[-89.89589,30.05136],[-89.89629,30.05119],[-89.8963,30.05146],[-89.8965,30.05122],[-89.89618,30.05105],[-89.89698,30.05092],[-89.89675,30.05086],[-89.89697,30.05061],[-89.89771,30.05082],[-89.89798,30.05001],[-89.8984,30.05021],[-89.89827,30.04994],[-89.89872,30.04981],[-89.89866,30.04948],[-89.89921,30.04948],[-89.89976,30.04865],[-89.89953,30.04844],[-89.9001,30.04869],[-89.89978,30.0485],[-89.89999,30.04826],[-89.90023,30.04821],[-89.90021,30.04849],[-89.90056,30.04823],[-89.90029,30.04802],[-89.90069,30.04735],[-89.90115,30.04735],[-89.90109,30.04776],[-89.90148,30.04785],[-89.90172,30.04742],[-89.90229,30.04754],[-89.90195,30.04752],[-89.90196,30.04707],[-89.90249,30.04687],[-89.90229,30.04667],[-89.90281,30.04643],[-89.90254,30.04643],[-89.90273,30.04607],[-89.90292,30.04634],[-89.90308,30.0459],[-89.90339,30.04614],[-89.90287,30.04561],[-89.90362,30.04604],[-89.90317,30.04569],[-89.90342,30.04565],[-89.9033,30.04536],[-89.90377,30.04532],[-89.90382,30.04557],[-89.90383,30.04513],[-89.90423,30.04514],[-89.90384,30.04487],[-89.90434,30.04494],[-89.90455,30.04466],[-89.90504,30.04499],[-89.90492,30.04542],[-89.90531,30.04554],[-89.9055,30.04493],[-89.90497,30.04631],[-89.90389,30.04743],[-89.90518,30.0459],[-89.9052,30.04556],[-89.9049,30.04553],[-89.90364,30.04715],[-89.90098,30.04863],[-89.90072,30.04903],[-89.89985,30.04929],[-89.89943,30.04974],[-89.89956,30.04999],[-89.89909,30.05003],[-89.89732,30.05174],[-89.89518,30.05286],[-89.89528,30.05163]],[[-89.90232,30.04712],[-89.90243,30.04727],[-89.9027,30.04703],[-89.90232,30.04712]],[[-89.90364,30.04578],[-89.90378,30.04566],[-89.90344,30.04573],[-89.90364,30.04578]],[[-89.9017,30.04772],[-89.90191,30.04758],[-89.90171,30.04753],[-89.9017,30.04772]],[[-89.89859,30.05005],[-89.89855,30.04982],[-89.89844,30.04993],[-89.89859,30.05005]],[[-89.90131,30.04836],[-89.90144,30.04827],[-89.90131,30.04824],[-89.90131,30.04836]],[[-89.90291,30.04652],[-89.90291,30.04645],[-89.90276,30.04651],[-89.90291,30.04652]]]},"properties":{"FLD_ZONE":"AE","ZONE_SUBTY":null}},{"type":"Feature","geometry":{"type":"Polygon","coordinates":[[[-90.12549,29.92996],[-90.12535,29.92905],[-90.12592,29.92875],[-90.12634,29.92927],[-90.12577,29.93003],[-90.12549,29.92996]]]},"properties":{"FLD_ZONE":"AE","ZONE_SUBTY":null}},{"type":"Feature","geometry":{"type":"Polygon","coordinates":[[[-89.97829,30.03111],[-89.97818,30.0312],[-89.97806,30.03109],[-89.97829,30.03111]]]},"properties":{"FLD_ZONE":"AE","ZONE_SUBTY":null}},{"type":"Feature","geometry":{"type":"Polygon","coordinates":[[[-89.96114,30.00944],[-89.96079,30.00681],[-89.961,30.00756],[-89.9613,30.00754],[-89.96101,30.0076],[-89.96106,30.00843],[-89.9614,30.00845],[-89.96107,30.00848],[-89.96114,30.00944]]]},"properties":{"FLD_ZONE":"AE","ZONE_SUBTY":null}},{"type":"Feature","geometry":{"type":"Polygon","coordinates":[[[-90.00081,29.9681],[-90.00134,29.96702],[-90.00093,29.96816],[-90.00081,29.9681]]]},"properties":{"FLD_ZONE":"AE","ZONE_SUBTY":null}},{"type":"Feature","geometry":{"type":"Polygon","coordinates":[[[-89.97671,29.95187],[-89.97661,29.9518],[-89.97674,29.95173],[-89.97671,29.95187]]]},"properties":{"FLD_ZONE":"AE","ZONE_SUBTY":null}},{"type":"Feature","geometry":{"type":"Polygon","coordinates":[[[-90.00566,29.9116],[-90.00546,29.91167],[-90.00547,29.91137],[-90.00566,29.9116]]]},"properties":{"FLD_ZONE":"AE","ZONE_SUBTY":null}},{"type":"Feature","geometry":{"type":"Polygon","coordinates":[[[-90.00263,29.90497],[-90.0025,29.90519],[-90.00242,29.905],[-90.00263,29.90497]]]},"properties":{"FLD_ZONE":"AE","ZONE_SUBTY":null}},{"type":"Feature","geometry":{"type":"Polygon","coordinates":[[[-90.05149,29.9122],[-90.05138,29.91064],[-90.0517,29.91044],[-90.05137,29.9094],[-90.05299,29.91122],[-90.05194,29.91191],[-90.05192,29.91143],[-90.05172,29.91166],[-90.0515,29.91148],[-90.05149,29.9122]]]},"properties":{"FLD_ZONE":"AE","ZONE_SUBTY":null}},{"type":"Feature","geometry":{"type":"Polygon","coordinates":[[[-90.08071,29.99916],[-90.0806,29.9992],[-90.08045,29.99874],[-90.08071,29.99916]]]},"properties":{"FLD_ZONE":"AE","ZONE_SUBTY":null}},{"type":"Feature","geometry":{"type":"Polygon","coordinates":[[[-89.89766,29.87161],[-89.89735,29.87156],[-89.89774,29.87157],[-89.89767,29.87122],[-89.89766,29.87161]]]},"properties":{"FLD_ZONE":"AE","ZONE_SUBTY":null}},{"type":"Feature","geometry":{"type":"Polygon","coordinates":[[[-89.92648,30.01451],[-89.926,30.01435],[-89.92685,30.01425],[-89.9274,30.01457],[-89.92682,30.01463],[-89.92767,30.01487],[-89.92654,30.0152],[-89.92697,30.0157],[-89.92592,30.01498],[-89.92648,30.01451]]]},"properties":{"FLD_ZONE":"AE","ZONE_SUBTY":null}},{"type":"Feature","geometry":{"type":"Polygon","coordinates":[[[-89.94791,30.02732],[-89.94795,30.02672],[-89.94984,30.02652],[-89.94982,30.02837],[-89.95038,30.02837],[-89.94804,30.02848],[-89.94791,30.02732]],[[-89.94885,30.02711],[-89.949,30.02839],[-89.9497,30.02838],[-89.94955,30.0267],[-89.94886,30.02678],[-89.94885,30.02711]],[[-89.94883,30.02775],[-89.94874,30.02682],[-89.94798,30.02692],[-89.94821,30.02842],[-89.94889,30.02843],[-89.94883,30.02775]]]},"properties":{"FLD_ZONE":"AE","ZONE_SUBTY":null}},{"type":"Feature","geometry":{"type":"Polygon","coordinates":[[[-89.93999,29.93907],[-89.94039,29.93925],[-89.93975,29.94031],[-89.93939,29.94013],[-89.93999,29.93907]]]},"properties":{"FLD_ZONE":"AE","ZONE_SUBTY":null}},{"type":"Feature","geometry":{"type":"Polygon","coordinates":[[[-90.01543,29.91852],[-90.01558,29.91848],[-90.0156,29.91858],[-90.01543,29.91852]]]},"properties":{"FLD_ZONE":"AE","ZONE_SUBTY":null}},{"type":"Feature","geometry":{"type":"Polygon","coordinates":[[[-89.99555,29.87619],[-89.99523,29.87599],[-89.99534,29.87496],[-89.99539,29.87591],[-89.99573,29.8761],[-89.99555,29.87619]]]},"properties":{"FLD_ZONE":"AE","ZONE_SUBTY":null}},{"type":"Feature","geometry":{"type":"Polygon","coordinates":[[[-89.91804,29.88825],[-89.91789,29.88828],[-89.91779,29.88818],[-89.91804,29.88825]]]},"properties":{"FLD_ZONE":"AE","ZONE_SUBTY":null}},{"type":"Feature","geometry":{"type":"Polygon","coordinates":[[[-90.02133,29.87188],[-90.02131,29.87192],[-90.02129,29.8719],[-90.02133,29.87188]]]},"properties":{"FLD_ZONE":"AE","ZONE_SUBTY":null}},{"type":"Feature","geometry":{"type":"Polygon","coordinates":[[[-89.99218,30.03145],[-89.99188,30.03153],[-89.99198,30.03145],[-89.99218,30.03145]]]},"properties":{"FLD_ZONE":"AE","ZONE_SUBTY":null}},{"type":"Feature","geometry":{"type":"Polygon","coordinates":[[[-90.00774,30.02559],[-90.00836,30.02556],[-90.00816,30.02593],[-90.00792,30.02569],[-90.00729,30.02606],[-90.00717,30.02556],[-90.00734,30.02581],[-90.00762,30.0254],[-90.00774,30.02559]]]},"properties":{"FLD_ZONE":"AE","ZONE_SUBTY":null}},{"type":"Feature","geometry":{"type":"Polygon","coordinates":[[[-90.06385,30.01173],[-90.06371,30.01085],[-90.06377,30.01211],[-90.06176,30.01224],[-90.06257,30.01215],[-90.06236,30.01162],[-90.06264,30.01136],[-90.06165,30.0113],[-90.06263,30.01114],[-90.06262,30.01088],[-90.06275,30.01191],[-90.06278,30.01166],[-90.06313,30.01211],[-90.06362,30.01209],[-90.06359,30.01108],[-90.06329,30.0109],[-90.06372,30.01067],[-90.06379,30.01016],[-90.06393,30.01078],[-90.06424,30.01075],[-90.0639,30.01103],[-90.0642,30.01128],[-90.06393,30.01138],[-90.06398,30.01205],[-90.06482,30.01201],[-90.06469,30.0102],[-90.06432,30.01013],[-90.06473,30.01018],[-90.06453,30.01009],[-90.06473,30.00979],[-90.06501,30.01205],[-90.06394,30.01214],[-90.06385,30.01173]]]},"properties":{"FLD_ZONE":"AE","ZONE_SUBTY":null}},{"type":"Feature","geometry":{"type":"Polygon","coordinates":[[[-89.9185,29.93422],[-89.91883,29.93368],[-89.91855,29.93412],[-89.91874,29.93424],[-89.9185,29.93422]]]},"properties":{"FLD_ZONE":"AE","ZONE_SUBTY":null}},{"type":"Feature","geometry":{"type":"Polygon","coordinates":[[[-89.95313,29.93168],[-89.95294,29.93206],[-89.9528,29.93229],[-89.95313,29.93168]]]},"properties":{"FLD_ZONE":"AE","ZONE_SUBTY":null}},{"type":"Feature","geometry":{"type":"Polygon","coordinates":[[[-89.95609,29.94616],[-89.95477,29.94839],[-89.95495,29.948],[-89.95609,29.94616]]]},"properties":{"FLD_ZONE":"AE","ZONE_SUBTY":null}},{"type":"Feature","geometry":{"type":"Polygon","coordinates":[[[-89.91625,29.87431],[-89.91585,29.87396],[-89.91625,29.87399],[-89.91625,29.87431]]]},"properties":{"FLD_ZONE":"AE","ZONE_SUBTY":null}},{"type":"Feature","geometry":{"type":"Polygon","coordinates":[[[-89.87884,29.87864],[-89.87885,29.87852],[-89.87898,29.87858],[-89.87884,29.87864]]]},"properties":{"FLD_ZONE":"AE","ZONE_SUBTY":null}},{"type":"Feature","geometry":{"type":"Polygon","coordinates":[[[-89.90805,29.92455],[-89.90729,29.92384],[-89.90807,29.92453],[-89.9084,29.9244],[-89.90805,29.92455]]]},"properties":{"FLD_ZONE":"AE","ZONE_SUBTY":null}},{"type":"Feature","geometry":{"type":"Polygon","coordinates":[[[-90.03,29.98596],[-90.02918,29.98589],[-90.0294,29.98579],[-90.03,29.98596]]]},"properties":{"FLD_ZONE":"AE","ZONE_SUBTY":null}},{"type":"Feature","geometry":{"type":"Polygon","coordinates":[[[-89.95516,29.95874],[-89.90656,29.94133],[-89.89207,29.92121],[-89.89119,29.92137],[-89.89178,29.92074],[-89.89024,29.91799],[-89.88236,29.90796],[-89.88093,29.90452],[-89.88164,29.90452],[-89.88305,29.90792],[-89.89029,29.90358],[-89.89096,29.90346],[-89.89032,29.90267],[-89.8903,29.90203],[-89.89535,29.90976],[-89.89106,29.90352],[-89.88318,29.90822],[-89.88901,29.9159],[-89.88979,29.91626],[-89.88956,29.91655],[-89.89191,29.92028],[-89.89812,29.91562],[-89.8976,29.91464],[-89.89844,29.9154],[-89.89926,29.91494],[-89.89861,29.91562],[-89.90395,29.92069],[-89.9023,29.91966],[-89.89839,29.91575],[-89.89212,29.92068],[-89.89391,29.92343],[-89.90705,29.94082],[-89.91019,29.94201],[-89.91794,29.93415],[-89.91427,29.93099],[-89.90983,29.92629],[-89.91822,29.93403],[-89.91882,29.93361],[-89.91837,29.93418],[-89.92005,29.93458],[-89.92168,29.93597],[-89.92147,29.93617],[-89.91988,29.93481],[-89.91826,29.93441],[-89.91063,29.94214],[-89.93027,29.94923],[-89.93404,29.94249],[-89.93125,29.94127],[-89.9311,29.94095],[-89.93083,29.94122],[-89.93086,29.94085],[-89.92846,29.9396],[-89.92234,29.93688],[-89.92158,29.93626],[-89.92176,29.93603],[-89.92247,29.93669],[-89.93418,29.94225],[-89.93637,29.93863],[-89.93452,29.94223],[-89.94498,29.94611],[-89.94977,29.93786],[-89.9469,29.94318],[-89.94838,29.94303],[-89.94978,29.94341],[-89.94872,29.94321],[-89.94681,29.94342],[-89.94146,29.95316],[-89.94998,29.9563],[-89.95608,29.94599],[-89.95669,29.94568],[-89.9524,29.95287],[-89.95743,29.95506],[-89.95231,29.95313],[-89.95029,29.95643],[-89.95421,29.95773],[-89.95549,29.95856],[-89.95516,29.95874]],[[-89.94177,29.95189],[-89.94496,29.94629],[-89.9391,29.94387],[-89.93441,29.9424],[-89.93063,29.94943],[-89.9409,29.95303],[-89.94177,29.95189]]]},"properties":{"FLD_ZONE":"AE","ZONE_SUBTY":null}},{"type":"Feature","geometry":{"type":"Polygon","coordinates":[[[-89.92127,29.89125],[-89.92134,29.8917],[-89.92118,29.89186],[-89.92094,29.89147],[-89.9219,29.89065],[-89.92127,29.89125]]]},"properties":{"FLD_ZONE":"AE","ZONE_SUBTY":null}},{"type":"Feature","geometry":{"type":"Polygon","coordinates":[[[-90.01879,29.89912],[-90.01937,29.89034],[-90.01928,29.89081],[-90.01929,29.89014],[-90.0189,29.88999],[-90.01942,29.88952],[-90.0196,29.88818],[-90.01982,29.88984],[-90.01956,29.89021],[-90.02183,29.89044],[-90.02136,29.8905],[-90.0214,29.89105],[-90.02224,29.89143],[-90.02216,29.89421],[-90.02172,29.89472],[-90.02247,29.89505],[-90.02282,29.89464],[-90.02263,29.8989],[-90.02248,29.89932],[-90.01879,29.89912]],[[-90.01936,29.89446],[-90.02009,29.89372],[-90.02026,29.89115],[-90.02116,29.89109],[-90.02126,29.89049],[-90.01954,29.89048],[-90.01941,29.89284],[-90.01965,29.89305],[-90.01937,29.89339],[-90.01936,29.89446]],[[-90.02234,29.8987],[-90.02273,29.89544],[-90.02246,29.8953],[-90.02209,29.89571],[-90.02232,29.89612],[-90.02195,29.8962],[-90.02186,29.89754],[-90.02226,29.89832],[-90.02125,29.89864],[-90.02169,29.899],[-90.02229,29.89898],[-90.02234,29.8987]],[[-90.02119,29.89444],[-90.02149,29.8946],[-90.02145,29.89417],[-90.02183,29.89393],[-90.02194,29.89131],[-90.02135,29.89148],[-90.0214,29.89377],[-90.02098,29.89436],[-90.02119,29.89444]],[[-90.02057,29.89423],[-90.02099,29.89352],[-90.02073,29.8933],[-90.02105,29.89304],[-90.02098,29.89126],[-90.02048,29.89154],[-90.02046,29.89345],[-90.02011,29.89402],[-90.02057,29.89423]],[[-90.01917,29.89712],[-90.01949,29.89721],[-90.01961,29.89643],[-90.0199,29.89688],[-90.02012,29.89524],[-90.01968,29.8956],[-90.01979,29.89501],[-90.01925,29.89517],[-90.0192,29.89591],[-90.01976,29.89634],[-90.01919,29.89635],[-90.01917,29.89712]],[[-90.02079,29.89642],[-90.0213,29.89492],[-90.02092,29.89502],[-90.02081,29.89459],[-90.02036,29.89541],[-90.02072,29.89575],[-90.02027,29.89567],[-90.02053,29.89607],[-90.02023,29.89606],[-90.02048,29.89629],[-90.02017,29.89654],[-90.0207,29.89684],[-90.02079,29.89642]],[[-90.02152,29.89701],[-90.02163,29.89589],[-90.02207,29.89518],[-90.02116,29.89564],[-90.02103,29.89628],[-90.0213,29.89601],[-90.02138,29.89626],[-90.02105,29.89637],[-90.02104,29.89672],[-90.02134,29.89673],[-90.02102,29.89688],[-90.02152,29.89701]],[[-90.01998,29.89478],[-90.02011,29.89516],[-90.02049,29.89452],[-90.02,29.89423],[-90.01953,29.89469],[-90.01998,29.89478]],[[-90.02127,29.89786],[-90.02157,29.89785],[-90.02163,29.89712],[-90.0213,29.89739],[-90.021,29.89724],[-90.02101,29.89766],[-90.02145,29.8976],[-90.02127,29.89786]],[[-90.02042,29.89769],[-90.02063,29.8983],[-90.02071,29.89755],[-90.02042,29.89769]]]},"properties":{"FLD_ZONE":"AE","ZONE_SUBTY":null}},{"type":"Feature","geometry":{"type":"Polygon","coordinates":[[[-89.87855,30.03057],[-89.87831,30.03106],[-89.87827,30.03058],[-89.87855,30.03057]]]},"properties":{"FLD_ZONE":"AE","ZONE_SUBTY":null}},{"type":"Feature","geometry":{"type":"Polygon","coordinates":[[[-89.92574,30.04038],[-89.92556,30.04058],[-89.92547,30.04019],[-89.92574,30.04038]]]},"properties":{"FLD_ZONE":"AE","ZONE_SUBTY":null}},{"type":"Feature","geometry":{"type":"Polygon","coordinates":[[[-90.10877,29.96082],[-90.10857,29.9609],[-90.10878,29.96069],[-90.10877,29.96082]]]},"properties":{"FLD_ZONE":"AE","ZONE_SUBTY":null}},{"type":"Feature","geometry":{"type":"Polygon","coordinates":[[[-90.12849,29.96526],[-90.1281,29.96497],[-90.12812,29.96489],[-90.12849,29.96526]]]},"properties":{"FLD_ZONE":"AE","ZONE_SUBTY":null}},{"type":"Feature","geometry":{"type":"Polygon","coordinates":[[[-90.08075,29.8716],[-90.08,29.86974],[-90.07741,29.87015],[-90.08154,29.869],[-90.08008,29.86935],[-90.0816,29.86913],[-90.08033,29.86962],[-90.08075,29.8716]]]},"properties":{"FLD_ZONE":"AE","ZONE_SUBTY":null}},{"type":"Feature","geometry":{"type":"Polygon","coordinates":[[[-89.99603,29.9734],[-89.99598,29.97305],[-89.99629,29.97315],[-89.99603,29.9734]]]},"properties":{"FLD_ZONE":"AE","ZONE_SUBTY":null}},{"type":"Feature","geometry":{"type":"Polygon","coordinates":[[[-90.03963,30.01388],[-90.04039,30.01374],[-90.03971,30.01391],[-90.03963,30.01388]]]},"properties":{"FLD_ZONE":"AE","ZONE_SUBTY":null}},{"type":"Feature","geometry":{"type":"Polygon","coordinates":[[[-89.95094,29.93791],[-89.95099,29.93786],[-89.95125,29.938],[-89.95094,29.93791]]]},"properties":{"FLD_ZONE":"AE","ZONE_SUBTY":null}},{"type":"Feature","geometry":{"type":"Polygon","coordinates":[[[-89.99032,29.95642],[-89.98932,29.95615],[-89.9895,29.95555],[-89.99076,29.95603],[-89.99041,29.95669],[-89.99032,29.95642]],[[-89.99039,29.9561],[-89.98971,29.95589],[-89.99037,29.95636],[-89.99039,29.9561]]]},"properties":{"FLD_ZONE":"AE","ZONE_SUBTY":null}},{"type":"Feature","geometry":{"type":"Polygon","coordinates":[[[-90.00883,29.93546],[-90.00874,29.93644],[-90.00873,29.93456],[-90.00815,29.93427],[-90.00892,29.9346],[-90.00883,29.93546]]]},"properties":{"FLD_ZONE":"AE","ZONE_SUBTY":null}},{"type":"Feature","geometry":{"type":"Polygon","coordinates":[[[-90.04198,29.9376],[-90.04162,29.9375],[-90.0419,29.9373],[-90.04164,29.9369],[-90.04199,29.93682],[-90.04189,29.93751],[-90.04212,29.93757],[-90.04273,29.93756],[-90.04325,29.9371],[-90.04351,29.93541],[-90.04233,29.93533],[-90.04209,29.93563],[-90.04206,29.93535],[-90.04163,29.93534],[-90.04122,29.93752],[-90.04112,29.93618],[-90.04051,29.93665],[-90.04078,29.93696],[-90.04044,29.9372],[-90.03922,29.93623],[-90.03867,29.93432],[-90.03873,29.93277],[-90.03914,29.93173],[-90.03943,29.93167],[-90.03925,29.93272],[-90.03954,29.9328],[-90.03962,29.93202],[-90.04038,29.93141],[-90.04147,29.93136],[-90.0418,29.92946],[-90.0441,29.93163],[-90.04419,29.93233],[-90.04387,29.93268],[-90.0435,29.93701],[-90.04282,29.93774],[-90.04198,29.9376]],[[-90.04344,29.93524],[-90.04363,29.93388],[-90.04226,29.93377],[-90.04205,29.93424],[-90.04174,29.93401],[-90.0417,29.93517],[-90.04344,29.93524]],[[-90.04371,29.9325],[-90.04326,29.93231],[-90.04373,29.93222],[-90.04374,29.93165],[-90.04287,29.9316],[-90.04279,29.93219],[-90.04325,29.93231],[-90.04278,29.93233],[-90.04277,29.93296],[-90.04368,29.93298],[-90.04371,29.9325]],[[-90.04216,29.93302],[-90.0418,29.93305],[-90.04178,29.93367],[-90.04367,29.93365],[-90.04367,29.93311],[-90.04278,29.93305],[-90.04264,29.93342],[-90.04264,29.93307],[-90.04216,29.93302]],[[-90.04056,29.93435],[-90.0413,29.93412],[-90.04091,29.9337],[-90.04014,29.93372],[-90.03965,29.93427],[-90.04056,29.93435]],[[-90.04235,29.93135],[-90.04315,29.93147],[-90.04345,29.9312],[-90.04225,29.93093],[-90.04193,29.93135],[-90.04235,29.93135]],[[-90.04182,29.93275],[-90.04262,29.93296],[-90.04269,29.93232],[-90.04188,29.9323],[-90.04182,29.93275]],[[-90.04224,29.93213],[-90.0427,29.9322],[-90.04273,29.93159],[-90.04192,29.93158],[-90.04189,29.93212],[-90.04224,29.93213]],[[-90.04104,29.93302],[-90.04098,29.93326],[-90.04065,29.93302],[-90.04093,29.93329],[-90.04057,29.93357],[-90.04138,29.93358],[-90.0414,29.93304],[-90.04104,29.93302]],[[-90.04049,29.93236],[-90.03974,29.93221],[-90.03992,29.9325],[-90.0397,29.93277],[-90.04046,29.93279],[-90.04026,29.93252],[-90.04049,29.93236]],[[-90.04043,29.93354],[-90.04016,29.93324],[-90.04046,29.93299],[-90.03972,29.93295],[-90.04004,29.93324],[-90.03969,29.93353],[-90.04043,29.93354]],[[-90.03927,29.93344],[-90.03922,29.93433],[-90.03944,29.93436],[-90.03955,29.93294],[-90.03931,29.9329],[-90.03927,29.93344]],[[-90.04109,29.93269],[-90.04142,29.93287],[-90.04145,29.93231],[-90.04113,29.9323],[-90.04109,29.93269]],[[-90.04036,29.93539],[-90.04032,29.93471],[-90.04012,29.93546],[-90.04025,29.93598],[-90.04036,29.93539]],[[-90.04148,29.93156],[-90.04117,29.93152],[-90.04119,29.93213],[-90.04147,29.93213],[-90.04148,29.93156]],[[-90.04029,29.93634],[-90.04009,29.93614],[-90.03994,29.93675],[-90.04027,29.93696],[-90.04029,29.93634]],[[-90.0407,29.93264],[-90.04095,29.93277],[-90.04094,29.93226],[-90.0407,29.93264]],[[-90.04072,29.93189],[-90.04097,29.93208],[-90.04098,29.93153],[-90.04072,29.93189]],[[-90.04048,29.93186],[-90.0404,29.93165],[-90.04,29.93192],[-90.04048,29.93186]],[[-90.04052,29.93614],[-90.04077,29.93622],[-90.04077,29.93586],[-90.04052,29.93614]],[[-90.03989,29.93562],[-90.03959,29.9356],[-90.0397,29.93611],[-90.03989,29.93562]],[[-90.03913,29.93467],[-90.03897,29.93452],[-90.03896,29.93485],[-90.03913,29.93467]],[[-90.0407,29.9351],[-90.04053,29.93523],[-90.04068,29.93525],[-90.0407,29.9351]]]},"properties":{"FLD_ZONE":"AE","ZONE_SUBTY":null}},{"type":"Feature","geometry":{"type":"Polygon","coordinates":[[[-90.05135,29.91198],[-90.05115,29.90914],[-90.04381,29.90013],[-90.04287,29.91149],[-90.04353,29.90033],[-90.04202,29.89959],[-90.04355,29.90009],[-90.04426,29.887],[-90.04354,29.88213],[-90.04243,29.86979],[-90.04191,29.86854],[-90.04024,29.86733],[-90.03852,29.89381],[-90.03843,29.8908],[-90.03979,29.86701],[-90.03745,29.86651],[-90.03512,29.86765],[-90.03363,29.89023],[-90.03361,29.88532],[-90.03469,29.86768],[-90.03042,29.86935],[-90.02928,29.8686],[-90.02693,29.86597],[-90.02526,29.86617],[-90.02427,29.88023],[-90.02393,29.88112],[-90.0239,29.87833],[-90.02462,29.87257],[-90.0249,29.86615],[-90.02487,29.8658],[-90.02394,29.86524],[-90.02513,29.86567],[-90.02729,29.86558],[-90.02802,29.86667],[-90.03043,29.86888],[-90.03157,29.86864],[-90.03698,29.86612],[-90.03946,29.86638],[-90.04158,29.86754],[-90.03833,29.85974],[-90.03464,29.84845],[-90.03023,29.85103],[-90.02745,29.85386],[-90.02612,29.85639],[-90.0259,29.85956],[-90.02344,29.86199],[-90.0232,29.8648],[-90.02281,29.86458],[-90.02281,29.86317],[-90.02349,29.86126],[-90.0256,29.85927],[-90.02585,29.85603],[-90.02651,29.85438],[-90.02924,29.85142],[-90.03102,29.85004],[-90.03379,29.84833],[-90.03935,29.84652],[-90.04086,29.84575],[-90.04516,29.84136],[-90.04807,29.84018],[-90.05187,29.83808],[-90.05369,29.83819],[-90.05616,29.83724],[-90.0561,29.83763],[-90.05351,29.83882],[-90.05327,29.83861],[-90.05334,29.83908],[-90.05951,29.85728],[-90.0641,29.87268],[-90.06491,29.87406],[-90.06611,29.87963],[-90.06706,29.88221],[-90.06681,29.88439],[-90.06729,29.88682],[-90.06826,29.88711],[-90.07379,29.9003],[-90.06797,29.88723],[-90.06726,29.8871],[-90.06816,29.89408],[-90.06725,29.89764],[-90.07131,29.90524],[-90.06711,29.89769],[-90.06797,29.8939],[-90.06659,29.88478],[-90.06688,29.88222],[-90.06394,29.87342],[-90.05414,29.8761],[-90.05359,29.87681],[-90.05314,29.88272],[-90.0533,29.87673],[-90.05391,29.87587],[-90.05462,29.87558],[-90.05259,29.8728],[-90.05078,29.87331],[-90.04992,29.87258],[-90.0498,29.87178],[-90.05091,29.87026],[-90.05079,29.86979],[-90.05026,29.86945],[-90.04804,29.86918],[-90.04532,29.86788],[-90.04283,29.86877],[-90.04409,29.87966],[-90.04415,29.88265],[-90.0445,29.88291],[-90.04741,29.88313],[-90.04933,29.88575],[-90.05277,29.8841],[-90.05292,29.883],[-90.05316,29.88351],[-90.05299,29.88428],[-90.04953,29.88603],[-90.05446,29.89354],[-90.05417,29.89372],[-90.04727,29.88361],[-90.04445,29.88331],[-90.04437,29.88352],[-90.04471,29.88719],[-90.04388,29.89983],[-90.05288,29.911],[-90.05136,29.9094],[-90.0517,29.91044],[-90.05138,29.91063],[-90.05135,29.91198]],[[-90.04829,29.86888],[-90.05098,29.86945],[-90.05121,29.87027],[-90.05004,29.87177],[-90.05006,29.87244],[-90.05081,29.87307],[-90.05271,29.87265],[-90.05491,29.87547],[-90.06389,29.87295],[-90.05754,29.85295],[-90.05022,29.85485],[-90.04554,29.84171],[-90.04085,29.84623],[-90.03518,29.84828],[-90.03967,29.86119],[-90.04241,29.86813],[-90.04277,29.86854],[-90.04519,29.86759],[-90.04829,29.86888]],[[-90.04584,29.84176],[-90.05049,29.85463],[-90.05745,29.85277],[-90.05277,29.83852],[-90.05157,29.83864],[-90.05002,29.83973],[-90.04584,29.84176]]]},"properties":{"FLD_ZONE":"AE","ZONE_SUBTY":null}},{"type":"Feature","geometry":{"type":"Polygon","coordinates":[[[-89.91643,30.04171],[-89.91511,30.04209],[-89.91536,30.04175],[-89.9178,30.04088],[-89.9181,30.04137],[-89.91643,30.04171]],[[-89.91753,30.04137],[-89.91725,30.04148],[-89.91771,30.04147],[-89.91753,30.04137]]]},"properties":{"FLD_ZONE":"AE","ZONE_SUBTY":null}},{"type":"Feature","geometry":{"type":"Polygon","coordinates":[[[-89.87538,30.03495],[-89.87526,30.03503],[-89.87523,30.03486],[-89.87538,30.03495]]]},"properties":{"FLD_ZONE":"AE","ZONE_SUBTY":null}},{"type":"Feature","geometry":{"type":"Polygon","coordinates":[[[-89.91647,29.87406],[-89.91626,29.87408],[-89.91636,29.87381],[-89.91647,29.87406]]]},"properties":{"FLD_ZONE":"AE","ZONE_SUBTY":null}},{"type":"Feature","geometry":{"type":"Polygon","coordinates":[[[-89.89392,29.87374],[-89.88933,29.87324],[-89.89112,29.87337],[-89.89122,29.87313],[-89.89126,29.87338],[-89.89396,29.87352],[-89.89428,29.87378],[-89.89392,29.87374]]]},"properties":{"FLD_ZONE":"AE","ZONE_SUBTY":null}},{"type":"Feature","geometry":{"type":"Polygon","coordinates":[[[-90.0797,29.9995],[-90.07963,29.99879],[-90.0787,29.99877],[-90.08038,29.99872],[-90.08014,29.99919],[-90.07987,29.99903],[-90.08022,29.99875],[-90.07975,29.9988],[-90.0797,29.9995]]]},"properties":{"FLD_ZONE":"AE","ZONE_SUBTY":null}},{"type":"Feature","geometry":{"type":"Polygon","coordinates":[[[-90.04337,29.87341],[-90.04332,29.87297],[-90.04382,29.87296],[-90.04379,29.87326],[-90.04338,29.87309],[-90.04337,29.87341]]]},"properties":{"FLD_ZONE":"AE","ZONE_SUBTY":null}},{"type":"Feature","geometry":{"type":"Polygon","coordinates":[[[-90.11798,29.96789],[-90.11809,29.96809],[-90.11788,29.96798],[-90.11798,29.96789]]]},"properties":{"FLD_ZONE":"AE","ZONE_SUBTY":null}},{"type":"Feature","geometry":{"type":"Polygon","coordinates":[[[-90.1167,29.99252],[-90.1171,29.99309],[-90.11689,29.99283],[-90.1167,29.99252]]]},"properties":{"FLD_ZONE":"AE","ZONE_SUBTY":null}},{"type":"Feature","geometry":{"type":"Polygon","coordinates":[[[-90.12662,29.96185],[-90.12567,29.96288],[-90.12632,29.96341],[-90.1277,29.96236],[-90.12729,29.96284],[-90.12785,29.96335],[-90.12854,29.96291],[-90.12806,29.96348],[-90.12866,29.96398],[-90.1289,29.96382],[-90.1288,29.96407],[-90.12854,29.9643],[-90.12795,29.96356],[-90.12729,29.96419],[-90.12792,29.96482],[-90.12702,29.96403],[-90.12714,29.96424],[-90.12636,29.9648],[-90.12711,29.96417],[-90.12639,29.96361],[-90.12599,29.96395],[-90.12642,29.96349],[-90.12567,29.96279],[-90.12523,29.96317],[-90.12535,29.96278],[-90.12479,29.9623],[-90.12412,29.96291],[-90.1243,29.96312],[-90.12402,29.963],[-90.12303,29.96381],[-90.12315,29.9636],[-90.12244,29.96304],[-90.12287,29.96266],[-90.1226,29.96303],[-90.12326,29.96356],[-90.12352,29.96322],[-90.12317,29.963],[-90.12356,29.96319],[-90.12381,29.96274],[-90.12361,29.96249],[-90.12396,29.96275],[-90.12402,29.96242],[-90.12459,29.9623],[-90.12444,29.96199],[-90.12577,29.9626],[-90.12622,29.96217],[-90.12596,29.9619],[-90.12662,29.96185]],[[-90.12701,29.96394],[-90.12723,29.9641],[-90.12787,29.96348],[-90.12715,29.9629],[-90.12651,29.96352],[-90.12701,29.96394]],[[-90.12817,29.9633],[-90.12784,29.96359],[-90.12817,29.96366],[-90.12817,29.9633]],[[-90.12648,29.96363],[-90.12698,29.96403],[-90.12685,29.96388],[-90.12648,29.96363]]]},"properties":{"FLD_ZONE":"AE","ZONE_SUBTY":null}},{"type":"Feature","geometry":{"type":"Polygon","coordinates":[[[-90.10908,29.9607],[-90.10918,29.96084],[-90.10887,29.96075],[-90.10908,29.9607]]]},"properties":{"FLD_ZONE":"AE","ZONE_SUBTY":null}},{"type":"Feature","geometry":{"type":"Polygon","coordinates":[[[-90.12064,29.96812],[-90.12008,29.96805],[-90.12037,29.9678],[-90.12064,29.96812]]]},"properties":{"FLD_ZONE":"AE","ZONE_SUBTY":null}},{"type":"Feature","geometry":{"type":"Polygon","coordinates":[[[-90.00549,29.98953],[-90.00545,29.98967],[-90.00522,29.98963],[-90.00549,29.98953]]]},"properties":{"FLD_ZONE":"AE","ZONE_SUBTY":null}},{"type":"Feature","geometry":{"type":"Polygon","coordinates":[[[-89.99336,29.98025],[-89.99371,29.97937],[-89.99428,29.97843],[-89.99336,29.98025]]]},"properties":{"FLD_ZONE":"AE","ZONE_SUBTY":null}},{"type":"Feature","geometry":{"type":"Polygon","coordinates":[[[-89.95817,30.01091],[-89.95746,30.01098],[-89.95756,30.01092],[-89.95817,30.01091]]]},"properties":{"FLD_ZONE":"AE","ZONE_SUBTY":null}},{"type":"Feature","geometry":{"type":"Polygon","coordinates":[[[-89.98813,30.04071],[-89.98768,30.03978],[-89.98875,30.04158],[-89.98813,30.04071]]]},"properties":{"FLD_ZONE":"AE","ZONE_SUBTY":null}},{"type":"Feature","geometry":{"type":"Polygon","coordinates":[[[-89.94457,29.90223],[-89.94466,29.90254],[-89.94413,29.9026],[-89.94311,29.90194],[-89.94442,29.90198],[-89.94457,29.90223]]]},"properties":{"FLD_ZONE":"AE","ZONE_SUBTY":null}},{"type":"Feature","geometry":{"type":"Polygon","coordinates":[[[-90.04267,29.9101],[-90.04289,29.91002],[-90.04279,29.90954],[-90.04236,29.90939],[-90.04294,29.90921],[-90.04286,29.90746],[-90.04228,29.90745],[-90.04249,29.90789],[-90.04224,29.90892],[-90.04002,29.90868],[-90.04014,29.90757],[-90.04023,29.90784],[-90.04203,29.90788],[-90.04209,29.90734],[-90.0411,29.90723],[-90.04299,29.90723],[-90.04278,29.90696],[-90.04306,29.90688],[-90.04289,29.91104],[-90.04267,29.9101]],[[-90.04159,29.9086],[-90.04205,29.90859],[-90.04207,29.90819],[-90.04018,29.90806],[-90.04016,29.90854],[-90.04159,29.9086]]]},"properties":{"FLD_ZONE":"AE","ZONE_SUBTY":null}},{"type":"Feature","geometry":{"type":"Polygon","coordinates":[[[-90.02771,29.88132],[-90.02678,29.88117],[-90.02823,29.8806],[-90.02542,29.88115],[-90.02589,29.88095],[-90.02483,29.88015],[-90.02475,29.87916],[-90.02447,29.87904],[-90.02476,29.87869],[-90.02437,29.87879],[-90.02525,29.86619],[-90.02654,29.86589],[-90.0273,29.86623],[-90.0277,29.86701],[-90.03027,29.86932],[-90.03201,29.86894],[-90.03467,29.86768],[-90.03477,29.86794],[-90.03475,29.86817],[-90.03438,29.86802],[-90.03203,29.86921],[-90.03473,29.86823],[-90.03446,29.86833],[-90.03441,29.87267],[-90.03424,29.87072],[-90.034,29.87289],[-90.03253,29.87311],[-90.03121,29.87381],[-90.03034,29.87387],[-90.03028,29.87415],[-90.03137,29.87436],[-90.03424,29.87308],[-90.03436,29.87347],[-90.03323,29.87353],[-90.03195,29.87423],[-90.03027,29.87451],[-90.03016,29.87505],[-90.03007,29.87458],[-90.03038,29.87759],[-90.0311,29.87988],[-90.02845,29.88053],[-90.03039,29.88032],[-90.02771,29.88132]],[[-90.03083,29.87979],[-90.03072,29.87913],[-90.03029,29.87903],[-90.03056,29.87876],[-90.03022,29.87763],[-90.03034,29.87668],[-90.02983,29.8749],[-90.02927,29.87528],[-90.02964,29.87702],[-90.02887,29.87479],[-90.02871,29.87569],[-90.02902,29.87585],[-90.02865,29.87589],[-90.02921,29.87716],[-90.02861,29.87749],[-90.02882,29.87717],[-90.02838,29.8769],[-90.02868,29.87685],[-90.0286,29.87652],[-90.02803,29.87633],[-90.02838,29.87682],[-90.02837,29.87773],[-90.02849,29.87794],[-90.02956,29.87782],[-90.02932,29.87819],[-90.0299,29.87999],[-90.03083,29.87979]],[[-90.03144,29.87351],[-90.03385,29.87259],[-90.03395,29.86968],[-90.03325,29.86986],[-90.03329,29.87215],[-90.03174,29.87217],[-90.03053,29.87354],[-90.03144,29.87351]],[[-90.0322,29.8697],[-90.03248,29.87074],[-90.03194,29.87192],[-90.03236,29.87219],[-90.03306,29.87202],[-90.03295,29.86979],[-90.03403,29.8694],[-90.03337,29.86902],[-90.03223,29.86941],[-90.0322,29.8697]],[[-90.02591,29.88079],[-90.02665,29.88077],[-90.02609,29.88078],[-90.02601,29.88053],[-90.02761,29.88012],[-90.02756,29.87955],[-90.02802,29.88009],[-90.02767,29.87909],[-90.02717,29.87919],[-90.02759,29.87984],[-90.02738,29.88006],[-90.0263,29.88022],[-90.02562,29.87986],[-90.02552,29.87919],[-90.02503,29.87921],[-90.02494,29.88006],[-90.02591,29.88079]],[[-90.02583,29.87101],[-90.02612,29.87098],[-90.02625,29.86763],[-90.02574,29.86781],[-90.02565,29.86861],[-90.02589,29.86865],[-90.02554,29.87069],[-90.02583,29.87101]],[[-90.02651,29.87088],[-90.02676,29.8709],[-90.02694,29.87039],[-90.02698,29.86951],[-90.0266,29.86917],[-90.02704,29.869],[-90.02685,29.86876],[-90.02721,29.86802],[-90.02698,29.86772],[-90.02646,29.86819],[-90.02651,29.87088]],[[-90.02756,29.87693],[-90.02797,29.87734],[-90.02741,29.87537],[-90.02745,29.87442],[-90.02693,29.87435],[-90.02688,29.87554],[-90.02756,29.87693]],[[-90.02631,29.87349],[-90.02631,29.87378],[-90.02669,29.87377],[-90.02676,29.87137],[-90.02631,29.87153],[-90.02631,29.87349]],[[-90.02632,29.87902],[-90.02762,29.87886],[-90.02749,29.87843],[-90.025,29.87857],[-90.02498,29.87897],[-90.02632,29.87902]],[[-90.02629,29.87624],[-90.02681,29.87619],[-90.0266,29.87435],[-90.02617,29.87438],[-90.02606,29.87487],[-90.02602,29.87588],[-90.02629,29.87624]],[[-90.02627,29.87835],[-90.0273,29.87821],[-90.02731,29.8779],[-90.02507,29.87793],[-90.02508,29.87826],[-90.02627,29.87835]],[[-90.02548,29.87626],[-90.02577,29.87619],[-90.02585,29.87472],[-90.0254,29.87451],[-90.02515,29.8762],[-90.02548,29.87626]],[[-90.02613,29.88004],[-90.02713,29.87985],[-90.02699,29.87932],[-90.02575,29.87924],[-90.02613,29.88004]],[[-90.02553,29.87344],[-90.02591,29.87323],[-90.02606,29.87213],[-90.02565,29.87155],[-90.02538,29.87231],[-90.02553,29.87344]],[[-90.0263,29.87767],[-90.02663,29.87766],[-90.02663,29.87737],[-90.02713,29.87748],[-90.02707,29.87708],[-90.02648,29.8773],[-90.02508,29.8771],[-90.0251,29.8776],[-90.0263,29.87767]],[[-90.02568,29.87642],[-90.02516,29.87641],[-90.02515,29.87696],[-90.02672,29.87694],[-90.02692,29.87653],[-90.02568,29.87642]],[[-90.029,29.87374],[-90.02773,29.87356],[-90.02732,29.87311],[-90.0271,29.87384],[-90.029,29.87374]],[[-90.02766,29.87048],[-90.02818,29.86967],[-90.02781,29.86969],[-90.02807,29.86955],[-90.02755,29.86899],[-90.02732,29.86905],[-90.02724,29.87034],[-90.02766,29.87048]],[[-90.02826,29.87963],[-90.02873,29.8797],[-90.02823,29.87819],[-90.0278,29.87841],[-90.02826,29.87963]],[[-90.03065,29.87095],[-90.03137,29.87104],[-90.0317,29.87059],[-90.03067,29.8704],[-90.03043,29.87067],[-90.03065,29.87095]],[[-90.02817,29.87191],[-90.02821,29.87216],[-90.02844,29.8719],[-90.02807,29.87172],[-90.02712,29.87171],[-90.02716,29.8721],[-90.02817,29.87191]],[[-90.02912,29.87079],[-90.02978,29.87017],[-90.02944,29.8698],[-90.02939,29.87029],[-90.02895,29.87065],[-90.02912,29.87079]],[[-90.0308,29.87184],[-90.03122,29.87198],[-90.03137,29.87169],[-90.03099,29.87109],[-90.03072,29.8713],[-90.0308,29.87184]],[[-90.02486,29.87558],[-90.02468,29.87638],[-90.02479,29.87755],[-90.02486,29.87558]],[[-90.02939,29.87997],[-90.02967,29.88003],[-90.02941,29.87926],[-90.02889,29.8797],[-90.02939,29.87997]],[[-90.02962,29.87105],[-90.02988,29.87102],[-90.03009,29.87042],[-90.02962,29.87105]],[[-90.03039,29.87298],[-90.03083,29.87265],[-90.0304,29.87242],[-90.03015,29.87271],[-90.03039,29.87298]],[[-90.02889,29.87856],[-90.02897,29.87942],[-90.0292,29.87933],[-90.02889,29.87856]],[[-90.02858,29.87173],[-90.02863,29.87198],[-90.02896,29.87152],[-90.02871,29.8713],[-90.02892,29.87118],[-90.02847,29.87139],[-90.02858,29.87173]],[[-90.02865,29.87851],[-90.02896,29.87854],[-90.02901,29.87805],[-90.02851,29.87814],[-90.02865,29.87851]],[[-90.02722,29.87123],[-90.02772,29.87135],[-90.02746,29.87096],[-90.02722,29.87123]],[[-90.02789,29.87802],[-90.02813,29.87804],[-90.02795,29.87743],[-90.02756,29.87768],[-90.02789,29.87802]],[[-90.0249,29.87235],[-90.02521,29.87258],[-90.02522,29.87216],[-90.0249,29.87235]],[[-90.02997,29.86931],[-90.02997,29.86963],[-90.03051,29.86977],[-90.02997,29.86931]],[[-90.0277,29.87252],[-90.02771,29.87235],[-90.02705,29.87238],[-90.0277,29.87252]],[[-90.03007,29.87034],[-90.03046,29.87003],[-90.03014,29.87003],[-90.03007,29.87034]]]},"properties":{"FLD_ZONE":"AE","ZONE_SUBTY":null}},{"type":"Feature","geometry":{"type":"Polygon","coordinates":[[[-89.87393,30.03996],[-89.87377,30.04004],[-89.87361,30.03958],[-89.87393,30.03996]]]},"properties":{"FLD_ZONE":"AE","ZONE_SUBTY":null}},{"type":"Feature","geometry":{"type":"Polygon","coordinates":[[[-89.9141,29.87404],[-89.91438,29.87409],[-89.91405,29.8743],[-89.91367,29.87424],[-89.9141,29.87404]]]},"properties":{"FLD_ZONE":"AE","ZONE_SUBTY":null}},{"type":"Feature","geometry":{"type":"Polygon","coordinates":[[[-90.07945,29.94522],[-90.07975,29.945],[-90.07966,29.94525],[-90.08051,29.94576],[-90.07945,29.94522]]]},"properties":{"FLD_ZONE":"AE","ZONE_SUBTY":null}},{"type":"Feature","geometry":{"type":"Polygon","coordinates":[[[-89.93889,29.91299],[-89.93851,29.91333],[-89.93876,29.91289],[-89.93889,29.91299]]]},"properties":{"FLD_ZONE":"AE","ZONE_SUBTY":null}},{"type":"Feature","geometry":{"type":"Polygon","coordinates":[[[-90.0108,29.95692],[-90.01068,29.95695],[-90.0108,29.95678],[-90.0108,29.95692]]]},"properties":{"FLD_ZONE":"AE","ZONE_SUBTY":null}},{"type":"Feature","geometry":{"type":"Polygon","coordinates":[[[-90.00445,29.90577],[-90.00442,29.90565],[-90.00464,29.90578],[-90.00445,29.90577]]]},"properties":{"FLD_ZONE":"AE","ZONE_SUBTY":null}},{"type":"Feature","geometry":{"type":"Polygon","coordinates":[[[-90.1286,29.95944],[-90.12826,29.95917],[-90.12914,29.95866],[-90.1286,29.95944]]]},"properties":{"FLD_ZONE":"AE","ZONE_SUBTY":null}},{"type":"Feature","geometry":{"type":"Polygon","coordinates":[[[-89.95343,29.95749],[-89.95306,29.95737],[-89.95337,29.95727],[-89.95343,29.95749]]]},"properties":{"FLD_ZONE":"AE","ZONE_SUBTY":null}},{"type":"Feature","geometry":{"type":"Polygon","coordinates":[[[-89.9992,29.95714],[-89.99929,29.95713],[-89.99994,29.95813],[-89.9992,29.95714]]]},"properties":{"FLD_ZONE":"AE","ZONE_SUBTY":null}},{"type":"Feature","geometry":{"type":"Polygon","coordinates":[[[-89.99206,29.96709],[-89.9924,29.96641],[-89.99248,29.9664],[-89.99206,29.96709]]]},"properties":{"FLD_ZONE":"AE","ZONE_SUBTY":null}},{"type":"Feature","geometry":{"type":"Polygon","coordinates":[[[-89.95458,29.90809],[-89.95459,29.90668],[-89.95501,29.90562],[-89.95439,29.90529],[-89.95535,29.90569],[-89.95599,29.90552],[-89.95647,29.90614],[-89.95536,29.90729],[-89.95487,29.90916],[-89.95509,29.90962],[-89.95447,29.90964],[-89.95431,29.90934],[-89.95458,29.90809]],[[-89.95445,29.90913],[-89.95482,29.90915],[-89.95457,29.90887],[-89.95445,29.90913]]]},"properties":{"FLD_ZONE":"AE","ZONE_SUBTY":null}},{"type":"Feature","geometry":{"type":"Polygon","coordinates":[[[-89.93508,29.90812],[-89.93519,29.90829],[-89.93501,29.90825],[-89.93508,29.90812]]]},"properties":{"FLD_ZONE":"AE","ZONE_SUBTY":null}},{"type":"Feature","geometry":{"type":"Polygon","coordinates":[[[-89.90098,29.89743],[-89.90075,29.89689],[-89.90102,29.89738],[-89.90118,29.89713],[-89.90122,29.89797],[-89.90098,29.89743]]]},"properties":{"FLD_ZONE":"AE","ZONE_SUBTY":null}},{"type":"Feature","geometry":{"type":"Polygon","coordinates":[[[-89.91091,29.88626],[-89.9108,29.88642],[-89.91061,29.88596],[-89.91091,29.88626]]]},"properties":{"FLD_ZONE":"AE","ZONE_SUBTY":null}},{"type":"Feature","geometry":{"type":"Polygon","coordinates":[[[-90.01022,29.88088],[-90.00693,29.88014],[-90.00664,29.87985],[-90.01022,29.88088]]]},"properties":{"FLD_ZONE":"AE","ZONE_SUBTY":null}},{"type":"Feature","geometry":{"type":"Polygon","coordinates":[[[-89.91718,29.89731],[-89.91789,29.89732],[-89.91632,29.89819],[-89.91679,29.89784],[-89.91644,29.89749],[-89.91683,29.89783],[-89.91718,29.89731]]]},"properties":{"FLD_ZONE":"AE","ZONE_SUBTY":null}},{"type":"Feature","geometry":{"type":"Polygon","coordinates":[[[-90.00853,29.97184],[-90.00844,29.97196],[-90.00828,29.97187],[-90.00853,29.97184]]]},"properties":{"FLD_ZONE":"AE","ZONE_SUBTY":null}},{"type":"Feature","geometry":{"type":"Polygon","coordinates":[[[-90.05804,30.03251],[-90.05924,30.0332],[-90.06242,30.03255],[-90.06284,30.03692],[-90.06143,30.03636],[-90.06018,30.03703],[-90.0588,30.0372],[-90.05804,30.03251]]]},"properties":{"FLD_ZONE":"VE","ZONE_SUBTY":null}},{"type":"Feature","geometry":{"type":"Polygon","coordinates":[[[-89.98625,29.95404],[-89.98326,29.95281],[-89.98648,29.94746],[-89.98691,29.94694],[-89.98715,29.94824],[-89.98739,29.94779],[-89.9871,29.94702],[-89.98757,29.94703],[-89.98839,29.94737],[-89.98721,29.94718],[-89.9874,29.94773],[-89.98827,29.94807],[-89.9869,29.95052],[-89.98716,29.95069],[-89.98754,29.95081],[-89.98934,29.94776],[-89.98762,29.95084],[-89.98608,29.95053],[-89.98592,29.95092],[-89.98715,29.95146],[-89.98757,29.95094],[-89.98673,29.95265],[-89.98704,29.95261],[-89.98656,29.95291],[-89.98639,29.95386],[-89.98605,29.95389],[-89.98625,29.95404]],[[-89.98589,29.94996],[-89.98712,29.94795],[-89.98698,29.94724],[-89.98541,29.94984],[-89.98589,29.94996]],[[-89.98621,29.95024],[-89.98686,29.95032],[-89.98802,29.94807],[-89.98739,29.94785],[-89.98621,29.95024]],[[-89.98581,29.95328],[-89.98632,29.95301],[-89.98669,29.95215],[-89.98618,29.95198],[-89.98565,29.95296],[-89.98581,29.95328]],[[-89.98576,29.95152],[-89.98678,29.95204],[-89.98714,29.95156],[-89.9859,29.95108],[-89.98576,29.95152]],[[-89.98498,29.95137],[-89.98576,29.95032],[-89.98524,29.95022],[-89.98504,29.95127],[-89.98471,29.95123],[-89.98498,29.95137]],[[-89.98446,29.95242],[-89.98489,29.95201],[-89.98461,29.95202],[-89.9847,29.95178],[-89.98503,29.95178],[-89.98484,29.95144],[-89.98427,29.95202],[-89.98446,29.95242]],[[-89.98545,29.95243],[-89.98581,29.95226],[-89.98558,29.95203],[-89.98523,29.95218],[-89.98545,29.95243]],[[-89.98559,29.95303],[-89.98532,29.95272],[-89.98518,29.95283],[-89.98559,29.95303]],[[-89.98579,29.95195],[-89.98549,29.95172],[-89.9856,29.95201],[-89.98579,29.95195]],[[-89.98508,29.9528],[-89.98504,29.95261],[-89.98484,29.95262],[-89.98508,29.9528]],[[-89.98462,29.95068],[-89.98469,29.95048],[-89.98451,29.95059],[-89.98462,29.95068]],[[-89.98458,29.9509],[-89.98432,29.95097],[-89.98454,29.95104],[-89.98458,29.9509]]]},"properties":{"FLD_ZONE":"AE","ZONE_SUBTY":null}},{"type":"Feature","geometry":{"type":"Polygon","coordinates":[[[-90.02291,29.96597],[-90.02341,29.96507],[-90.02338,29.96527],[-90.02355,29.965],[-90.02416,29.96513],[-90.02349,29.96508],[-90.02319,29.966],[-90.02414,29.96621],[-90.02439,29.96569],[-90.02393,29.9673],[-90.0245,29.96582],[-90.02445,29.96632],[-90.02491,29.96637],[-90.02455,29.96612],[-90.02501,29.96576],[-90.02473,29.96622],[-90.02547,29.96646],[-90.02521,29.96738],[-90.02468,29.9677],[-90.02494,29.96782],[-90.02476,29.96834],[-90.02377,29.96829],[-90.02204,29.96771],[-90.02222,29.96744],[-90.02248,29.96766],[-90.02254,29.96706],[-90.02189,29.96695],[-90.02188,29.96786],[-90.02107,29.96746],[-90.02004,29.96744],[-90.01013,29.96507],[-90.00396,29.96279],[-90.00405,29.96259],[-90.00488,29.96298],[-90.00565,29.96199],[-90.00547,29.96252],[-90.00577,29.96242],[-90.00545,29.96291],[-90.00595,29.96284],[-90.0053,29.96301],[-90.00616,29.96301],[-90.00609,29.96329],[-90.00663,29.96275],[-90.00688,29.96349],[-90.0061,29.96344],[-90.00686,29.96372],[-90.0073,29.96307],[-90.00702,29.96381],[-90.00798,29.96381],[-90.0079,29.96415],[-90.00897,29.9643],[-90.00926,29.96375],[-90.00906,29.96356],[-90.00933,29.96362],[-90.00974,29.96277],[-90.00956,29.9626],[-90.01006,29.96223],[-90.00946,29.96376],[-90.01034,29.96214],[-90.01007,29.96274],[-90.01028,29.96286],[-90.01001,29.96286],[-90.0096,29.96373],[-90.00985,29.96382],[-90.01028,29.96293],[-90.01011,29.96391],[-90.01059,29.9638],[-90.01049,29.96408],[-90.01123,29.96436],[-90.01039,29.96408],[-90.01015,29.9649],[-90.01166,29.96505],[-90.01203,29.96536],[-90.01247,29.96517],[-90.01316,29.96559],[-90.01339,29.96506],[-90.01334,29.96561],[-90.01416,29.96581],[-90.01421,29.9651],[-90.01453,29.96491],[-90.01443,29.96551],[-90.01469,29.96494],[-90.01484,29.96531],[-90.01459,29.9653],[-90.01444,29.96587],[-90.01521,29.96604],[-90.01542,29.96581],[-90.01543,29.9661],[-90.01689,29.96643],[-90.01709,29.96618],[-90.01704,29.96647],[-90.01973,29.96707],[-90.01998,29.96663],[-90.01997,29.96709],[-90.02048,29.96721],[-90.02125,29.9657],[-90.02079,29.96729],[-90.02124,29.96743],[-90.02174,29.96693],[-90.02138,29.9668],[-90.02179,29.96677],[-90.0223,29.96479],[-90.02252,29.9649],[-90.02193,29.96683],[-90.02272,29.96699],[-90.02291,29.96597]],[[-90.02402,29.96653],[-90.02408,29.96633],[-90.02316,29.96611],[-90.02288,29.96705],[-90.02377,29.96725],[-90.02402,29.96653]],[[-90.01024,29.96431],[-90.01008,29.964],[-90.01029,29.96404],[-90.00957,29.96384],[-90.00929,29.96443],[-90.00993,29.96485],[-90.01005,29.96455],[-90.00958,29.96432],[-90.01024,29.96431]],[[-90.02458,29.96691],[-90.02487,29.96657],[-90.02436,29.96638],[-90.02408,29.96732],[-90.02471,29.96724],[-90.02475,29.96697],[-90.02423,29.96701],[-90.02458,29.96691]],[[-90.02315,29.9676],[-90.02366,29.96766],[-90.02375,29.96738],[-90.02285,29.96717],[-90.0227,29.96761],[-90.02317,29.96786],[-90.02315,29.9676]],[[-90.02439,29.96756],[-90.02402,29.96743],[-90.02387,29.96788],[-90.02421,29.96781],[-90.02404,29.96764],[-90.02442,29.96782],[-90.02461,29.96758],[-90.02439,29.96756]],[[-90.02367,29.96795],[-90.02377,29.96794],[-90.02391,29.96737],[-90.02367,29.96795]],[[-90.00572,29.96319],[-90.00594,29.96339],[-90.00604,29.96327],[-90.00572,29.96319]],[[-90.02506,29.96738],[-90.02495,29.96718],[-90.02489,29.96749],[-90.02506,29.96738]],[[-90.00922,29.9642],[-90.00942,29.96385],[-90.00941,29.96376],[-90.00922,29.9642]],[[-90.0247,29.96809],[-90.02473,29.96788],[-90.0246,29.96809],[-90.0247,29.96809]]]},"properties":{"FLD_ZONE":"AE","ZONE_SUBTY":null}},{"type":"Feature","geometry":{"type":"Polygon","coordinates":[[[-89.9113,29.88406],[-89.91102,29.88372],[-89.91159,29.88396],[-89.9113,29.88406]]]},"properties":{"FLD_ZONE":"AE","ZONE_SUBTY":null}},{"type":"Feature","geometry":{"type":"Polygon","coordinates":[[[-90.13828,29.96533],[-90.1373,29.96512],[-90.13785,29.96429],[-90.13768,29.9651],[-90.13867,29.96516],[-90.13905,29.96465],[-90.13874,29.96526],[-90.13828,29.96533]]]},"properties":{"FLD_ZONE":"AE","ZONE_SUBTY":null}},{"type":"Feature","geometry":{"type":"Polygon","coordinates":[[[-89.89692,29.90274],[-89.89683,29.90259],[-89.89694,29.9026],[-89.89692,29.90274]]]},"properties":{"FLD_ZONE":"AE","ZONE_SUBTY":null}},{"type":"Feature","geometry":{"type":"Polygon","coordinates":[[[-89.86846,29.95871],[-89.86875,29.95893],[-89.86845,29.95868],[-89.88889,29.95868],[-89.88889,29.97622],[-89.88075,29.96985],[-89.88013,29.96896],[-89.87756,29.96717],[-89.8693,29.96017],[-89.86757,29.95904],[-89.86722,29.95868],[-89.86846,29.95871]],[[-89.88075,29.96854],[-89.88082,29.96843],[-89.88064,29.96831],[-89.88075,29.96854]],[[-89.87253,29.96191],[-89.87228,29.96162],[-89.8722,29.96164],[-89.87253,29.96191]],[[-89.87686,29.96127],[-89.87457,29.96344],[-89.87541,29.9627],[-89.87686,29.96127]],[[-89.87404,29.95998],[-89.87406,29.9601],[-89.87415,29.96006],[-89.87404,29.95998]],[[-89.87134,29.96101],[-89.87158,29.96117],[-89.87153,29.96084],[-89.87189,29.96078],[-89.87136,29.9606],[-89.87144,29.96025],[-89.87183,29.96032],[-89.87169,29.96069],[-89.87216,29.96043],[-89.87221,29.96064],[-89.87232,29.96041],[-89.87189,29.96029],[-89.87237,29.96026],[-89.87214,29.96018],[-89.87232,29.95985],[-89.87138,29.95998],[-89.87142,29.95975],[-89.87097,29.95969],[-89.87068,29.95993],[-89.87045,29.95964],[-89.86999,29.95991],[-89.87134,29.96101]],[[-89.87474,29.95961],[-89.87488,29.95964],[-89.87474,29.95953],[-89.87474,29.95961]]]},"properties":{"FLD_ZONE":"AE","ZONE_SUBTY":null}},{"type":"Feature","geometry":{"type":"Polygon","coordinates":[[[-90.10628,29.90177],[-90.10606,29.90067],[-90.10635,29.90052],[-90.10605,29.9],[-90.10663,29.89994],[-90.1067,29.90105],[-90.10644,29.90115],[-90.10672,29.90164],[-90.10628,29.90177]]]},"properties":{"FLD_ZONE":"AE","ZONE_SUBTY":null}},{"type":"Feature","geometry":{"type":"Polygon","coordinates":[[[-90.00313,30.0283],[-90.00308,30.02795],[-90.00322,30.02838],[-90.00592,30.02784],[-90.00324,30.02845],[-90.00325,30.02873],[-90.00313,30.0283]]]},"properties":{"FLD_ZONE":"AE","ZONE_SUBTY":null}},{"type":"Feature","geometry":{"type":"MultiPolygon","coordinates":[[[[-90.01819,30.02547],[-90.01821,30.0261],[-90.01793,30.02563],[-90.01729,30.02383],[-90.01655,30.02398],[-90.01736,30.02619],[-90.01821,30.02612],[-90.01769,30.02636],[-90.01793,30.02656],[-90.01749,30.02659],[-90.0176,30.02703],[-90.018,30.02708],[-90.01756,30.02706],[-90.01739,30.02664],[-90.0174,30.02727],[-90.01786,30.02719],[-90.01723,30.02745],[-90.01723,30.02648],[-90.01672,30.02649],[-90.01669,30.02606],[-90.01698,30.02637],[-90.01714,30.02621],[-90.01643,30.02413],[-90.0157,30.02424],[-90.01614,30.02537],[-90.01652,30.02544],[-90.01619,30.02565],[-90.01674,30.02739],[-90.0148,30.02217],[-90.01521,30.02386],[-90.01435,30.02407],[-90.01435,30.02045],[-90.02149,30.01859],[-90.01982,30.01906],[-90.02011,30.0196],[-90.02129,30.02013],[-90.02178,30.02005],[-90.02142,30.02028],[-90.02174,30.021],[-90.02199,30.02094],[-90.02173,30.02112],[-90.02189,30.02194],[-90.02132,30.02175],[-90.02098,30.02116],[-90.02156,30.02111],[-90.02117,30.02088],[-90.02146,30.02083],[-90.02125,30.02028],[-90.02084,30.02029],[-90.02114,30.02089],[-90.02073,30.02046],[-90.02044,30.02061],[-90.02123,30.02187],[-90.02098,30.02191],[-90.02114,30.02226],[-90.02149,30.02226],[-90.02124,30.02242],[-90.02167,30.02239],[-90.02105,30.02262],[-90.02161,30.02252],[-90.02134,30.02297],[-90.02225,30.025],[-90.02173,30.02516],[-90.0221,30.02502],[-90.02194,30.02472],[-90.02172,30.02516],[-90.02126,30.0252],[-90.02181,30.02497],[-90.02182,30.02456],[-90.02121,30.02291],[-90.02085,30.02327],[-90.02059,30.02288],[-90.02102,30.02517],[-90.02036,30.02357],[-90.02001,30.02372],[-90.02024,30.02434],[-90.01987,30.02428],[-90.01994,30.02488],[-90.01971,30.02438],[-90.01987,30.02501],[-90.0193,30.02427],[-90.01938,30.02376],[-90.019,30.02394],[-90.01875,30.02335],[-90.01852,30.02379],[-90.01888,30.02417],[-90.01886,30.025],[-90.01931,30.02609],[-90.0185,30.02607],[-90.01911,30.02573],[-90.01845,30.02469],[-90.01823,30.02363],[-90.01749,30.02372],[-90.01819,30.02547]]],[[[-90.01617,30.02286],[-90.01658,30.02372],[-90.01809,30.02312],[-90.01774,30.0224],[-90.01729,30.02238],[-90.01763,30.02202],[-90.01689,30.01988],[-90.01532,30.02033],[-90.01617,30.02286]]],[[[-90.01532,30.02328],[-90.01549,30.02368],[-90.01583,30.02363],[-90.01578,30.02392],[-90.01619,30.02364],[-90.01507,30.02045],[-90.01481,30.0204],[-90.01438,30.02078],[-90.01532,30.02328]]],[[[-90.019,30.02216],[-90.01931,30.02297],[-90.02009,30.02278],[-90.01951,30.02146],[-90.01998,30.02055],[-90.01857,30.02086],[-90.019,30.02216]]],[[[-90.01867,30.02182],[-90.01829,30.0209],[-90.01758,30.02109],[-90.0184,30.02325],[-90.0191,30.02303],[-90.01867,30.02182]]],[[[-90.02085,30.02211],[-90.02043,30.02085],[-90.02007,30.02067],[-90.01978,30.02123],[-90.02027,30.02271],[-90.02104,30.02253],[-90.02085,30.02211]]],[[[-90.01972,30.0197],[-90.01823,30.02],[-90.01846,30.02065],[-90.01978,30.02037],[-90.01993,30.01997],[-90.02004,30.02043],[-90.02046,30.01987],[-90.01972,30.0197]]],[[[-90.01752,30.0208],[-90.01817,30.02067],[-90.01787,30.01961],[-90.01718,30.0198],[-90.01752,30.0208]]],[[[-90.01868,30.01957],[-90.01804,30.01957],[-90.01825,30.01985],[-90.01868,30.01957]]],[[[-90.02064,30.02018],[-90.02078,30.02032],[-90.02036,30.02026],[-90.02064,30.02018]]],[[[-90.01888,30.02339],[-90.01927,30.02346],[-90.01911,30.02326],[-90.01888,30.02339]]],[[[-90.01758,30.02102],[-90.01738,30.02093],[-90.01748,30.02119],[-90.01758,30.02102]]],[[[-90.02163,30.02138],[-90.02153,30.0212],[-90.02139,30.02135],[-90.02163,30.02138]]],[[[-90.02153,30.02156],[-90.02127,30.02151],[-90.02136,30.02163],[-90.02153,30.02156]]],[[[-90.01847,30.02077],[-90.01837,30.02065],[-90.01823,30.02082],[-90.01847,30.02077]]],[[[-90.01809,30.02085],[-90.01761,30.02097],[-90.01783,30.02095],[-90.01809,30.02085]]],[[[-90.01523,30.02057],[-90.01511,30.02034],[-90.01513,30.02049],[-90.01523,30.02057]]],[[[-90.01906,30.02362],[-90.01914,30.02374],[-90.01918,30.0236],[-90.01906,30.02362]]],[[[-90.01435,30.0253],[-90.01538,30.02509],[-90.01548,30.0254],[-90.01505,30.02526],[-90.01514,30.0255],[-90.01482,30.02555],[-90.01435,30.0253]]],[[[-90.01435,30.02614],[-90.01559,30.02688],[-90.01487,30.02672],[-90.01435,30.02614]]],[[[-90.01435,30.02636],[-90.01463,30.02665],[-90.01435,30.02652],[-90.01435,30.02636]]]]},"properties":{"FLD_ZONE":"AE","ZONE_SUBTY":null}},{"type":"Feature","geometry":{"type":"Polygon","coordinates":[[[-90.06488,30.0092],[-90.06492,30.00902],[-90.06495,30.00931],[-90.06488,30.0092]]]},"properties":{"FLD_ZONE":"AE","ZONE_SUBTY":null}},{"type":"Feature","geometry":{"type":"Polygon","coordinates":[[[-89.97547,29.93954],[-89.97541,29.93916],[-89.9761,29.93823],[-89.97559,29.93978],[-89.97547,29.93954]]]},"properties":{"FLD_ZONE":"AE","ZONE_SUBTY":null}},{"type":"Feature","geometry":{"type":"Polygon","coordinates":[[[-90.00018,29.96517],[-90.00046,29.9644],[-90.00094,29.96369],[-90.00018,29.96517]]]},"properties":{"FLD_ZONE":"AE","ZONE_SUBTY":null}},{"type":"Feature","geometry":{"type":"Polygon","coordinates":[[[-89.96913,29.955],[-89.96918,29.95481],[-89.96939,29.95481],[-89.96913,29.955]]]},"properties":{"FLD_ZONE":"AE","ZONE_SUBTY":null}},{"type":"Feature","geometry":{"type":"Polygon","coordinates":[[[-90.04383,29.98534],[-90.04374,29.98542],[-90.04375,29.98517],[-90.04383,29.98534]]]},"properties":{"FLD_ZONE":"AE","ZONE_SUBTY":null}},{"type":"Feature","geometry":{"type":"Polygon","coordinates":[[[-89.9461,29.93749],[-89.94639,29.93694],[-89.94589,29.9366],[-89.94717,29.93434],[-89.94605,29.93663],[-89.94647,29.93681],[-89.94686,29.9363],[-89.9461,29.93749]]]},"properties":{"FLD_ZONE":"AE","ZONE_SUBTY":null}},{"type":"Feature","geometry":{"type":"Polygon","coordinates":[[[-89.89979,30.04068],[-89.89838,30.04137],[-89.89859,30.04096],[-89.89979,30.04068]]]},"properties":{"FLD_ZONE":"AE","ZONE_SUBTY":null}},{"type":"Feature","geometry":{"type":"Polygon","coordinates":[[[-90.14354,29.90964],[-90.13872,29.90787],[-90.13858,29.90771],[-90.14354,29.90964]]]},"properties":{"FLD_ZONE":"AE","ZONE_SUBTY":null}},{"type":"Feature","geometry":{"type":"Polygon","coordinates":[[[-90.07256,29.95691],[-90.07075,29.95883],[-90.07098,29.95852],[-90.07073,29.95828],[-90.07104,29.95844],[-90.07168,29.95773],[-90.07126,29.95748],[-90.07157,29.95716],[-90.07139,29.95742],[-90.07176,29.95764],[-90.07231,29.95699],[-90.07207,29.95676],[-90.07157,29.95714],[-90.07252,29.95598],[-90.07283,29.95585],[-90.07332,29.95622],[-90.07256,29.95691]],[[-90.07275,29.95596],[-90.07249,29.95618],[-90.07281,29.95645],[-90.07305,29.95617],[-90.07275,29.95596]],[[-90.07237,29.95666],[-90.07227,29.95677],[-90.07243,29.95686],[-90.07237,29.95666]]]},"properties":{"FLD_ZONE":"AE","ZONE_SUBTY":null}},{"type":"Feature","geometry":{"type":"Polygon","coordinates":[[[-90.11759,29.97163],[-90.1253,29.97214],[-90.12577,29.9724],[-90.12476,29.97432],[-90.12486,29.97383],[-90.12459,29.97359],[-90.12353,29.97425],[-90.12374,29.9746],[-90.12266,29.97404],[-90.12279,29.97386],[-90.12234,29.97352],[-90.12218,29.97373],[-90.12184,29.97354],[-90.12186,29.97382],[-90.12143,29.97393],[-90.12172,29.97428],[-90.12131,29.974],[-90.12089,29.97441],[-90.12123,29.97474],[-90.11759,29.97163]],[[-90.12028,29.97387],[-90.12078,29.97433],[-90.12122,29.97391],[-90.12053,29.97337],[-90.1201,29.97374],[-90.12028,29.97387]],[[-90.12132,29.9734],[-90.12098,29.97301],[-90.12068,29.97328],[-90.12132,29.97381],[-90.1217,29.97345],[-90.12153,29.97328],[-90.12184,29.97328],[-90.12146,29.97314],[-90.12132,29.9734]],[[-90.1237,29.97367],[-90.12391,29.97334],[-90.12298,29.97385],[-90.12342,29.97421],[-90.1237,29.97367]],[[-90.12336,29.97319],[-90.12287,29.973],[-90.12262,29.97353],[-90.12289,29.97377],[-90.12336,29.97319]],[[-90.11975,29.9731],[-90.11945,29.97295],[-90.11953,29.97328],[-90.11998,29.97365],[-90.12019,29.97346],[-90.11975,29.9731]],[[-90.12139,29.97204],[-90.12092,29.97215],[-90.12124,29.97237],[-90.12139,29.97204]],[[-90.12145,29.97305],[-90.12103,29.97295],[-90.12125,29.9732],[-90.12145,29.97305]],[[-90.12414,29.97325],[-90.124,29.97329],[-90.12416,29.97338],[-90.12414,29.97325]],[[-90.12503,29.97241],[-90.12483,29.9724],[-90.12499,29.97247],[-90.12503,29.97241]]]},"properties":{"FLD_ZONE":"AE","ZONE_SUBTY":null}},{"type":"Feature","geometry":{"type":"Polygon","coordinates":[[[-90.11242,29.87491],[-90.11205,29.8747],[-90.11202,29.87386],[-90.11235,29.87483],[-90.11277,29.87486],[-90.11281,29.87435],[-90.1133,29.87444],[-90.11327,29.875],[-90.11242,29.87491]]]},"properties":{"FLD_ZONE":"AE","ZONE_SUBTY":null}},{"type":"Feature","geometry":{"type":"Polygon","coordinates":[[[-90.02764,30.02897],[-90.02753,30.02902],[-90.02749,30.02881],[-90.02764,30.02897]]]},"properties":{"FLD_ZONE":"AE","ZONE_SUBTY":null}},{"type":"Feature","geometry":{"type":"Polygon","coordinates":[[[-89.93833,30.01704],[-89.93866,30.01688],[-89.93854,30.01699],[-89.93833,30.01704]]]},"properties":{"FLD_ZONE":"AE","ZONE_SUBTY":null}},{"type":"Feature","geometry":{"type":"Polygon","coordinates":[[[-90.02988,29.98752],[-90.02954,29.98853],[-90.02967,29.98771],[-90.02877,29.98746],[-90.02975,29.98768],[-90.03026,29.98596],[-90.02988,29.98752]]]},"properties":{"FLD_ZONE":"AE","ZONE_SUBTY":null}},{"type":"Feature","geometry":{"type":"Polygon","coordinates":[[[-89.93459,29.94407],[-89.93376,29.9436],[-89.93481,29.94397],[-89.93459,29.94407]]]},"properties":{"FLD_ZONE":"AE","ZONE_SUBTY":null}},{"type":"Feature","geometry":{"type":"Polygon","coordinates":[[[-89.98189,29.94575],[-89.98203,29.94565],[-89.98189,29.94591],[-89.98189,29.94575]]]},"properties":{"FLD_ZONE":"AE","ZONE_SUBTY":null}},{"type":"Feature","geometry":{"type":"Polygon","coordinates":[[[-90.00939,29.90211],[-90.00897,29.90233],[-90.00902,29.90158],[-90.01006,29.90182],[-90.00939,29.90211]]]},"properties":{"FLD_ZONE":"AE","ZONE_SUBTY":null}},{"type":"Feature","geometry":{"type":"Polygon","coordinates":[[[-89.93324,29.91028],[-89.93299,29.91048],[-89.93212,29.90985],[-89.9325,29.90958],[-89.93206,29.90981],[-89.93132,29.90927],[-89.93202,29.90859],[-89.93294,29.90944],[-89.93324,29.91028]]]},"properties":{"FLD_ZONE":"AE","ZONE_SUBTY":null}},{"type":"Feature","geometry":{"type":"Polygon","coordinates":[[[-89.91655,29.89734],[-89.91656,29.89729],[-89.91726,29.8968],[-89.91655,29.89734]]]},"properties":{"FLD_ZONE":"AE","ZONE_SUBTY":null}},{"type":"Feature","geometry":{"type":"Polygon","coordinates":[[[-90.12965,29.9942],[-90.12808,29.99344],[-90.12467,29.99086],[-90.12495,29.99068],[-90.12913,29.99352],[-90.12877,29.9934],[-90.12965,29.9942]]]},"properties":{"FLD_ZONE":"AE","ZONE_SUBTY":null}},{"type":"Feature","geometry":{"type":"Polygon","coordinates":[[[-90.08412,29.99143],[-90.08467,29.9913],[-90.08482,29.99156],[-90.0846,29.9916],[-90.0856,29.99172],[-90.08499,29.99182],[-90.08073,29.99218],[-90.07889,29.99201],[-90.07875,29.99062],[-90.07843,29.99058],[-90.0806,29.99051],[-90.08073,29.98901],[-90.0804,29.98896],[-90.0839,29.98913],[-90.08248,29.98911],[-90.08258,29.98982],[-90.08406,29.98989],[-90.08402,29.99013],[-90.08267,29.98995],[-90.08264,29.99029],[-90.08439,29.99043],[-90.08375,29.99043],[-90.08334,29.99109],[-90.0827,29.99053],[-90.08264,29.99157],[-90.08283,29.9917],[-90.08286,29.99117],[-90.08351,29.99127],[-90.08375,29.99175],[-90.08413,29.9917],[-90.08412,29.99143]],[[-90.0824,29.98968],[-90.08236,29.9891],[-90.08083,29.98903],[-90.08084,29.98973],[-90.0824,29.98968]],[[-90.08121,29.99036],[-90.08074,29.99044],[-90.08082,29.99123],[-90.08217,29.99047],[-90.08121,29.99036]],[[-90.07926,29.99128],[-90.07944,29.99065],[-90.07893,29.99067],[-90.07894,29.99192],[-90.07951,29.99189],[-90.07926,29.99128]],[[-90.0802,29.99133],[-90.08017,29.99062],[-90.07964,29.9906],[-90.07972,29.99187],[-90.08021,29.99187],[-90.08019,29.99149],[-90.07979,29.99166],[-90.0802,29.99133]],[[-90.08182,29.98999],[-90.0808,29.98989],[-90.08078,29.99024],[-90.08219,29.99029],[-90.08241,29.98991],[-90.08182,29.98999]],[[-90.08062,29.9907],[-90.08032,29.99063],[-90.08055,29.99151],[-90.08062,29.9907]],[[-90.08248,29.99079],[-90.08251,29.99045],[-90.08223,29.99045],[-90.08237,29.99113],[-90.08248,29.99079]],[[-90.08209,29.99165],[-90.08256,29.99169],[-90.08215,29.99153],[-90.08209,29.99165]],[[-90.08218,29.99116],[-90.08211,29.99087],[-90.08208,29.99128],[-90.08218,29.99116]],[[-90.0843,29.99155],[-90.08425,29.99136],[-90.08422,29.9917],[-90.0843,29.99155]],[[-90.08048,29.99183],[-90.0806,29.99177],[-90.0804,29.99165],[-90.08048,29.99183]],[[-90.08087,29.9917],[-90.08094,29.99157],[-90.08084,29.99154],[-90.08087,29.9917]],[[-90.08152,29.99108],[-90.08141,29.99105],[-90.08146,29.9912],[-90.08152,29.99108]]]},"properties":{"FLD_ZONE":"AE","ZONE_SUBTY":null}},{"type":"Feature","geometry":{"type":"Polygon","coordinates":[[[-90.09931,29.89079],[-90.09933,29.88816],[-90.09897,29.88653],[-90.09934,29.88651],[-90.09957,29.887],[-90.101,29.88713],[-90.10114,29.88695],[-90.1008,29.88679],[-90.10632,29.88651],[-90.10633,29.88805],[-90.10487,29.88833],[-90.10489,29.89037],[-90.10423,29.88982],[-90.10454,29.88963],[-90.10449,29.88918],[-90.10363,29.88911],[-90.10347,29.88998],[-90.10326,29.88907],[-90.10323,29.88932],[-90.10313,29.889],[-90.10263,29.88911],[-90.10246,29.89042],[-90.10191,29.89097],[-90.10223,29.89103],[-90.1022,29.89138],[-90.10166,29.89169],[-90.10126,29.89097],[-90.10161,29.8905],[-90.10107,29.89036],[-90.10132,29.88978],[-90.10038,29.88924],[-90.10097,29.88924],[-90.10068,29.88905],[-90.10067,29.88856],[-90.101,29.88836],[-90.10085,29.88733],[-90.09964,29.88722],[-90.09984,29.88906],[-90.10017,29.88913],[-90.09984,29.88923],[-90.10004,29.892],[-90.09969,29.88997],[-90.09982,29.89201],[-90.09931,29.89079]],[[-90.10108,29.8877],[-90.10135,29.88768],[-90.10129,29.88737],[-90.10108,29.8877]]]},"properties":{"FLD_ZONE":"AE","ZONE_SUBTY":null}},{"type":"Feature","geometry":{"type":"Polygon","coordinates":[[[-89.98792,30.02472],[-89.98791,30.02456],[-89.98804,30.02476],[-89.98792,30.02472]]]},"properties":{"FLD_ZONE":"AE","ZONE_SUBTY":null}},{"type":"Feature","geometry":{"type":"Polygon","coordinates":[[[-89.96022,30.01041],[-89.95884,30.01049],[-89.95972,30.0103],[-89.96022,30.01041]]]},"properties":{"FLD_ZONE":"AE","ZONE_SUBTY":null}},{"type":"Feature","geometry":{"type":"Polygon","coordinates":[[[-89.96484,30.01014],[-89.96476,30.01008],[-89.9651,30.01012],[-89.96484,30.01014]]]},"properties":{"FLD_ZONE":"AE","ZONE_SUBTY":null}},{"type":"Feature","geometry":{"type":"Polygon","coordinates":[[[-89.98568,29.90442],[-89.98579,29.90431],[-89.98586,29.90434],[-89.98568,29.90442]]]},"properties":{"FLD_ZONE":"AE","ZONE_SUBTY":null}},{"type":"Feature","geometry":{"type":"Polygon","coordinates":[[[-89.97828,29.90197],[-89.97839,29.90176],[-89.97913,29.90139],[-89.97828,29.90197]]]},"properties":{"FLD_ZONE":"AE","ZONE_SUBTY":null}},{"type":"Feature","geometry":{"type":"Polygon","coordinates":[[[-89.99327,29.94834],[-89.99153,29.9468],[-89.99324,29.94439],[-89.99318,29.94495],[-89.99358,29.94454],[-89.99396,29.9449],[-89.99268,29.94705],[-89.99282,29.94753],[-89.99321,29.94729],[-89.99291,29.94765],[-89.99344,29.94828],[-89.99391,29.94824],[-89.99363,29.94878],[-89.99327,29.94834]]]},"properties":{"FLD_ZONE":"AE","ZONE_SUBTY":null}},{"type":"Feature","geometry":{"type":"Polygon","coordinates":[[[-89.92235,29.88102],[-89.92256,29.88069],[-89.9221,29.88005],[-89.92273,29.88037],[-89.92254,29.87987],[-89.92287,29.88026],[-89.92284,29.87983],[-89.92348,29.87997],[-89.9233,29.87976],[-89.92354,29.87971],[-89.92326,29.87969],[-89.92601,29.87971],[-89.92006,29.88518],[-89.91958,29.88442],[-89.9202,29.88431],[-89.91979,29.88421],[-89.92006,29.88409],[-89.92,29.8835],[-89.9205,29.88341],[-89.9205,29.88304],[-89.92129,29.88303],[-89.92101,29.88236],[-89.92137,29.88235],[-89.92137,29.88264],[-89.92142,29.8823],[-89.92172,29.88239],[-89.92147,29.882],[-89.92188,29.88195],[-89.92166,29.88167],[-89.92185,29.88154],[-89.92148,29.88097],[-89.92201,29.88147],[-89.92201,29.88108],[-89.92229,29.88132],[-89.92211,29.8809],[-89.92235,29.88102]],[[-89.92104,29.88322],[-89.92127,29.88326],[-89.92115,29.8831],[-89.92104,29.88322]]]},"properties":{"FLD_ZONE":"AE","ZONE_SUBTY":null}},{"type":"Feature","geometry":{"type":"Polygon","coordinates":[[[-89.91113,29.88684],[-89.91041,29.88714],[-89.91073,29.88676],[-89.91113,29.88684]]]},"properties":{"FLD_ZONE":"AE","ZONE_SUBTY":null}},{"type":"Feature","geometry":{"type":"Polygon","coordinates":[[[-90.01887,29.90672],[-90.0185,29.90636],[-90.01864,29.90583],[-90.01921,29.9061],[-90.01944,29.90578],[-90.01909,29.90569],[-90.0189,29.90471],[-90.01864,29.90571],[-90.01837,29.90513],[-90.0182,29.90551],[-90.01772,29.90535],[-90.01826,29.90522],[-90.0186,29.89915],[-90.02254,29.89934],[-90.02197,29.90965],[-90.01887,29.90672]],[[-90.02094,29.90265],[-90.02059,29.90335],[-90.02093,29.90369],[-90.02133,29.90194],[-90.02143,29.90054],[-90.02117,29.90014],[-90.02107,29.9007],[-90.02077,29.90078],[-90.02104,29.90116],[-90.021,29.90162],[-90.02075,29.90157],[-90.02104,29.90188],[-90.02074,29.90188],[-90.021,29.90206],[-90.02094,29.90265]],[[-90.02172,29.90019],[-90.02232,29.90009],[-90.02216,29.89973],[-90.02242,29.89942],[-90.02187,29.89937],[-90.02178,29.89987],[-90.02173,29.89935],[-90.02109,29.89944],[-90.02172,29.90019]],[[-90.01912,29.90336],[-90.01916,29.90256],[-90.01883,29.90258],[-90.01891,29.90433],[-90.01912,29.90336]],[[-90.02064,29.90435],[-90.02112,29.90437],[-90.02084,29.90384],[-90.02064,29.90435]],[[-90.02176,29.9007],[-90.0221,29.90065],[-90.02216,29.90026],[-90.02169,29.90046],[-90.02176,29.9007]],[[-90.01979,29.90665],[-90.02003,29.9065],[-90.01939,29.9062],[-90.01979,29.90665]]]},"properties":{"FLD_ZONE":"AE","ZONE_SUBTY":null}},{"type":"Feature","geometry":{"type":"Polygon","coordinates":[[[-89.88438,30.04113],[-89.88444,30.04133],[-89.88434,30.04129],[-89.88438,30.04113]]]},"properties":{"FLD_ZONE":"AE","ZONE_SUBTY":null}},{"type":"Feature","geometry":{"type":"Polygon","coordinates":[[[-89.99546,29.87333],[-89.9954,29.87416],[-89.99535,29.87347],[-89.99546,29.87333]]]},"properties":{"FLD_ZONE":"AE","ZONE_SUBTY":null}},{"type":"Feature","geometry":{"type":"Polygon","coordinates":[[[-89.89341,29.88895],[-89.89361,29.88876],[-89.89391,29.8888],[-89.89341,29.88895]]]},"properties":{"FLD_ZONE":"AE","ZONE_SUBTY":null}},{"type":"Feature","geometry":{"type":"Polygon","coordinates":[[[-89.93988,30.03145],[-89.94039,30.03038],[-89.94153,30.02945],[-89.94037,30.03052],[-89.93981,30.03192],[-89.93988,30.03145]]]},"properties":{"FLD_ZONE":"AE","ZONE_SUBTY":null}},{"type":"Feature","geometry":{"type":"MultiPolygon","coordinates":[[[[-89.98875,29.99],[-89.98835,29.9906],[-89.98522,29.9906],[-89.98522,29.98794],[-89.98543,29.98797],[-89.98522,29.98737],[-89.9874,29.98851],[-89.98924,29.98904],[-89.98846,29.98858],[-89.98912,29.98861],[-89.98988,29.98756],[-89.98932,29.9888],[-89.9903,29.9872],[-89.9915,29.98421],[-89.99543,29.97652],[-89.99603,29.97658],[-89.99711,29.97568],[-89.99677,29.97537],[-89.99709,29.97535],[-89.99643,29.97508],[-89.9972,29.97528],[-89.99736,29.97494],[-89.99665,29.97459],[-89.99671,29.97428],[-89.99709,29.97432],[-89.99677,29.97384],[-89.99763,29.97437],[-89.99785,29.97506],[-89.99663,29.97694],[-89.99511,29.98009],[-89.99521,29.98041],[-89.99728,29.98114],[-89.99772,29.98061],[-89.99722,29.98103],[-89.99517,29.98023],[-89.99669,29.97698],[-89.99793,29.97516],[-89.99775,29.97442],[-89.99842,29.9747],[-89.99807,29.97484],[-89.99745,29.9768],[-89.99902,29.97755],[-89.9984,29.97908],[-89.99911,29.97751],[-89.99754,29.97668],[-89.99844,29.97479],[-89.99994,29.97535],[-89.99994,29.98635],[-89.9973,29.98789],[-89.99994,29.98771],[-89.99994,29.99035],[-89.99949,29.99037],[-89.99994,29.9906],[-89.99737,29.9906],[-89.99726,29.98921],[-89.9973,29.9906],[-89.99302,29.9906],[-89.99301,29.9899],[-89.99296,29.9906],[-89.98954,29.9906],[-89.98966,29.99002],[-89.98944,29.9906],[-89.98837,29.9906],[-89.98875,29.99]]],[[[-89.99339,29.98956],[-89.98955,29.98986],[-89.99295,29.98957],[-89.99301,29.98988],[-89.99307,29.98956],[-89.99339,29.98956]]],[[[-89.98865,29.9897],[-89.98873,29.98953],[-89.98545,29.98804],[-89.98865,29.9897]]],[[[-89.99721,29.98915],[-89.99722,29.98794],[-89.99516,29.98943],[-89.9939,29.98954],[-89.99522,29.98956],[-89.99709,29.98818],[-89.99721,29.98915]]],[[[-89.99823,29.9819],[-89.99753,29.98165],[-89.99784,29.98179],[-89.99823,29.9819]]],[[[-89.99752,29.97478],[-89.99744,29.97462],[-89.9973,29.97536],[-89.99752,29.97478]]],[[[-89.99994,29.98654],[-89.99994,29.98657],[-89.99993,29.98655],[-89.99994,29.98654]]],[[[-89.99994,29.98657],[-89.99994,29.98766],[-89.99774,29.98766],[-89.99994,29.98657]]]]},"properties":{"FLD_ZONE":"AE","ZONE_SUBTY":null}},{"type":"Feature","geometry":{"type":"Polygon","coordinates":[[[-89.9491,29.93266],[-89.94956,29.93195],[-89.94897,29.93307],[-89.9491,29.93266]]]},"properties":{"FLD_ZONE":"AE","ZONE_SUBTY":null}},{"type":"Feature","geometry":{"type":"MultiPolygon","coordinates":[[[[-89.90952,29.87676],[-89.90956,29.87522],[-89.90967,29.87757],[-89.91043,29.87693],[-89.91027,29.87666],[-89.91062,29.87666],[-89.91003,29.87599],[-89.91031,29.87613],[-89.9102,29.87585],[-89.91053,29.87556],[-89.91114,29.87541],[-89.91037,29.87523],[-89.91244,29.87521],[-89.91245,29.8779],[-89.91291,29.87809],[-89.91304,29.87767],[-89.91257,29.8776],[-89.91262,29.87522],[-89.91613,29.87521],[-89.91378,29.87524],[-89.91366,29.87563],[-89.91367,29.87524],[-89.91268,29.87524],[-89.91263,29.87636],[-89.91279,29.87655],[-89.91331,29.87622],[-89.91315,29.87594],[-89.91337,29.87624],[-89.9136,29.87603],[-89.91408,29.87623],[-89.91395,29.87601],[-89.91445,29.87637],[-89.91479,29.87635],[-89.91469,29.87607],[-89.91501,29.87653],[-89.9148,29.87698],[-89.91551,29.87658],[-89.91581,29.87682],[-89.91612,29.87663],[-89.91555,29.87704],[-89.91589,29.87728],[-89.91539,29.87747],[-89.91569,29.87805],[-89.91498,29.87788],[-89.91523,29.87836],[-89.91463,29.87785],[-89.91457,29.87837],[-89.91427,29.87833],[-89.91431,29.87803],[-89.91407,29.87843],[-89.91422,29.87877],[-89.91398,29.87888],[-89.91371,29.87854],[-89.91379,29.87877],[-89.91345,29.87882],[-89.91564,29.87889],[-89.91613,29.87731],[-89.91572,29.87899],[-89.91613,29.87884],[-89.91613,29.87967],[-89.91589,29.87941],[-89.91475,29.88005],[-89.91473,29.88033],[-89.91445,29.88013],[-89.91478,29.88053],[-89.91428,29.88033],[-89.91431,29.88078],[-89.91391,29.88057],[-89.91367,29.88074],[-89.91406,29.88085],[-89.91333,29.88088],[-89.91601,29.88135],[-89.91548,29.88116],[-89.91571,29.88106],[-89.91613,29.88153],[-89.91566,29.88171],[-89.91585,29.88139],[-89.9156,29.88134],[-89.91563,29.88182],[-89.91531,29.88187],[-89.91541,29.88133],[-89.9151,29.88127],[-89.91522,29.88162],[-89.91468,29.8812],[-89.91445,29.88167],[-89.91419,29.88152],[-89.91457,29.88118],[-89.91406,29.88118],[-89.91393,29.8815],[-89.91382,29.88105],[-89.91352,29.88157],[-89.91354,29.88103],[-89.91338,29.88137],[-89.913,29.88122],[-89.91311,29.88153],[-89.91241,29.88146],[-89.91267,29.88157],[-89.91231,29.88186],[-89.91258,29.88218],[-89.91226,29.88218],[-89.91464,29.88255],[-89.91477,29.8821],[-89.9147,29.88266],[-89.91435,29.88257],[-89.91457,29.88287],[-89.91436,29.88314],[-89.91396,29.88303],[-89.91438,29.88293],[-89.91418,29.88267],[-89.91357,29.88298],[-89.91384,29.8825],[-89.91353,29.88243],[-89.91329,29.88308],[-89.91342,29.88241],[-89.91302,29.88266],[-89.9131,29.88236],[-89.91254,29.88228],[-89.91263,29.88266],[-89.91224,29.88278],[-89.91249,29.88247],[-89.91186,29.88216],[-89.91148,29.88277],[-89.91173,29.88215],[-89.91115,29.88243],[-89.91135,29.8821],[-89.91049,29.88195],[-89.91023,29.88208],[-89.91093,29.88227],[-89.91098,29.88269],[-89.91046,29.88227],[-89.91007,29.88265],[-89.90946,29.88254],[-89.91004,29.88264],[-89.90963,29.88232],[-89.91,29.88248],[-89.91011,29.88206],[-89.90941,29.88165],[-89.91102,29.88198],[-89.91038,29.88156],[-89.91165,29.88206],[-89.91146,29.88188],[-89.91269,29.88107],[-89.91226,29.88089],[-89.91205,29.88111],[-89.91194,29.88074],[-89.91168,29.88139],[-89.91159,29.88087],[-89.91102,29.88101],[-89.91096,29.88067],[-89.9105,29.88063],[-89.91085,29.88104],[-89.91036,29.8812],[-89.91005,29.88075],[-89.91024,29.88045],[-89.90969,29.88115],[-89.90999,29.88059],[-89.9098,29.88039],[-89.90993,29.8807],[-89.90939,29.88109],[-89.90958,29.8805],[-89.90849,29.88023],[-89.90963,29.88027],[-89.90858,29.88],[-89.90893,29.87993],[-89.90862,29.87958],[-89.90887,29.87967],[-89.90881,29.87926],[-89.9092,29.87933],[-89.90884,29.87917],[-89.90894,29.87895],[-89.90934,29.87921],[-89.90898,29.8789],[-89.90908,29.87842],[-89.90936,29.87844],[-89.90926,29.87797],[-89.9095,29.87811],[-89.90952,29.87676]]],[[[-89.91018,29.88217],[-89.9101,29.88212],[-89.91,29.88235],[-89.91018,29.88217]]],[[[-89.91154,29.88214],[-89.91136,29.88216],[-89.91148,29.88222],[-89.91154,29.88214]]],[[[-89.9122,29.88196],[-89.91175,29.88208],[-89.9122,29.88216],[-89.9122,29.88196]]],[[[-89.91024,29.88192],[-89.91002,29.88198],[-89.91016,29.88205],[-89.91024,29.88192]]],[[[-89.91183,29.88076],[-89.91154,29.88068],[-89.9118,29.88086],[-89.91183,29.88076]]],[[[-89.9118,29.88092],[-89.91132,29.88064],[-89.91175,29.88096],[-89.9118,29.88092]]],[[[-89.9113,29.88068],[-89.91107,29.88061],[-89.91126,29.88073],[-89.9113,29.88068]]],[[[-89.91127,29.88049],[-89.91105,29.88044],[-89.91125,29.88057],[-89.91127,29.88049]]],[[[-89.90969,29.8805],[-89.90969,29.88037],[-89.90936,29.88032],[-89.90969,29.8805]]],[[[-89.91441,29.88026],[-89.91437,29.88037],[-89.91458,29.88036],[-89.91441,29.88026]]],[[[-89.91069,29.88024],[-89.91046,29.88015],[-89.91039,29.88027],[-89.91069,29.88024]]],[[[-89.90988,29.8802],[-89.90978,29.88031],[-89.91042,29.88044],[-89.90988,29.8802]]],[[[-89.91155,29.88014],[-89.91145,29.88023],[-89.91147,29.88002],[-89.91155,29.88014]]],[[[-89.91017,29.88021],[-89.91016,29.88002],[-89.90994,29.88007],[-89.91017,29.88021]]],[[[-89.91175,29.88006],[-89.91156,29.88003],[-89.9119,29.88025],[-89.91175,29.88006]]],[[[-89.91076,29.88012],[-89.91086,29.88018],[-89.91121,29.8798],[-89.91076,29.88012]]],[[[-89.91205,29.87979],[-89.91187,29.87983],[-89.91208,29.87996],[-89.91205,29.87979]]],[[[-89.91076,29.88018],[-89.90939,29.87924],[-89.91065,29.88017],[-89.91076,29.88018]]],[[[-89.91124,29.87908],[-89.91135,29.87899],[-89.91105,29.87899],[-89.91124,29.87908]]],[[[-89.91094,29.87899],[-89.91061,29.87898],[-89.91075,29.87911],[-89.91094,29.87899]]],[[[-89.91245,29.88061],[-89.91274,29.8808],[-89.91258,29.88067],[-89.91296,29.88064],[-89.91323,29.88014],[-89.91369,29.88007],[-89.91315,29.8794],[-89.91384,29.88003],[-89.91408,29.87987],[-89.91352,29.87925],[-89.91422,29.8799],[-89.91571,29.87909],[-89.91332,29.87897],[-89.9135,29.87924],[-89.91247,29.87899],[-89.91333,29.87933],[-89.91225,29.87993],[-89.91186,29.88032],[-89.91197,29.88058],[-89.91131,29.88052],[-89.91245,29.88061]]],[[[-89.91053,29.87897],[-89.91022,29.87898],[-89.91032,29.87908],[-89.91053,29.87897]]],[[[-89.91327,29.87888],[-89.91303,29.87861],[-89.91305,29.87874],[-89.91327,29.87888]]],[[[-89.91439,29.87806],[-89.91451,29.8781],[-89.91442,29.87787],[-89.91439,29.87806]]],[[[-89.91493,29.87759],[-89.91473,29.8776],[-89.91497,29.87783],[-89.91493,29.87759]]],[[[-89.91017,29.87747],[-89.91004,29.87737],[-89.91006,29.87753],[-89.91017,29.87747]]],[[[-89.91425,29.87746],[-89.91433,29.8773],[-89.91406,29.87755],[-89.91425,29.87746]]],[[[-89.9154,29.87715],[-89.91514,29.87723],[-89.91548,29.87727],[-89.9154,29.87715]]],[[[-89.91447,29.87691],[-89.91424,29.87685],[-89.9143,29.877],[-89.91447,29.87691]]],[[[-89.91463,29.87668],[-89.91472,29.87689],[-89.91489,29.87682],[-89.91463,29.87668]]],[[[-89.91075,29.87651],[-89.91091,29.87628],[-89.9105,29.87646],[-89.91075,29.87651]]],[[[-89.91172,29.87609],[-89.91242,29.8767],[-89.9124,29.87526],[-89.91124,29.87526],[-89.91211,29.87544],[-89.912,29.87602],[-89.91232,29.87608],[-89.91229,29.87641],[-89.91181,29.87577],[-89.91172,29.87609]]],[[[-89.91613,29.87254],[-89.91613,29.87258],[-89.91608,29.87257],[-89.91613,29.87254]]],[[[-89.91613,29.87264],[-89.916,29.87293],[-89.91574,29.8726],[-89.91613,29.87264]]],[[[-89.91613,29.87278],[-89.91611,29.87282],[-89.9161,29.87277],[-89.91613,29.87278]]],[[[-89.91613,29.87333],[-89.91584,29.87297],[-89.91543,29.87297],[-89.9152,29.87358],[-89.91421,29.87335],[-89.9142,29.87295],[-89.91372,29.87291],[-89.91372,29.87338],[-89.91345,29.87312],[-89.91432,29.87286],[-89.91439,29.87339],[-89.91518,29.87352],[-89.91529,29.87288],[-89.91562,29.87286],[-89.91544,29.87254],[-89.91596,29.87281],[-89.91613,29.87333]]],[[[-89.91613,29.87447],[-89.91613,29.87518],[-89.91203,29.87514],[-89.91161,29.87504],[-89.91145,29.87463],[-89.91101,29.87513],[-89.9106,29.87511],[-89.91101,29.87491],[-89.91092,29.87467],[-89.9101,29.8751],[-89.90965,29.87497],[-89.91131,29.87388],[-89.91172,29.87394],[-89.91188,29.8736],[-89.9122,29.87382],[-89.91243,29.87353],[-89.91482,29.87366],[-89.9122,29.87386],[-89.91221,29.87423],[-89.91171,29.87443],[-89.91216,29.87458],[-89.91199,29.87507],[-89.91209,29.87462],[-89.91243,29.87488],[-89.9128,29.87446],[-89.91613,29.87447]]],[[[-89.9154,29.87504],[-89.91582,29.87507],[-89.91568,29.87498],[-89.9154,29.87504]]],[[[-89.91369,29.87503],[-89.91405,29.87507],[-89.91372,29.87498],[-89.91369,29.87503]]],[[[-89.91414,29.87507],[-89.91439,29.875],[-89.9142,29.875],[-89.91414,29.87507]]],[[[-89.91496,29.87483],[-89.91468,29.87468],[-89.91461,29.87501],[-89.91496,29.87483]]],[[[-89.9133,29.87475],[-89.913,29.87466],[-89.91296,29.87498],[-89.91331,29.875],[-89.9133,29.87475]]],[[[-89.91059,29.87473],[-89.91066,29.87462],[-89.91048,29.87454],[-89.91059,29.87473]]],[[[-89.91128,29.8746],[-89.91104,29.87459],[-89.91117,29.87469],[-89.91128,29.8746]]],[[[-89.91185,29.87402],[-89.91163,29.87423],[-89.91182,29.87425],[-89.91185,29.87402]]],[[[-89.91613,29.88179],[-89.91613,29.88195],[-89.91599,29.88179],[-89.91613,29.88179]]],[[[-89.91613,29.88228],[-89.91612,29.88255],[-89.91595,29.88229],[-89.91613,29.88228]]],[[[-89.91613,29.8826],[-89.91613,29.88309],[-89.91563,29.88286],[-89.91556,29.8833],[-89.91532,29.88275],[-89.91526,29.88339],[-89.91504,29.88314],[-89.91525,29.88273],[-89.91482,29.88263],[-89.91534,29.88265],[-89.91494,29.88228],[-89.91539,29.88259],[-89.91506,29.88215],[-89.91536,29.88245],[-89.91554,29.88221],[-89.91546,29.88269],[-89.9159,29.88274],[-89.91565,29.88236],[-89.91613,29.8826]]],[[[-89.91613,29.88313],[-89.91613,29.88575],[-89.91572,29.88577],[-89.91613,29.88603],[-89.91574,29.88587],[-89.9159,29.8861],[-89.91562,29.88639],[-89.91523,29.88661],[-89.91531,29.8863],[-89.9152,29.88663],[-89.91459,29.88684],[-89.91431,29.88579],[-89.91512,29.88568],[-89.91441,29.8856],[-89.91455,29.88507],[-89.91492,29.8846],[-89.91563,29.88476],[-89.9156,29.88443],[-89.91508,29.8844],[-89.91613,29.88313]]]]},"properties":{"FLD_ZONE":"AE","ZONE_SUBTY":null}},{"type":"Feature","geometry":{"type":"Polygon","coordinates":[[[-89.91172,29.88894],[-89.91065,29.88882],[-89.91028,29.88871],[-89.91172,29.88894]]]},"properties":{"FLD_ZONE":"AE","ZONE_SUBTY":null}},{"type":"Feature","geometry":{"type":"Polygon","coordinates":[[[-90.03126,29.88591],[-90.03097,29.88569],[-90.03126,29.88576],[-90.03127,29.88502],[-90.02928,29.88349],[-90.02889,29.88375],[-90.02909,29.88336],[-90.02704,29.88178],[-90.02653,29.88209],[-90.02676,29.88247],[-90.02641,29.88239],[-90.02631,29.8834],[-90.02638,29.8822],[-90.02681,29.88165],[-90.02648,29.88134],[-90.02766,29.88214],[-90.03124,29.88107],[-90.03108,29.88032],[-90.03063,29.88025],[-90.03116,29.88005],[-90.03166,29.8817],[-90.03126,29.88591]],[[-90.0313,29.88479],[-90.03133,29.88127],[-90.03082,29.88137],[-90.03056,29.88349],[-90.02844,29.88194],[-90.02779,29.88222],[-90.03045,29.88425],[-90.03074,29.88346],[-90.03063,29.88436],[-90.0313,29.88479]],[[-90.02865,29.88198],[-90.03064,29.88343],[-90.03069,29.88234],[-90.02998,29.88217],[-90.03067,29.88216],[-90.0306,29.88145],[-90.02865,29.88198]]]},"properties":{"FLD_ZONE":"AE","ZONE_SUBTY":null}},{"type":"Feature","geometry":{"type":"Polygon","coordinates":[[[-90.02048,29.85912],[-90.0214,29.85742],[-90.02207,29.85829],[-90.02203,29.85904],[-90.02409,29.85985],[-90.02492,29.85956],[-90.02495,29.85794],[-90.0233,29.85721],[-90.02285,29.85778],[-90.02144,29.85734],[-90.02168,29.85713],[-90.02282,29.85775],[-90.02317,29.85722],[-90.02196,29.8568],[-90.02119,29.85582],[-90.02215,29.85594],[-90.02293,29.85562],[-90.02503,29.85653],[-90.02424,29.85662],[-90.02416,29.85626],[-90.02355,29.85612],[-90.02342,29.85645],[-90.02526,29.85721],[-90.02544,29.85594],[-90.02472,29.856],[-90.02406,29.85549],[-90.02503,29.8555],[-90.02438,29.85462],[-90.02564,29.85471],[-90.02578,29.85512],[-90.02731,29.85291],[-90.02701,29.85283],[-90.02742,29.85275],[-90.02728,29.85242],[-90.02801,29.85227],[-90.03048,29.85002],[-90.02947,29.84943],[-90.02952,29.84916],[-90.03033,29.84996],[-90.03192,29.84912],[-90.03123,29.84807],[-90.03166,29.84827],[-90.03195,29.84903],[-90.03563,29.84725],[-90.03993,29.84597],[-90.04061,29.84549],[-90.04042,29.8452],[-90.04079,29.84541],[-90.04119,29.84506],[-90.04102,29.8447],[-90.04136,29.84476],[-90.04199,29.8436],[-90.0409,29.8422],[-90.04155,29.84295],[-90.04236,29.84287],[-90.04267,29.84327],[-90.04233,29.84295],[-90.04166,29.8431],[-90.04212,29.84314],[-90.04204,29.84351],[-90.04236,29.84326],[-90.04229,29.84367],[-90.04453,29.84144],[-90.0488,29.83955],[-90.049,29.8393],[-90.04857,29.83895],[-90.04904,29.83942],[-90.05205,29.83764],[-90.05375,29.83794],[-90.05594,29.83683],[-90.05614,29.83722],[-90.05369,29.83819],[-90.05187,29.83808],[-90.04807,29.84018],[-90.04516,29.84136],[-90.04086,29.84575],[-90.03935,29.84652],[-90.03379,29.84833],[-90.03102,29.85004],[-90.02777,29.85291],[-90.02651,29.85438],[-90.02585,29.85603],[-90.0256,29.85927],[-90.02349,29.86126],[-90.02281,29.86317],[-90.02281,29.86458],[-90.02487,29.8658],[-90.02177,29.87114],[-90.02125,29.87149],[-90.02144,29.8717],[-90.02091,29.87212],[-90.02063,29.87309],[-90.02029,29.87319],[-90.02049,29.87334],[-90.02024,29.87377],[-90.0201,29.87352],[-90.01822,29.8773],[-90.01742,29.87794],[-90.01803,29.87669],[-90.01781,29.87664],[-90.01753,29.87709],[-90.01715,29.87711],[-90.01706,29.87759],[-90.01654,29.87748],[-90.01604,29.87869],[-90.01576,29.88166],[-90.01521,29.88263],[-90.01547,29.87896],[-90.01641,29.87641],[-90.0164,29.87578],[-90.01607,29.87582],[-90.01642,29.87528],[-90.01615,29.87495],[-90.01597,29.87537],[-90.01531,29.87516],[-90.0153,29.87642],[-90.01522,29.87338],[-90.01376,29.87354],[-90.01369,29.87386],[-90.01365,29.87354],[-90.01517,29.87306],[-90.01481,29.87301],[-90.01516,29.87289],[-90.01514,29.87231],[-90.01453,29.87219],[-90.01521,29.87189],[-90.01452,29.87164],[-90.01513,29.87152],[-90.01507,29.8711],[-90.01405,29.87117],[-90.01527,29.87089],[-90.01525,29.87057],[-90.01463,29.87063],[-90.01525,29.87034],[-90.01538,29.87054],[-90.01556,29.86815],[-90.01577,29.86752],[-90.01614,29.86735],[-90.01604,29.86679],[-90.01646,29.866],[-90.01682,29.86617],[-90.01705,29.8659],[-90.01693,29.86612],[-90.01733,29.86626],[-90.01768,29.86595],[-90.01675,29.86511],[-90.01878,29.86175],[-90.02056,29.86256],[-90.02234,29.86263],[-90.02065,29.86269],[-90.02158,29.86312],[-90.02225,29.86386],[-90.02251,29.86221],[-90.02217,29.86219],[-90.02208,29.86175],[-90.02236,29.86185],[-90.02289,29.86092],[-90.02151,29.86055],[-90.02126,29.86108],[-90.02196,29.86157],[-90.02197,29.86223],[-90.02023,29.86216],[-90.01895,29.86155],[-90.02048,29.85912]],[[-90.01959,29.87468],[-90.01973,29.8744],[-90.01954,29.8745],[-90.01959,29.87468]],[[-90.01946,29.87218],[-90.01975,29.87224],[-90.02015,29.87126],[-90.01946,29.87218]],[[-90.01585,29.86944],[-90.01572,29.86942],[-90.01586,29.86973],[-90.01585,29.86944]],[[-90.01655,29.86903],[-90.01665,29.86885],[-90.01651,29.8688],[-90.01655,29.86903]],[[-90.01576,29.86863],[-90.01589,29.86862],[-90.01591,29.8685],[-90.01576,29.86863]],[[-90.01629,29.8685],[-90.01641,29.86862],[-90.01641,29.86835],[-90.01629,29.8685]],[[-90.01562,29.86866],[-90.01561,29.86833],[-90.01556,29.86868],[-90.01562,29.86866]],[[-90.01808,29.86749],[-90.01796,29.86734],[-90.01795,29.86759],[-90.01808,29.86749]],[[-90.01929,29.8678],[-90.01942,29.86751],[-90.01842,29.86725],[-90.01814,29.86747],[-90.01864,29.86824],[-90.01935,29.86831],[-90.01929,29.8678]],[[-90.01772,29.8675],[-90.01756,29.86725],[-90.01748,29.86739],[-90.01772,29.8675]],[[-90.01669,29.86706],[-90.01649,29.86699],[-90.01657,29.8672],[-90.01669,29.86706]],[[-90.02118,29.86696],[-90.02003,29.86913],[-90.01879,29.86915],[-90.01922,29.87082],[-90.0186,29.87122],[-90.01817,29.87214],[-90.0183,29.87248],[-90.01775,29.87277],[-90.01747,29.87352],[-90.0183,29.87305],[-90.02127,29.86726],[-90.02118,29.86696]],[[-90.01682,29.86666],[-90.0169,29.8665],[-90.01662,29.86645],[-90.01682,29.86666]],[[-90.01836,29.86607],[-90.01814,29.86653],[-90.01847,29.86657],[-90.01839,29.86683],[-90.0188,29.86699],[-90.01914,29.86658],[-90.01935,29.86688],[-90.01946,29.86661],[-90.01901,29.86639],[-90.01881,29.86678],[-90.0189,29.86631],[-90.01836,29.86607]],[[-90.01961,29.86592],[-90.01944,29.86593],[-90.0196,29.86611],[-90.01961,29.86592]],[[-90.01863,29.86604],[-90.01882,29.86578],[-90.01862,29.86571],[-90.01863,29.86604]],[[-90.01969,29.86552],[-90.01952,29.86575],[-90.01993,29.8659],[-90.02005,29.86567],[-90.01969,29.86552]],[[-90.01745,29.86493],[-90.01711,29.86473],[-90.01683,29.86518],[-90.01718,29.86536],[-90.01745,29.86493]],[[-90.01844,29.86572],[-90.01867,29.86539],[-90.01934,29.86549],[-90.01947,29.86511],[-90.01851,29.86468],[-90.01786,29.86568],[-90.01844,29.86572]],[[-90.01767,29.86493],[-90.0179,29.86458],[-90.01747,29.86436],[-90.01718,29.86468],[-90.01767,29.86493]],[[-90.02212,29.86435],[-90.0217,29.86598],[-90.02244,29.86495],[-90.02241,29.86424],[-90.02212,29.86435]],[[-90.02098,29.86202],[-90.02089,29.86207],[-90.02115,29.86212],[-90.02098,29.86202]],[[-90.02104,29.86147],[-90.02152,29.86187],[-90.02153,29.86141],[-90.02104,29.86147]],[[-90.02264,29.86178],[-90.02315,29.86106],[-90.0229,29.8611],[-90.02264,29.86178]],[[-90.02351,29.86022],[-90.02324,29.86061],[-90.02342,29.86089],[-90.02392,29.86048],[-90.02351,29.86022]],[[-90.02291,29.85993],[-90.02297,29.86007],[-90.02303,29.85994],[-90.02291,29.85993]],[[-90.02269,29.85981],[-90.02226,29.86011],[-90.02288,29.86019],[-90.02269,29.85981]],[[-90.0221,29.86015],[-90.02212,29.85974],[-90.02173,29.86008],[-90.02143,29.85995],[-90.0221,29.86015]],[[-90.02012,29.85977],[-90.02091,29.86036],[-90.02113,29.86022],[-90.02012,29.85977]],[[-90.02222,29.85973],[-90.02232,29.85993],[-90.02263,29.85959],[-90.02223,29.85951],[-90.02222,29.85973]],[[-90.02049,29.85911],[-90.02055,29.8595],[-90.02172,29.85967],[-90.02119,29.85915],[-90.02061,29.85891],[-90.02049,29.85911]],[[-90.02084,29.85871],[-90.02093,29.85886],[-90.02132,29.85898],[-90.02084,29.85871]],[[-90.02144,29.85865],[-90.02139,29.8583],[-90.02099,29.85837],[-90.02144,29.85865]],[[-90.02294,29.85597],[-90.02274,29.85585],[-90.02267,29.85606],[-90.02294,29.85597]],[[-90.0253,29.85542],[-90.02511,29.85553],[-90.02529,29.85559],[-90.0253,29.85542]]]},"properties":{"FLD_ZONE":"AE","ZONE_SUBTY":null}},{"type":"Feature","geometry":{"type":"Polygon","coordinates":[[[-89.87215,30.03295],[-89.87216,30.03315],[-89.87183,30.03312],[-89.87215,30.03295]]]},"properties":{"FLD_ZONE":"AE","ZONE_SUBTY":null}},{"type":"Feature","geometry":{"type":"Polygon","coordinates":[[[-90.08327,30.00871],[-90.08312,30.00871],[-90.08332,30.00856],[-90.08327,30.00871]]]},"properties":{"FLD_ZONE":"AE","ZONE_SUBTY":null}},{"type":"Feature","geometry":{"type":"Polygon","coordinates":[[[-89.91494,29.87534],[-89.91483,29.8754],[-89.91465,29.87533],[-89.91494,29.87534]]]},"properties":{"FLD_ZONE":"AE","ZONE_SUBTY":null}},{"type":"Feature","geometry":{"type":"Polygon","coordinates":[[[-89.89679,29.91296],[-89.89737,29.91461],[-89.89692,29.91413],[-89.89679,29.91296]]]},"properties":{"FLD_ZONE":"AE","ZONE_SUBTY":null}},{"type":"Feature","geometry":{"type":"Polygon","coordinates":[[[-89.91376,30.02456],[-89.91408,30.02497],[-89.91367,30.02477],[-89.91318,30.02514],[-89.91376,30.02456]]]},"properties":{"FLD_ZONE":"AE","ZONE_SUBTY":null}},{"type":"Feature","geometry":{"type":"Polygon","coordinates":[[[-89.99478,30.03101],[-89.9946,30.03115],[-89.99465,30.03091],[-89.99478,30.03101]]]},"properties":{"FLD_ZONE":"AE","ZONE_SUBTY":null}},{"type":"Feature","geometry":{"type":"Polygon","coordinates":[[[-89.99443,30.01756],[-89.99441,30.01815],[-89.99427,30.01744],[-89.99443,30.01756]]]},"properties":{"FLD_ZONE":"AE","ZONE_SUBTY":null}},{"type":"Feature","geometry":{"type":"Polygon","coordinates":[[[-90.01073,29.96998],[-90.01051,29.97],[-90.01044,29.96988],[-90.01073,29.96998]]]},"properties":{"FLD_ZONE":"AE","ZONE_SUBTY":null}},{"type":"Feature","geometry":{"type":"Polygon","coordinates":[[[-89.92846,29.90817],[-89.92783,29.90805],[-89.92808,29.90771],[-89.9277,29.90784],[-89.9282,29.90731],[-89.92797,29.90717],[-89.92744,29.90761],[-89.92606,29.90618],[-89.92599,29.90569],[-89.92587,29.90598],[-89.92546,29.90557],[-89.92568,29.90549],[-89.92541,29.90538],[-89.92563,29.90526],[-89.92548,29.90474],[-89.92582,29.90446],[-89.92527,29.90449],[-89.92525,29.90405],[-89.92486,29.90408],[-89.92487,29.90353],[-89.92455,29.9037],[-89.92493,29.90313],[-89.92443,29.90332],[-89.92477,29.9031],[-89.92438,29.90317],[-89.92449,29.90234],[-89.92407,29.90255],[-89.9243,29.90233],[-89.92393,29.90233],[-89.92433,29.90206],[-89.92344,29.90255],[-89.92453,29.90168],[-89.92404,29.90186],[-89.92436,29.90152],[-89.92396,29.90155],[-89.92418,29.90132],[-89.92393,29.90141],[-89.92394,29.90112],[-89.92361,29.90132],[-89.92407,29.90096],[-89.92437,29.9011],[-89.9243,29.90086],[-89.92632,29.90394],[-89.92707,29.90339],[-89.92975,29.90803],[-89.92951,29.90827],[-89.9299,29.90814],[-89.93053,29.90865],[-89.93008,29.90863],[-89.93019,29.90891],[-89.93056,29.90867],[-89.93662,29.91341],[-89.93563,29.91415],[-89.93583,29.91371],[-89.93477,29.91433],[-89.93517,29.91377],[-89.93448,29.91407],[-89.93503,29.91352],[-89.93415,29.91391],[-89.93455,29.91335],[-89.93388,29.91375],[-89.93398,29.91332],[-89.93329,29.91362],[-89.93367,29.91321],[-89.93309,29.91332],[-89.9335,29.91283],[-89.9326,29.91326],[-89.9329,29.91276],[-89.93232,29.91301],[-89.93269,29.91256],[-89.93199,29.91282],[-89.93237,29.91233],[-89.93168,29.91261],[-89.93202,29.9121],[-89.93142,29.91236],[-89.93173,29.91186],[-89.93098,29.91237],[-89.93204,29.91139],[-89.93165,29.9115],[-89.93013,29.90993],[-89.9296,29.91021],[-89.92878,29.90924],[-89.92959,29.90952],[-89.92966,29.90911],[-89.92931,29.90894],[-89.9297,29.9087],[-89.92918,29.90885],[-89.92935,29.90844],[-89.92892,29.90855],[-89.92911,29.9088],[-89.92866,29.90912],[-89.92846,29.90817]],[[-89.92799,29.90687],[-89.9277,29.90667],[-89.92759,29.90703],[-89.9278,29.90718],[-89.92799,29.90687]],[[-89.93079,29.91013],[-89.93067,29.90989],[-89.93037,29.91019],[-89.93079,29.91013]],[[-89.92872,29.90788],[-89.92859,29.90764],[-89.92846,29.90769],[-89.92872,29.90788]],[[-89.92892,29.90679],[-89.92872,29.90679],[-89.92881,29.9069],[-89.92892,29.90679]],[[-89.92974,29.90994],[-89.92957,29.91003],[-89.92963,29.91015],[-89.92974,29.90994]],[[-89.92666,29.90626],[-89.92648,29.90636],[-89.92653,29.90645],[-89.92666,29.90626]],[[-89.92886,29.90792],[-89.92892,29.90786],[-89.92881,29.90776],[-89.92886,29.90792]]]},"properties":{"FLD_ZONE":"AE","ZONE_SUBTY":null}},{"type":"Feature","geometry":{"type":"Polygon","coordinates":[[[-89.92129,29.902],[-89.92104,29.90204],[-89.92116,29.9019],[-89.92129,29.902]]]},"properties":{"FLD_ZONE":"AE","ZONE_SUBTY":null}},{"type":"Feature","geometry":{"type":"Polygon","coordinates":[[[-89.91355,29.89816],[-89.91358,29.89836],[-89.91332,29.89764],[-89.91355,29.89816]]]},"properties":{"FLD_ZONE":"AE","ZONE_SUBTY":null}},{"type":"Feature","geometry":{"type":"Polygon","coordinates":[[[-89.87468,29.87475],[-89.87472,29.87566],[-89.87468,29.87592],[-89.87468,29.87475]]]},"properties":{"FLD_ZONE":"AE","ZONE_SUBTY":null}},{"type":"Feature","geometry":{"type":"Polygon","coordinates":[[[-89.87138,30.03552],[-89.87085,30.03436],[-89.87136,30.03508],[-89.87138,30.03552]]]},"properties":{"FLD_ZONE":"AE","ZONE_SUBTY":null}},{"type":"Feature","geometry":{"type":"Polygon","coordinates":[[[-89.8801,29.87208],[-89.87883,29.87195],[-89.87881,29.87082],[-89.8783,29.87056],[-89.87884,29.87033],[-89.87908,29.87196],[-89.87936,29.8716],[-89.87943,29.87197],[-89.8799,29.87177],[-89.88064,29.87206],[-89.8801,29.87208]]]},"properties":{"FLD_ZONE":"AE","ZONE_SUBTY":null}},{"type":"Feature","geometry":{"type":"Polygon","coordinates":[[[-90.12174,29.95441],[-90.12189,29.95424],[-90.12097,29.95345],[-90.12149,29.9535],[-90.122,29.95415],[-90.12272,29.95364],[-90.12048,29.95577],[-90.11878,29.95425],[-90.119,29.95439],[-90.11962,29.95384],[-90.11951,29.95357],[-90.11897,29.95317],[-90.11828,29.95376],[-90.11887,29.95312],[-90.11875,29.9529],[-90.11932,29.95274],[-90.11904,29.95317],[-90.11974,29.95368],[-90.12054,29.95309],[-90.11911,29.95444],[-90.11965,29.95489],[-90.12039,29.95437],[-90.11976,29.95378],[-90.12048,29.95426],[-90.12074,29.95416],[-90.12058,29.95393],[-90.12105,29.95393],[-90.12098,29.95465],[-90.12174,29.95441]],[[-90.12091,29.95515],[-90.12103,29.95494],[-90.12042,29.95452],[-90.12018,29.95498],[-90.12091,29.95515]],[[-90.12058,29.95526],[-90.12035,29.95542],[-90.12068,29.95543],[-90.12058,29.95526]]]},"properties":{"FLD_ZONE":"AE","ZONE_SUBTY":null}},{"type":"Feature","geometry":{"type":"Polygon","coordinates":[[[-90.10476,29.96372],[-90.1045,29.96397],[-90.1044,29.9637],[-90.10476,29.96372]]]},"properties":{"FLD_ZONE":"AE","ZONE_SUBTY":null}},{"type":"Feature","geometry":{"type":"Polygon","coordinates":[[[-90.07369,29.9365],[-90.07357,29.93711],[-90.07394,29.93731],[-90.07332,29.93731],[-90.07369,29.9365]]]},"properties":{"FLD_ZONE":"AE","ZONE_SUBTY":null}},{"type":"Feature","geometry":{"type":"Polygon","coordinates":[[[-90.02394,30.01526],[-90.02413,30.0159],[-90.02344,30.01605],[-90.02332,30.0153],[-90.02394,30.01526]],[[-90.02359,30.01555],[-90.0238,30.01531],[-90.02353,30.01532],[-90.02359,30.01555]],[[-90.02362,30.01578],[-90.02377,30.01593],[-90.02395,30.01577],[-90.02362,30.01578]]]},"properties":{"FLD_ZONE":"AE","ZONE_SUBTY":null}},{"type":"Feature","geometry":{"type":"Polygon","coordinates":[[[-90.00552,30.00559],[-90.00125,30.00648],[-90.0032,30.00596],[-90.00552,30.00559]]]},"properties":{"FLD_ZONE":"AE","ZONE_SUBTY":null}},{"type":"Feature","geometry":{"type":"Polygon","coordinates":[[[-89.97977,30.00729],[-89.97973,30.00766],[-89.97937,30.00741],[-89.97963,30.00687],[-89.97977,30.00729]]]},"properties":{"FLD_ZONE":"AE","ZONE_SUBTY":null}},{"type":"Feature","geometry":{"type":"Polygon","coordinates":[[[-89.98533,30.03596],[-89.98513,30.03636],[-89.98517,30.03609],[-89.98367,30.03667],[-89.98533,30.03596]]]},"properties":{"FLD_ZONE":"AE","ZONE_SUBTY":null}},{"type":"Feature","geometry":{"type":"Polygon","coordinates":[[[-89.98427,29.95041],[-89.98367,29.95001],[-89.98428,29.95005],[-89.98427,29.95041]]]},"properties":{"FLD_ZONE":"AE","ZONE_SUBTY":null}},{"type":"Feature","geometry":{"type":"Polygon","coordinates":[[[-90.03375,29.98031],[-90.03364,29.98048],[-90.0336,29.98032],[-90.03375,29.98031]]]},"properties":{"FLD_ZONE":"AE","ZONE_SUBTY":null}},{"type":"Feature","geometry":{"type":"Polygon","coordinates":[[[-90.01751,29.97392],[-90.01754,29.97374],[-90.0176,29.97378],[-90.01751,29.97392]]]},"properties":{"FLD_ZONE":"AE","ZONE_SUBTY":null}},{"type":"Feature","geometry":{"type":"Polygon","coordinates":[[[-90.03027,29.96422],[-90.0307,29.96403],[-90.03094,29.96336],[-90.03054,29.96325],[-90.03096,29.96325],[-90.03116,29.9627],[-90.03101,29.96322],[-90.03133,29.9634],[-90.03094,29.96343],[-90.03073,29.96442],[-90.03124,29.96461],[-90.0289,29.96398],[-90.02928,29.964],[-90.02953,29.96342],[-90.02947,29.96405],[-90.03027,29.96422]]]},"properties":{"FLD_ZONE":"AE","ZONE_SUBTY":null}},{"type":"Feature","geometry":{"type":"Polygon","coordinates":[[[-89.9114,29.88543],[-89.91179,29.88528],[-89.9119,29.88535],[-89.9114,29.88543]]]},"properties":{"FLD_ZONE":"AE","ZONE_SUBTY":null}},{"type":"Feature","geometry":{"type":"Polygon","coordinates":[[[-89.87717,30.03208],[-89.87707,30.03219],[-89.87698,30.03201],[-89.87717,30.03208]]]},"properties":{"FLD_ZONE":"AE","ZONE_SUBTY":null}},{"type":"Feature","geometry":{"type":"Polygon","coordinates":[[[-90.09637,29.97794],[-90.09606,29.97767],[-90.09656,29.97798],[-90.09637,29.97794]]]},"properties":{"FLD_ZONE":"AE","ZONE_SUBTY":null}},{"type":"Feature","geometry":{"type":"Polygon","coordinates":[[[-90.10233,29.96561],[-90.10147,29.96527],[-90.10175,29.96528],[-90.10233,29.96561]]]},"properties":{"FLD_ZONE":"AE","ZONE_SUBTY":null}},{"type":"Feature","geometry":{"type":"Polygon","coordinates":[[[-90.10916,29.97476],[-90.10872,29.975],[-90.10894,29.9747],[-90.10916,29.97476]]]},"properties":{"FLD_ZONE":"AE","ZONE_SUBTY":null}},{"type":"Feature","geometry":{"type":"Polygon","coordinates":[[[-90.07782,29.88246],[-90.07777,29.88163],[-90.07822,29.88203],[-90.07883,29.88154],[-90.07782,29.88246]]]},"properties":{"FLD_ZONE":"AE","ZONE_SUBTY":null}},{"type":"Feature","geometry":{"type":"Polygon","coordinates":[[[-90.02921,29.97996],[-90.02917,29.98031],[-90.02948,29.97975],[-90.0299,29.97979],[-90.02958,29.97969],[-90.02976,29.97935],[-90.03017,29.97945],[-90.02987,29.97921],[-90.03024,29.97917],[-90.03013,29.97869],[-90.03051,29.97838],[-90.0308,29.97889],[-90.03136,29.97868],[-90.03101,29.97839],[-90.03155,29.97817],[-90.03132,29.97782],[-90.03161,29.97787],[-90.03187,29.97729],[-90.03191,29.97757],[-90.03231,29.97757],[-90.03227,29.97805],[-90.03279,29.9777],[-90.03257,29.97853],[-90.03301,29.97722],[-90.03397,29.97716],[-90.035,29.97766],[-90.03463,29.97784],[-90.03462,29.97757],[-90.03395,29.97736],[-90.03376,29.97765],[-90.0339,29.97727],[-90.03305,29.97723],[-90.0328,29.97815],[-90.03346,29.97828],[-90.03384,29.97784],[-90.03368,29.97836],[-90.0342,29.97851],[-90.03365,29.97849],[-90.03339,29.97931],[-90.03402,29.97957],[-90.03426,29.97912],[-90.03391,29.98037],[-90.03457,29.9799],[-90.03413,29.97967],[-90.03505,29.97884],[-90.03469,29.97862],[-90.03519,29.97867],[-90.0353,29.97926],[-90.03498,29.97961],[-90.03548,29.97999],[-90.03504,29.97998],[-90.03492,29.98068],[-90.03531,29.98081],[-90.03538,29.98183],[-90.03515,29.98198],[-90.03547,29.9821],[-90.03607,29.98142],[-90.03537,29.98122],[-90.03537,29.98095],[-90.03623,29.98081],[-90.03592,29.98042],[-90.03635,29.98042],[-90.03631,29.97976],[-90.03664,29.97944],[-90.03634,29.97923],[-90.03687,29.97917],[-90.03669,29.97996],[-90.03705,29.97987],[-90.03696,29.98023],[-90.03718,29.98026],[-90.03671,29.98066],[-90.03737,29.9807],[-90.03708,29.98034],[-90.03754,29.98015],[-90.03707,29.97981],[-90.03758,29.97972],[-90.03734,29.97928],[-90.03782,29.97928],[-90.03798,29.97872],[-90.03732,29.97802],[-90.03814,29.97817],[-90.03838,29.97782],[-90.03829,29.97829],[-90.03897,29.9784],[-90.03924,29.97773],[-90.03919,29.9785],[-90.04072,29.97878],[-90.04095,29.97836],[-90.04118,29.97893],[-90.04175,29.97863],[-90.04203,29.97907],[-90.04272,29.97877],[-90.04171,29.9825],[-90.04199,29.98364],[-90.04309,29.98522],[-90.03554,29.98372],[-90.03647,29.98375],[-90.036,29.98357],[-90.03614,29.98333],[-90.03562,29.98347],[-90.03583,29.98375],[-90.02832,29.98211],[-90.02937,29.98216],[-90.02857,29.98162],[-90.02921,29.97996]],[[-90.04057,29.97946],[-90.04037,29.97937],[-90.04067,29.97901],[-90.03918,29.97866],[-90.03904,29.97921],[-90.03926,29.9793],[-90.03887,29.97949],[-90.03881,29.98036],[-90.03911,29.98054],[-90.03892,29.98028],[-90.03919,29.98005],[-90.03958,29.9802],[-90.03921,29.98046],[-90.03962,29.98081],[-90.03979,29.98018],[-90.04017,29.98059],[-90.04057,29.97946]],[[-90.03304,29.98269],[-90.0329,29.98237],[-90.03159,29.98217],[-90.03142,29.98261],[-90.03368,29.98316],[-90.03386,29.98261],[-90.03329,29.98251],[-90.03331,29.98306],[-90.03283,29.98288],[-90.03291,29.98249],[-90.03304,29.98269]],[[-90.03037,29.98092],[-90.03074,29.9806],[-90.03043,29.98026],[-90.03078,29.98046],[-90.03089,29.98009],[-90.0302,29.97992],[-90.02989,29.98091],[-90.03037,29.98081],[-90.03044,29.98136],[-90.0306,29.981],[-90.03037,29.98092]],[[-90.03802,29.97948],[-90.03777,29.98],[-90.03816,29.98005],[-90.03768,29.98028],[-90.0383,29.9805],[-90.03814,29.97995],[-90.03853,29.97982],[-90.0383,29.97949],[-90.03875,29.97913],[-90.03827,29.97895],[-90.03803,29.97933],[-90.03827,29.97943],[-90.03802,29.97948]],[[-90.0331,29.98034],[-90.03371,29.98056],[-90.03394,29.97984],[-90.03325,29.97975],[-90.0331,29.98034]],[[-90.03296,29.98015],[-90.0331,29.97949],[-90.03244,29.97942],[-90.03226,29.98001],[-90.03261,29.98033],[-90.03296,29.98015]],[[-90.04148,29.97947],[-90.04119,29.97909],[-90.04083,29.97914],[-90.04056,29.97993],[-90.04099,29.98001],[-90.04106,29.97954],[-90.04148,29.97947]],[[-90.03253,29.97839],[-90.03185,29.97808],[-90.03166,29.97855],[-90.03232,29.97894],[-90.03229,29.97838],[-90.03253,29.97839]],[[-90.03722,29.98206],[-90.03713,29.98236],[-90.03766,29.98241],[-90.03792,29.98175],[-90.03732,29.98162],[-90.03722,29.98206]],[[-90.03182,29.97983],[-90.03223,29.97928],[-90.03142,29.97937],[-90.0315,29.98009],[-90.03198,29.98005],[-90.03182,29.97983]],[[-90.03409,29.98307],[-90.03392,29.98322],[-90.03451,29.98331],[-90.03467,29.98282],[-90.03403,29.98265],[-90.03409,29.98307]],[[-90.0361,29.98192],[-90.03652,29.98202],[-90.03676,29.98145],[-90.03626,29.98128],[-90.03611,29.98178],[-90.03643,29.98196],[-90.0361,29.98192]],[[-90.03178,29.98043],[-90.03128,29.98017],[-90.03102,29.9805],[-90.03163,29.98034],[-90.0316,29.98104],[-90.03178,29.98043]],[[-90.03353,29.98211],[-90.03337,29.98235],[-90.03391,29.98246],[-90.03405,29.98197],[-90.03353,29.98185],[-90.03353,29.98211]],[[-90.03439,29.98211],[-90.03407,29.98248],[-90.03473,29.98264],[-90.03484,29.98222],[-90.03439,29.98211]],[[-90.03065,29.97972],[-90.03093,29.97969],[-90.03095,29.97928],[-90.03043,29.97897],[-90.03025,29.97932],[-90.03069,29.97944],[-90.03065,29.97972]],[[-90.03333,29.97891],[-90.03299,29.97897],[-90.03288,29.97859],[-90.03287,29.97892],[-90.0326,29.97877],[-90.0331,29.97935],[-90.03333,29.97891]],[[-90.03887,29.9827],[-90.03913,29.98228],[-90.03896,29.98192],[-90.03897,29.98231],[-90.03854,29.98246],[-90.03856,29.98278],[-90.03887,29.9827]],[[-90.03886,29.97881],[-90.03835,29.97845],[-90.03812,29.97882],[-90.03846,29.97862],[-90.03836,29.97894],[-90.03886,29.97881]],[[-90.03112,29.98119],[-90.0309,29.98109],[-90.03081,29.98139],[-90.03122,29.98175],[-90.03136,29.98122],[-90.03112,29.98119]],[[-90.04247,29.9795],[-90.0417,29.97925],[-90.04192,29.97978],[-90.04247,29.9795]],[[-90.03308,29.98206],[-90.03332,29.98186],[-90.03258,29.98188],[-90.03271,29.98221],[-90.03316,29.98232],[-90.03308,29.98206]],[[-90.0332,29.9784],[-90.03268,29.97856],[-90.03334,29.97878],[-90.03347,29.97846],[-90.0332,29.9784]],[[-90.03002,29.98165],[-90.02978,29.98137],[-90.02963,29.98187],[-90.03002,29.98165]],[[-90.03512,29.98141],[-90.03494,29.98107],[-90.03454,29.98113],[-90.03512,29.98141]],[[-90.03531,29.98345],[-90.03493,29.98321],[-90.03466,29.98334],[-90.03531,29.98345]],[[-90.03833,29.98416],[-90.03894,29.98422],[-90.03849,29.98392],[-90.03833,29.98416]],[[-90.03118,29.98099],[-90.03137,29.98085],[-90.03101,29.98062],[-90.03092,29.98097],[-90.03118,29.98099]],[[-90.03788,29.98098],[-90.03823,29.98086],[-90.0376,29.98078],[-90.03788,29.98098]],[[-90.04046,29.98456],[-90.04016,29.98462],[-90.0408,29.98475],[-90.04046,29.98456]],[[-90.03235,29.98182],[-90.03228,29.98151],[-90.0319,29.98156],[-90.03189,29.98179],[-90.03235,29.98182]],[[-90.03093,29.98182],[-90.03069,29.98161],[-90.03071,29.98197],[-90.03093,29.98182]],[[-90.0302,29.98161],[-90.03032,29.98183],[-90.03046,29.98153],[-90.0302,29.98161]],[[-90.02942,29.98095],[-90.02929,29.98116],[-90.02955,29.98139],[-90.02942,29.98095]],[[-90.03049,29.9795],[-90.03019,29.97978],[-90.03046,29.9798],[-90.03049,29.9795]],[[-90.03925,29.98287],[-90.0393,29.9826],[-90.03906,29.98246],[-90.03925,29.98287]],[[-90.04213,29.9806],[-90.04202,29.98037],[-90.04173,29.9805],[-90.04213,29.9806]],[[-90.02918,29.98078],[-90.02902,29.98049],[-90.02896,29.98084],[-90.02918,29.98078]],[[-90.03712,29.98381],[-90.03661,29.9838],[-90.03704,29.98392],[-90.03712,29.98381]],[[-90.03459,29.98172],[-90.03446,29.98158],[-90.03433,29.98179],[-90.03459,29.98172]],[[-90.0422,29.97999],[-90.04235,29.97986],[-90.04199,29.97981],[-90.0422,29.97999]],[[-90.034,29.97968],[-90.0337,29.9796],[-90.03365,29.97977],[-90.034,29.97968]],[[-90.0368,29.98079],[-90.03639,29.98079],[-90.03665,29.98092],[-90.0368,29.98079]],[[-90.03711,29.98119],[-90.03698,29.98098],[-90.03688,29.98126],[-90.03711,29.98119]],[[-90.03531,29.98222],[-90.03539,29.98237],[-90.03555,29.98223],[-90.03531,29.98222]],[[-90.04085,29.98036],[-90.04088,29.98014],[-90.04102,29.98049],[-90.04085,29.98036]],[[-90.03808,29.98404],[-90.03789,29.98409],[-90.03832,29.98417],[-90.03808,29.98404]],[[-90.03774,29.98135],[-90.03742,29.98137],[-90.03768,29.98149],[-90.03774,29.98135]],[[-90.034,29.98122],[-90.03413,29.98106],[-90.03382,29.98101],[-90.034,29.98122]],[[-90.03514,29.98151],[-90.03524,29.98141],[-90.03527,29.9812],[-90.03514,29.98151]],[[-90.03918,29.98153],[-90.03907,29.98149],[-90.03914,29.98175],[-90.03918,29.98153]],[[-90.04036,29.98188],[-90.0402,29.98179],[-90.04001,29.98185],[-90.04036,29.98188]],[[-90.04201,29.98094],[-90.04204,29.98086],[-90.04179,29.98085],[-90.04201,29.98094]],[[-90.03685,29.98184],[-90.03694,29.98194],[-90.03702,29.98182],[-90.03685,29.98184]],[[-90.03918,29.9813],[-90.03931,29.98112],[-90.03919,29.98111],[-90.03918,29.9813]],[[-90.03996,29.98146],[-90.03988,29.98136],[-90.03969,29.98148],[-90.03996,29.98146]],[[-90.03465,29.98152],[-90.03467,29.98141],[-90.03443,29.98151],[-90.03465,29.98152]],[[-90.04194,29.98101],[-90.04173,29.98098],[-90.04183,29.98106],[-90.04194,29.98101]],[[-90.04015,29.98081],[-90.03983,29.98069],[-90.04006,29.98085],[-90.04015,29.98081]],[[-90.04183,29.98129],[-90.04189,29.98123],[-90.04166,29.9812],[-90.04183,29.98129]],[[-90.03976,29.98186],[-90.03952,29.98179],[-90.03969,29.98192],[-90.03976,29.98186]],[[-90.03486,29.98176],[-90.03486,29.98169],[-90.03468,29.98169],[-90.03486,29.98176]],[[-90.03734,29.9809],[-90.03723,29.98082],[-90.03699,29.98082],[-90.03734,29.9809]],[[-90.03982,29.98103],[-90.03973,29.98098],[-90.03966,29.9811],[-90.03982,29.98103]],[[-90.03297,29.98169],[-90.03307,29.98167],[-90.03276,29.98163],[-90.03297,29.98169]]]},"properties":{"FLD_ZONE":"AE","ZONE_SUBTY":null}},{"type":"Feature","geometry":{"type":"Polygon","coordinates":[[[-90.0427,29.98605],[-90.04241,29.98583],[-90.04263,29.9858],[-90.04369,29.9862],[-90.0433,29.98635],[-90.0427,29.98605]]]},"properties":{"FLD_ZONE":"AE","ZONE_SUBTY":null}},{"type":"Feature","geometry":{"type":"Polygon","coordinates":[[[-89.90829,29.92424],[-89.90721,29.92332],[-89.90695,29.92344],[-89.9069,29.92297],[-89.90829,29.92424]]]},"properties":{"FLD_ZONE":"AE","ZONE_SUBTY":null}},{"type":"Feature","geometry":{"type":"Polygon","coordinates":[[[-89.99149,29.94687],[-89.99259,29.94772],[-89.99143,29.94707],[-89.99149,29.94687]]]},"properties":{"FLD_ZONE":"AE","ZONE_SUBTY":null}},{"type":"Feature","geometry":{"type":"Polygon","coordinates":[[[-89.92174,29.90145],[-89.92179,29.90159],[-89.92141,29.90155],[-89.92174,29.90145]]]},"properties":{"FLD_ZONE":"AE","ZONE_SUBTY":null}},{"type":"Feature","geometry":{"type":"Polygon","coordinates":[[[-90.03834,29.89349],[-90.03837,29.89285],[-90.03775,29.8933],[-90.03798,29.89266],[-90.03838,29.89279],[-90.0384,29.892],[-90.03835,29.89249],[-90.03772,29.89228],[-90.03766,29.89193],[-90.03784,29.89222],[-90.03819,29.89215],[-90.03844,29.89102],[-90.03805,29.8912],[-90.03768,29.8907],[-90.0383,29.89091],[-90.03843,29.89039],[-90.03738,29.88971],[-90.03714,29.89153],[-90.03742,29.89186],[-90.03691,29.89264],[-90.03705,29.88996],[-90.03648,29.88973],[-90.03681,29.88954],[-90.03681,29.8899],[-90.03704,29.88985],[-90.0371,29.88942],[-90.03445,29.88745],[-90.03414,29.88706],[-90.03429,29.88676],[-90.03399,29.8874],[-90.03444,29.88784],[-90.03427,29.88807],[-90.0338,29.88762],[-90.03408,29.88392],[-90.03455,29.88377],[-90.03467,29.88059],[-90.03637,29.88059],[-90.03621,29.88027],[-90.03455,29.88035],[-90.03407,29.88384],[-90.03436,29.87953],[-90.03526,29.87928],[-90.03655,29.87953],[-90.03856,29.87914],[-90.03915,29.87936],[-90.03887,29.88336],[-90.03894,29.88187],[-90.03771,29.88186],[-90.03775,29.87943],[-90.03681,29.87962],[-90.03676,29.88015],[-90.03751,29.8802],[-90.03663,29.88049],[-90.03743,29.88059],[-90.03731,29.88221],[-90.03807,29.88227],[-90.0373,29.88235],[-90.03732,29.88273],[-90.03832,29.88337],[-90.03841,29.88241],[-90.03813,29.88228],[-90.03862,29.8822],[-90.03856,29.88332],[-90.03884,29.88342],[-90.03857,29.88958],[-90.03838,29.88873],[-90.03814,29.8898],[-90.03837,29.88997],[-90.03848,29.8897],[-90.03854,29.89021],[-90.03834,29.89349]],[[-90.03773,29.88387],[-90.03807,29.88406],[-90.0379,29.88378],[-90.0383,29.88369],[-90.0372,29.88271],[-90.03721,29.88077],[-90.03667,29.88077],[-90.03646,29.88307],[-90.03773,29.88387]],[[-90.036,29.88396],[-90.03633,29.88083],[-90.03588,29.88076],[-90.03556,29.88384],[-90.036,29.88396]],[[-90.03509,29.88391],[-90.03532,29.88387],[-90.03545,29.88299],[-90.03552,29.88078],[-90.035,29.88067],[-90.03473,29.88343],[-90.03476,29.88388],[-90.03509,29.88391]],[[-90.03511,29.88759],[-90.0353,29.88444],[-90.03479,29.88408],[-90.03454,29.88716],[-90.03511,29.88759]],[[-90.03662,29.88876],[-90.03706,29.88907],[-90.03716,29.8885],[-90.03535,29.88722],[-90.03531,29.88782],[-90.03662,29.88876]],[[-90.03666,29.88721],[-90.03548,29.88633],[-90.03541,29.887],[-90.03709,29.88818],[-90.03715,29.88773],[-90.03666,29.88721]],[[-90.03623,29.88604],[-90.03563,29.88547],[-90.03542,29.8861],[-90.03717,29.88723],[-90.03691,29.8868],[-90.03728,29.88668],[-90.03623,29.88604]],[[-90.03785,29.88663],[-90.03816,29.88537],[-90.03643,29.88419],[-90.03646,29.88475],[-90.03689,29.88482],[-90.03658,29.88491],[-90.03753,29.88532],[-90.03785,29.88663]],[[-90.03761,29.88473],[-90.03813,29.88504],[-90.03823,29.88456],[-90.03646,29.8833],[-90.03645,29.88391],[-90.03761,29.88473]],[[-90.03694,29.88608],[-90.0373,29.88585],[-90.03618,29.88505],[-90.03596,29.88536],[-90.03564,29.88502],[-90.03611,29.88478],[-90.03579,29.88467],[-90.03611,29.88436],[-90.03558,29.8843],[-90.03557,29.8852],[-90.03694,29.88608]],[[-90.03577,29.88002],[-90.03629,29.88003],[-90.0363,29.87966],[-90.03596,29.87954],[-90.03455,29.87985],[-90.03577,29.88002]],[[-90.03782,29.88971],[-90.03803,29.88838],[-90.03756,29.88784],[-90.03773,29.8889],[-90.03743,29.88937],[-90.03782,29.88971]],[[-90.03406,29.88642],[-90.03403,29.8867],[-90.03433,29.88667],[-90.03423,29.88552],[-90.03406,29.88642]],[[-90.03427,29.88508],[-90.03447,29.8849],[-90.03435,29.88445],[-90.03427,29.88508]],[[-90.03765,29.88701],[-90.03801,29.88732],[-90.03808,29.88692],[-90.03765,29.88701]],[[-90.03856,29.88519],[-90.03874,29.88515],[-90.03853,29.88471],[-90.03856,29.88519]]]},"properties":{"FLD_ZONE":"AE","ZONE_SUBTY":null}},{"type":"Feature","geometry":{"type":"Polygon","coordinates":[[[-90.00852,29.89433],[-90.0086,29.89433],[-90.00852,29.89446],[-90.00852,29.89433]]]},"properties":{"FLD_ZONE":"AE","ZONE_SUBTY":null}},{"type":"Feature","geometry":{"type":"Polygon","coordinates":[[[-89.91218,29.88364],[-89.9121,29.88395],[-89.91204,29.88368],[-89.91218,29.88364]]]},"properties":{"FLD_ZONE":"AE","ZONE_SUBTY":null}},{"type":"Feature","geometry":{"type":"Polygon","coordinates":[[[-89.87789,30.03293],[-89.87756,30.03294],[-89.87773,30.03275],[-89.87789,30.03293]]]},"properties":{"FLD_ZONE":"AE","ZONE_SUBTY":null}},{"type":"Feature","geometry":{"type":"Polygon","coordinates":[[[-90.10526,29.89928],[-90.10539,29.89874],[-90.10764,29.89909],[-90.10526,29.89896],[-90.10526,29.89928]]]},"properties":{"FLD_ZONE":"AE","ZONE_SUBTY":null}},{"type":"Feature","geometry":{"type":"Polygon","coordinates":[[[-89.95257,30.03822],[-89.9534,30.03937],[-89.95169,30.0398],[-89.95106,30.03959],[-89.95318,30.03933],[-89.95195,30.03781],[-89.95257,30.03822]]]},"properties":{"FLD_ZONE":"AE","ZONE_SUBTY":null}},{"type":"Feature","geometry":{"type":"Polygon","coordinates":[[[-89.99831,30.03545],[-89.99804,30.03549],[-89.99825,30.03528],[-89.99831,30.03545]]]},"properties":{"FLD_ZONE":"AE","ZONE_SUBTY":null}},{"type":"Feature","geometry":{"type":"Polygon","coordinates":[[[-89.95269,29.96764],[-89.95258,29.96748],[-89.95277,29.96754],[-89.95269,29.96764]]]},"properties":{"FLD_ZONE":"AE","ZONE_SUBTY":null}},{"type":"Feature","geometry":{"type":"Polygon","coordinates":[[[-90.01884,30.00421],[-90.01863,30.00424],[-90.01609,30.00404],[-90.01884,30.00421]]]},"properties":{"FLD_ZONE":"AE","ZONE_SUBTY":null}},{"type":"Feature","geometry":{"type":"Polygon","coordinates":[[[-90.00216,29.93241],[-90.00193,29.93268],[-90.00191,29.93154],[-90.00282,29.93194],[-90.00201,29.9317],[-90.00216,29.93241]]]},"properties":{"FLD_ZONE":"AE","ZONE_SUBTY":null}},{"type":"Feature","geometry":{"type":"Polygon","coordinates":[[[-90.00737,29.93417],[-90.00739,29.93394],[-90.00756,29.93399],[-90.00737,29.93417]]]},"properties":{"FLD_ZONE":"AE","ZONE_SUBTY":null}},{"type":"Feature","geometry":{"type":"Polygon","coordinates":[[[-89.91158,29.89095],[-89.91129,29.89097],[-89.91147,29.89082],[-89.91158,29.89095]]]},"properties":{"FLD_ZONE":"AE","ZONE_SUBTY":null}},{"type":"Feature","geometry":{"type":"Polygon","coordinates":[[[-89.9349,30.04365],[-89.93477,30.04059],[-89.93454,30.04036],[-89.93475,30.0402],[-89.93522,30.04427],[-89.93502,30.04449],[-89.9349,30.04365]]]},"properties":{"FLD_ZONE":"AE","ZONE_SUBTY":null}},{"type":"Feature","geometry":{"type":"Polygon","coordinates":[[[-89.94069,30.04055],[-89.94144,30.04132],[-89.94095,30.04173],[-89.94002,30.04115],[-89.93995,30.0404],[-89.94039,30.04012],[-89.94069,30.04055]]]},"properties":{"FLD_ZONE":"AE","ZONE_SUBTY":null}},{"type":"Feature","geometry":{"type":"Polygon","coordinates":[[[-90.09047,29.97623],[-90.08806,29.97962],[-90.08808,29.98007],[-90.08892,29.98082],[-90.08863,29.98117],[-90.08735,29.98035],[-90.08733,29.9797],[-90.08805,29.9785],[-90.09003,29.97655],[-90.09109,29.97327],[-90.09144,29.97338],[-90.09047,29.97623]]]},"properties":{"FLD_ZONE":"AE","ZONE_SUBTY":null}},{"type":"Feature","geometry":{"type":"Polygon","coordinates":[[[-90.11871,29.94391],[-90.11833,29.9444],[-90.11849,29.94408],[-90.11871,29.94391]]]},"properties":{"FLD_ZONE":"AE","ZONE_SUBTY":null}},{"type":"Feature","geometry":{"type":"Polygon","coordinates":[[[-90.11968,29.96724],[-90.12025,29.96782],[-90.11958,29.96732],[-90.11968,29.96724]]]},"properties":{"FLD_ZONE":"AE","ZONE_SUBTY":null}},{"type":"Feature","geometry":{"type":"Polygon","coordinates":[[[-90.11874,29.96825],[-90.11889,29.96824],[-90.11879,29.9686],[-90.11874,29.96825]]]},"properties":{"FLD_ZONE":"AE","ZONE_SUBTY":null}},{"type":"Feature","geometry":{"type":"Polygon","coordinates":[[[-90.12133,29.96767],[-90.1224,29.96859],[-90.12154,29.96834],[-90.12073,29.96757],[-90.12133,29.96767]]]},"properties":{"FLD_ZONE":"AE","ZONE_SUBTY":null}},{"type":"Feature","geometry":{"type":"Polygon","coordinates":[[[-90.09039,29.88236],[-90.08958,29.87764],[-90.08923,29.87757],[-90.09028,29.87714],[-90.08972,29.87752],[-90.09039,29.88236]]]},"properties":{"FLD_ZONE":"AE","ZONE_SUBTY":null}},{"type":"Feature","geometry":{"type":"Polygon","coordinates":[[[-89.93189,30.00164],[-89.93191,30.00121],[-89.93193,30.00158],[-89.93189,30.00164]]]},"properties":{"FLD_ZONE":"AE","ZONE_SUBTY":null}},{"type":"Feature","geometry":{"type":"Polygon","coordinates":[[[-89.96495,30.01383],[-89.96502,30.0151],[-89.96481,30.01485],[-89.96357,30.0154],[-89.96435,30.01471],[-89.9639,30.01458],[-89.96398,30.0148],[-89.96276,30.01548],[-89.96287,30.01566],[-89.96354,30.01533],[-89.96299,30.01595],[-89.96247,30.01534],[-89.96266,30.01575],[-89.96238,30.01558],[-89.96217,30.01632],[-89.96124,30.01714],[-89.96111,30.01599],[-89.96276,30.01509],[-89.96221,30.01446],[-89.96196,30.01149],[-89.96441,30.01142],[-89.9645,30.01194],[-89.96477,30.0118],[-89.96495,30.01383]],[[-89.96174,30.016],[-89.9612,30.01597],[-89.96118,30.0165],[-89.96177,30.01631],[-89.96174,30.016]],[[-89.96341,30.01477],[-89.96319,30.01479],[-89.96291,30.01501],[-89.96341,30.01477]],[[-89.96384,30.01451],[-89.96355,30.01417],[-89.96367,30.01447],[-89.96384,30.01451]],[[-89.96482,30.0137],[-89.96462,30.01369],[-89.96472,30.01383],[-89.96482,30.0137]],[[-89.96464,30.01464],[-89.96471,30.0145],[-89.96446,30.01459],[-89.96464,30.01464]]]},"properties":{"FLD_ZONE":"AE","ZONE_SUBTY":null}},{"type":"Feature","geometry":{"type":"Polygon","coordinates":[[[-89.97578,29.95152],[-89.97573,29.9514],[-89.97584,29.95135],[-89.97578,29.95152]]]},"properties":{"FLD_ZONE":"AE","ZONE_SUBTY":null}},{"type":"Feature","geometry":{"type":"Polygon","coordinates":[[[-89.98479,29.94829],[-89.98462,29.94822],[-89.98488,29.94825],[-89.98479,29.94829]]]},"properties":{"FLD_ZONE":"AE","ZONE_SUBTY":null}},{"type":"Feature","geometry":{"type":"Polygon","coordinates":[[[-90.01648,29.97953],[-90.01668,29.9797],[-90.01558,29.97942],[-90.01648,29.97953]]]},"properties":{"FLD_ZONE":"AE","ZONE_SUBTY":null}},{"type":"Feature","geometry":{"type":"Polygon","coordinates":[[[-90.04986,29.9429],[-90.0498,29.94328],[-90.04967,29.94266],[-90.04947,29.94424],[-90.04948,29.94348],[-90.04858,29.94387],[-90.04857,29.94438],[-90.049,29.94439],[-90.0492,29.94389],[-90.04906,29.94421],[-90.0494,29.9443],[-90.0491,29.9444],[-90.04938,29.94447],[-90.04765,29.94442],[-90.04936,29.94455],[-90.04874,29.94457],[-90.04863,29.94484],[-90.04845,29.94454],[-90.04802,29.94485],[-90.04802,29.94455],[-90.04759,29.94452],[-90.04763,29.94486],[-90.04737,29.9449],[-90.04734,29.94457],[-90.04724,29.9452],[-90.04703,29.94465],[-90.04687,29.94507],[-90.04676,29.94485],[-90.04645,29.94509],[-90.04706,29.94552],[-90.04548,29.94569],[-90.04526,29.94637],[-90.04527,29.94553],[-90.04501,29.94531],[-90.04529,29.94525],[-90.04514,29.94374],[-90.0454,29.94342],[-90.04458,29.94335],[-90.04462,29.94223],[-90.04431,29.94211],[-90.04473,29.94187],[-90.04472,29.94102],[-90.0459,29.94095],[-90.0459,29.94054],[-90.04892,29.94063],[-90.04956,29.94071],[-90.04942,29.94128],[-90.04995,29.94096],[-90.05006,29.94129],[-90.04957,29.94136],[-90.05039,29.94135],[-90.05032,29.93924],[-90.05056,29.94016],[-90.05062,29.93917],[-90.05074,29.94011],[-90.05098,29.94016],[-90.05074,29.94034],[-90.05079,29.94118],[-90.05113,29.94131],[-90.05082,29.94137],[-90.05087,29.94222],[-90.05137,29.94228],[-90.05089,29.94242],[-90.05119,29.94254],[-90.05091,29.94331],[-90.05081,29.94249],[-90.05075,29.94287],[-90.05067,29.94244],[-90.04984,29.94247],[-90.04986,29.9429]],[[-90.04788,29.9443],[-90.04838,29.94423],[-90.04815,29.94416],[-90.04839,29.94416],[-90.04843,29.94349],[-90.04753,29.94353],[-90.04746,29.94407],[-90.04788,29.9443]],[[-90.047,29.94388],[-90.04731,29.9435],[-90.04663,29.94335],[-90.04652,29.94425],[-90.04721,29.9443],[-90.04728,29.94389],[-90.047,29.94388]],[[-90.04562,29.94407],[-90.04617,29.94426],[-90.04635,29.94346],[-90.04563,29.9435],[-90.04562,29.94407]],[[-90.04951,29.94334],[-90.04944,29.9425],[-90.04895,29.94284],[-90.04907,29.94339],[-90.0486,29.94342],[-90.04951,29.94334]],[[-90.04499,29.94159],[-90.0455,29.94181],[-90.04553,29.94126],[-90.04484,29.94126],[-90.04471,29.94166],[-90.04499,29.94159]],[[-90.04894,29.94219],[-90.04939,29.94212],[-90.0489,29.94154],[-90.04898,29.94203],[-90.04873,29.94212],[-90.04894,29.94219]],[[-90.0471,29.94296],[-90.04734,29.94296],[-90.04735,29.94245],[-90.0467,29.94242],[-90.0471,29.94296]],[[-90.04834,29.94256],[-90.04756,29.94239],[-90.0479,29.94264],[-90.04834,29.94256]],[[-90.05038,29.94204],[-90.05002,29.94226],[-90.05038,29.94228],[-90.05038,29.94204]],[[-90.04592,29.94454],[-90.0457,29.94494],[-90.04604,29.94484],[-90.04592,29.94454]],[[-90.04906,29.941],[-90.04874,29.94127],[-90.04908,29.94128],[-90.04906,29.941]],[[-90.05002,29.9416],[-90.05043,29.9414],[-90.05002,29.94138],[-90.05002,29.9416]],[[-90.04998,29.9419],[-90.04978,29.94187],[-90.04976,29.94202],[-90.04998,29.9419]],[[-90.04496,29.94198],[-90.04513,29.94193],[-90.04499,29.9419],[-90.04496,29.94198]]]},"properties":{"FLD_ZONE":"AE","ZONE_SUBTY":null}},{"type":"Feature","geometry":{"type":"Polygon","coordinates":[[[-89.97514,29.93919],[-89.97514,29.9393],[-89.975,29.93949],[-89.97514,29.93919]]]},"properties":{"FLD_ZONE":"AE","ZONE_SUBTY":null}},{"type":"Feature","geometry":{"type":"Polygon","coordinates":[[[-89.9698,29.91067],[-89.96742,29.91245],[-89.96462,29.91225],[-89.96607,29.9105],[-89.9698,29.91067]]]},"properties":{"FLD_ZONE":"AE","ZONE_SUBTY":null}},{"type":"Feature","geometry":{"type":"Polygon","coordinates":[[[-90.00329,29.93223],[-90.00443,29.93264],[-90.00422,29.93429],[-90.00421,29.93359],[-90.00259,29.93287],[-90.00248,29.93312],[-90.00304,29.93347],[-90.00242,29.93323],[-90.00226,29.93361],[-90.00224,29.93272],[-90.00283,29.93196],[-90.00237,29.93294],[-90.00294,29.93209],[-90.00271,29.93282],[-90.00383,29.93333],[-90.00427,29.93278],[-90.00329,29.93223]]]},"properties":{"FLD_ZONE":"AE","ZONE_SUBTY":null}},{"type":"Feature","geometry":{"type":"Polygon","coordinates":[[[-90.04282,29.92949],[-90.04228,29.92919],[-90.04214,29.92885],[-90.04282,29.92949]]]},"properties":{"FLD_ZONE":"AE","ZONE_SUBTY":null}},{"type":"Feature","geometry":{"type":"Polygon","coordinates":[[[-90.03772,29.91011],[-90.03851,29.90947],[-90.03809,29.90934],[-90.03855,29.90921],[-90.03812,29.908],[-90.03841,29.9075],[-90.03865,29.90921],[-90.03933,29.90935],[-90.03865,29.9094],[-90.03831,29.90999],[-90.03903,29.91023],[-90.03824,29.91021],[-90.03852,29.91019],[-90.03826,29.91005],[-90.03847,29.90969],[-90.03772,29.91011]]]},"properties":{"FLD_ZONE":"AE","ZONE_SUBTY":null}},{"type":"Feature","geometry":{"type":"Polygon","coordinates":[[[-89.98984,29.87803],[-89.9885,29.87757],[-89.98941,29.87729],[-89.98949,29.87676],[-89.98918,29.87664],[-89.98984,29.87675],[-89.98973,29.87712],[-89.98995,29.87713],[-89.98917,29.87757],[-89.98954,29.87769],[-89.98948,29.87738],[-89.99003,29.87725],[-89.98984,29.87803]]]},"properties":{"FLD_ZONE":"AE","ZONE_SUBTY":null}},{"type":"Feature","geometry":{"type":"Polygon","coordinates":[[[-89.99888,29.88324],[-89.99866,29.88366],[-89.99838,29.88357],[-89.99888,29.88324]]]},"properties":{"FLD_ZONE":"AE","ZONE_SUBTY":null}},{"type":"Feature","geometry":{"type":"Polygon","coordinates":[[[-89.91139,29.8729],[-89.91118,29.87271],[-89.91138,29.87275],[-89.91139,29.8729]]]},"properties":{"FLD_ZONE":"AE","ZONE_SUBTY":null}},{"type":"Feature","geometry":{"type":"Polygon","coordinates":[[[-89.87518,30.0346],[-89.87503,30.03501],[-89.87454,30.03491],[-89.87487,30.03465],[-89.87461,30.03437],[-89.87518,30.0346]]]},"properties":{"FLD_ZONE":"AE","ZONE_SUBTY":null}},{"type":"Feature","geometry":{"type":"Polygon","coordinates":[[[-89.94378,30.02229],[-89.94364,30.02226],[-89.94376,30.02218],[-89.94378,30.02229]]]},"properties":{"FLD_ZONE":"AE","ZONE_SUBTY":null}},{"type":"Feature","geometry":{"type":"Polygon","coordinates":[[[-89.93272,30.01687],[-89.93242,30.01701],[-89.93263,30.01668],[-89.93272,30.01687]]]},"properties":{"FLD_ZONE":"AE","ZONE_SUBTY":null}},{"type":"Feature","geometry":{"type":"Polygon","coordinates":[[[-89.91529,29.89801],[-89.9153,29.8977],[-89.91481,29.89823],[-89.91464,29.89802],[-89.91537,29.89755],[-89.91563,29.89765],[-89.91554,29.89797],[-89.91482,29.89829],[-89.91529,29.89801]]]},"properties":{"FLD_ZONE":"AE","ZONE_SUBTY":null}},{"type":"Feature","geometry":{"type":"Polygon","coordinates":[[[-90.11184,29.99197],[-90.1114,29.99191],[-90.11185,29.99175],[-90.11202,29.99024],[-90.11225,29.99048],[-90.11202,29.99053],[-90.11198,29.9918],[-90.11285,29.99201],[-90.11316,29.99028],[-90.11288,29.99],[-90.11376,29.99006],[-90.11329,29.99007],[-90.11309,29.99181],[-90.11334,29.99206],[-90.11243,29.99203],[-90.11347,29.99219],[-90.11305,29.9922],[-90.11287,29.99356],[-90.11292,29.99216],[-90.11189,29.99229],[-90.11165,29.99202],[-90.11228,29.99206],[-90.11184,29.99197]]]},"properties":{"FLD_ZONE":"AE","ZONE_SUBTY":null}},{"type":"Feature","geometry":{"type":"Polygon","coordinates":[[[-89.97505,30.00703],[-89.97534,30.00696],[-89.97532,30.00736],[-89.97499,30.0073],[-89.9756,30.00778],[-89.97556,30.00827],[-89.97522,30.00826],[-89.97573,30.00848],[-89.97538,30.00875],[-89.97574,30.00901],[-89.97529,30.00905],[-89.97553,30.00928],[-89.97572,30.00908],[-89.97557,30.00949],[-89.97466,30.00955],[-89.97493,30.0089],[-89.97469,30.0084],[-89.9742,30.00822],[-89.97438,30.00803],[-89.97342,30.00845],[-89.97327,30.00817],[-89.97361,30.0083],[-89.97361,30.00797],[-89.9729,30.00801],[-89.97323,30.00833],[-89.97274,30.00853],[-89.973,30.00825],[-89.97272,30.0083],[-89.97245,30.00786],[-89.97279,30.00769],[-89.97288,30.008],[-89.9729,30.00761],[-89.97365,30.00737],[-89.97347,30.00699],[-89.97476,30.00655],[-89.97505,30.00703]],[[-89.97374,30.0076],[-89.97357,30.00743],[-89.97358,30.00766],[-89.97374,30.0076]],[[-89.9754,30.0086],[-89.97526,30.00834],[-89.97518,30.0085],[-89.9754,30.0086]],[[-89.97347,30.00772],[-89.97314,30.00756],[-89.97313,30.00768],[-89.97347,30.00772]],[[-89.97417,30.00769],[-89.97429,30.00758],[-89.97428,30.00784],[-89.97417,30.00769]],[[-89.97528,30.00732],[-89.97525,30.00712],[-89.97513,30.00729],[-89.97528,30.00732]],[[-89.97499,30.00865],[-89.97519,30.00867],[-89.97515,30.00854],[-89.97499,30.00865]],[[-89.97355,30.0079],[-89.97358,30.00775],[-89.97341,30.00785],[-89.97355,30.0079]],[[-89.97327,30.00799],[-89.9733,30.0078],[-89.97316,30.00797],[-89.97327,30.00799]],[[-89.97368,30.00773],[-89.9736,30.00793],[-89.97378,30.00785],[-89.97368,30.00773]]]},"properties":{"FLD_ZONE":"AE","ZONE_SUBTY":null}},{"type":"Feature","geometry":{"type":"Polygon","coordinates":[[[-90.03337,29.98742],[-90.03304,29.98712],[-90.0335,29.98728],[-90.03337,29.98742]]]},"properties":{"FLD_ZONE":"AE","ZONE_SUBTY":null}},{"type":"Feature","geometry":{"type":"Polygon","coordinates":[[[-90.02584,29.98123],[-90.02575,29.98133],[-90.02558,29.98129],[-90.02584,29.98123]]]},"properties":{"FLD_ZONE":"AE","ZONE_SUBTY":null}},{"type":"Feature","geometry":{"type":"Polygon","coordinates":[[[-89.91734,29.89673],[-89.91646,29.89577],[-89.91588,29.89612],[-89.91643,29.89576],[-89.91626,29.89556],[-89.91551,29.89598],[-89.91616,29.89541],[-89.91734,29.89673]]]},"properties":{"FLD_ZONE":"AE","ZONE_SUBTY":null}},{"type":"Feature","geometry":{"type":"Polygon","coordinates":[[[-90.03808,29.90541],[-90.04069,29.90535],[-90.03865,29.90489],[-90.03868,29.90416],[-90.03981,29.90385],[-90.03982,29.90316],[-90.03933,29.90289],[-90.03992,29.90226],[-90.03812,29.90211],[-90.03981,29.90192],[-90.03985,29.90212],[-90.0397,29.9018],[-90.03998,29.9017],[-90.03957,29.90154],[-90.0398,29.90067],[-90.03955,29.90056],[-90.03938,29.90154],[-90.03837,29.90101],[-90.03805,29.90199],[-90.03823,29.89994],[-90.04352,29.9003],[-90.04313,29.90623],[-90.04231,29.90615],[-90.0431,29.90605],[-90.0429,29.90567],[-90.04224,29.90576],[-90.04274,29.90568],[-90.04266,29.90539],[-90.04225,29.90538],[-90.04214,29.90567],[-90.04187,29.90541],[-90.04184,29.90599],[-90.04208,29.90584],[-90.04228,29.90614],[-90.04124,29.90612],[-90.04108,29.90721],[-90.04049,29.90717],[-90.04057,29.90641],[-90.04007,29.90629],[-90.0401,29.90558],[-90.03808,29.90541]],[[-90.03939,29.90489],[-90.04019,29.90484],[-90.04025,29.90446],[-90.03899,29.9042],[-90.03885,29.9047],[-90.03939,29.90489]],[[-90.04247,29.90339],[-90.04313,29.90338],[-90.04327,29.90273],[-90.04253,29.90272],[-90.04267,29.90305],[-90.04223,29.90308],[-90.04247,29.90339]],[[-90.04069,29.90295],[-90.04073,29.90229],[-90.04005,29.90223],[-90.04,29.90293],[-90.04069,29.90295]],[[-90.04281,29.90254],[-90.04313,29.90241],[-90.0427,29.90208],[-90.0419,29.90214],[-90.04194,29.90241],[-90.04281,29.90254]],[[-90.04231,29.90115],[-90.04258,29.9007],[-90.04171,29.90063],[-90.04231,29.90115]],[[-90.04085,29.90212],[-90.04105,29.90174],[-90.03994,29.90185],[-90.03996,29.90212],[-90.04085,29.90212]],[[-90.04104,29.90092],[-90.04114,29.90032],[-90.04084,29.90062],[-90.04104,29.90092]],[[-90.03926,29.9011],[-90.03936,29.90091],[-90.0388,29.90079],[-90.03887,29.90113],[-90.03926,29.9011]],[[-90.04335,29.90134],[-90.04337,29.90111],[-90.04284,29.90105],[-90.04335,29.90134]],[[-90.0402,29.9017],[-90.04062,29.90149],[-90.04024,29.90144],[-90.0402,29.9017]],[[-90.04018,29.901],[-90.0404,29.90084],[-90.04013,29.90064],[-90.04018,29.901]]]},"properties":{"FLD_ZONE":"AE","ZONE_SUBTY":null}},{"type":"Feature","geometry":{"type":"Polygon","coordinates":[[[-89.9552,30.04359],[-89.95455,30.04438],[-89.96113,30.05202],[-89.96188,30.05327],[-89.96517,30.05141],[-89.96256,30.05317],[-89.96674,30.05846],[-89.96619,30.05835],[-89.96209,30.05347],[-89.95507,30.05804],[-89.95091,30.05328],[-89.95114,30.0531],[-89.95153,30.05336],[-89.95507,30.0578],[-89.96169,30.05342],[-89.95451,30.045],[-89.9523,30.04333],[-89.95156,30.04204],[-89.95119,30.04193],[-89.95067,30.04004],[-89.95285,30.0404],[-89.95491,30.04281],[-89.9552,30.04359]]]},"properties":{"FLD_ZONE":"AE","ZONE_SUBTY":null}},{"type":"Feature","geometry":{"type":"Polygon","coordinates":[[[-89.95893,30.04284],[-89.95903,30.04257],[-89.95904,30.04272],[-89.95893,30.04284]]]},"properties":{"FLD_ZONE":"AE","ZONE_SUBTY":null}},{"type":"Feature","geometry":{"type":"Polygon","coordinates":[[[-90.09001,29.97189],[-90.09045,29.97196],[-90.09131,29.97259],[-90.09001,29.97189]]]},"properties":{"FLD_ZONE":"AE","ZONE_SUBTY":null}},{"type":"Feature","geometry":{"type":"Polygon","coordinates":[[[-89.93289,30.01281],[-89.9334,30.01345],[-89.93285,30.01257],[-89.93218,30.01246],[-89.932,30.00891],[-89.93237,30.01043],[-89.93487,30.01016],[-89.93432,30.01061],[-89.93346,30.01048],[-89.93348,30.01094],[-89.9332,30.01097],[-89.93361,30.01129],[-89.93458,30.01075],[-89.93432,30.01142],[-89.93478,30.01158],[-89.93334,30.01414],[-89.9338,30.01455],[-89.93439,30.01433],[-89.93225,30.01642],[-89.93238,30.01536],[-89.93213,30.01577],[-89.93187,30.01358],[-89.93219,30.01265],[-89.93289,30.01281]],[[-89.93311,30.01063],[-89.93272,30.01064],[-89.9327,30.01086],[-89.93311,30.01063]],[[-89.93429,30.01179],[-89.93422,30.01174],[-89.93403,30.0122],[-89.93429,30.01179]],[[-89.93451,30.01177],[-89.93438,30.01191],[-89.93432,30.01215],[-89.93451,30.01177]]]},"properties":{"FLD_ZONE":"AE","ZONE_SUBTY":null}},{"type":"Feature","geometry":{"type":"Polygon","coordinates":[[[-89.91677,29.94274],[-89.91704,29.94244],[-89.91713,29.94246],[-89.91677,29.94274]]]},"properties":{"FLD_ZONE":"AE","ZONE_SUBTY":null}},{"type":"Feature","geometry":{"type":"Polygon","coordinates":[[[-89.934,29.94217],[-89.93374,29.94205],[-89.93435,29.94205],[-89.93413,29.94157],[-89.93469,29.94116],[-89.93451,29.94088],[-89.93495,29.94062],[-89.93492,29.94085],[-89.93624,29.93871],[-89.93437,29.94208],[-89.934,29.94217]]]},"properties":{"FLD_ZONE":"AE","ZONE_SUBTY":null}},{"type":"Feature","geometry":{"type":"Polygon","coordinates":[[[-89.96576,29.93288],[-89.96551,29.93263],[-89.96584,29.93191],[-89.96646,29.93142],[-89.9667,29.93158],[-89.96621,29.93275],[-89.96576,29.93288]]]},"properties":{"FLD_ZONE":"AE","ZONE_SUBTY":null}},{"type":"Feature","geometry":{"type":"Polygon","coordinates":[[[-89.99853,29.95589],[-90.00062,29.95145],[-90.00187,29.94966],[-89.99879,29.95584],[-89.99853,29.95589]]]},"properties":{"FLD_ZONE":"AE","ZONE_SUBTY":null}},{"type":"Feature","geometry":{"type":"Polygon","coordinates":[[[-90.0006,29.95915],[-90.00016,29.95809],[-90.00063,29.95878],[-90.00152,29.95672],[-90.00101,29.95653],[-90.00208,29.9568],[-90.00223,29.95714],[-90.00053,29.96062],[-90.0006,29.95915]],[[-90.00188,29.95736],[-90.00159,29.95739],[-90.0019,29.95749],[-90.00188,29.95736]],[[-90.00173,29.9571],[-90.00187,29.95708],[-90.00187,29.95685],[-90.00173,29.9571]]]},"properties":{"FLD_ZONE":"AE","ZONE_SUBTY":null}},{"type":"Feature","geometry":{"type":"Polygon","coordinates":[[[-90.02896,29.92243],[-90.02844,29.92267],[-90.02864,29.92223],[-90.02896,29.92243]]]},"properties":{"FLD_ZONE":"AE","ZONE_SUBTY":null}},{"type":"Feature","geometry":{"type":"Polygon","coordinates":[[[-89.92376,29.90193],[-89.92393,29.90201],[-89.92377,29.90216],[-89.92376,29.90193]]]},"properties":{"FLD_ZONE":"AE","ZONE_SUBTY":null}},{"type":"Feature","geometry":{"type":"Polygon","coordinates":[[[-90.01566,29.88328],[-90.01594,29.88276],[-90.01692,29.88341],[-90.0161,29.883],[-90.01588,29.88356],[-90.01564,29.8836],[-90.01566,29.88328]]]},"properties":{"FLD_ZONE":"AE","ZONE_SUBTY":null}},{"type":"Feature","geometry":{"type":"Polygon","coordinates":[[[-89.87355,29.87312],[-89.87346,29.87302],[-89.87361,29.87283],[-89.87355,29.87312]]]},"properties":{"FLD_ZONE":"AE","ZONE_SUBTY":null}},{"type":"Feature","geometry":{"type":"Polygon","coordinates":[[[-89.94089,30.05018],[-89.94077,30.05063],[-89.9406,30.05011],[-89.94071,30.04986],[-89.94089,30.05018]]]},"properties":{"FLD_ZONE":"AE","ZONE_SUBTY":null}},{"type":"Feature","geometry":{"type":"Polygon","coordinates":[[[-89.89234,29.87343],[-89.89228,29.8733],[-89.89261,29.87334],[-89.89234,29.87343]]]},"properties":{"FLD_ZONE":"AE","ZONE_SUBTY":null}},{"type":"Feature","geometry":{"type":"Polygon","coordinates":[[[-89.88784,30.03093],[-89.88754,30.03136],[-89.88729,30.03116],[-89.88399,30.0325],[-89.88427,30.03209],[-89.8845,30.03223],[-89.88433,30.032],[-89.88599,30.0313],[-89.88784,30.03093]],[[-89.88499,30.03198],[-89.88478,30.03193],[-89.88483,30.03204],[-89.88499,30.03198]]]},"properties":{"FLD_ZONE":"AE","ZONE_SUBTY":null}},{"type":"Feature","geometry":{"type":"Polygon","coordinates":[[[-90.12378,29.98672],[-90.12398,29.9863],[-90.12393,29.98685],[-90.12378,29.98672]]]},"properties":{"FLD_ZONE":"AE","ZONE_SUBTY":null}},{"type":"Feature","geometry":{"type":"Polygon","coordinates":[[[-90.10871,29.99907],[-90.1087,29.99845],[-90.10885,29.99848],[-90.10871,29.99907]]]},"properties":{"FLD_ZONE":"AE","ZONE_SUBTY":null}},{"type":"Feature","geometry":{"type":"Polygon","coordinates":[[[-90.02711,30.02688],[-90.02691,30.02626],[-90.02707,30.02641],[-90.02711,30.02688]]]},"properties":{"FLD_ZONE":"AE","ZONE_SUBTY":null}},{"type":"Feature","geometry":{"type":"Polygon","coordinates":[[[-90.04228,29.98371],[-90.04235,29.98375],[-90.04254,29.98409],[-90.04228,29.98371]]]},"properties":{"FLD_ZONE":"AE","ZONE_SUBTY":null}},{"type":"Feature","geometry":{"type":"Polygon","coordinates":[[[-89.95227,29.90833],[-89.95188,29.90808],[-89.952,29.90791],[-89.95227,29.90833]]]},"properties":{"FLD_ZONE":"AE","ZONE_SUBTY":null}},{"type":"Feature","geometry":{"type":"Polygon","coordinates":[[[-89.94739,30.03037],[-89.94719,30.03049],[-89.94724,30.03037],[-89.94739,30.03037]]]},"properties":{"FLD_ZONE":"AE","ZONE_SUBTY":null}},{"type":"Feature","geometry":{"type":"Polygon","coordinates":[[[-89.95613,30.01162],[-89.956,30.01115],[-89.95567,30.01109],[-89.95653,30.01102],[-89.95624,30.01126],[-89.95623,30.01202],[-89.95613,30.01162]]]},"properties":{"FLD_ZONE":"AE","ZONE_SUBTY":null}},{"type":"Feature","geometry":{"type":"Polygon","coordinates":[[[-90.03834,30.03124],[-90.03876,30.03161],[-90.03994,30.03159],[-90.04133,30.03366],[-90.0402,30.03725],[-90.03665,30.03496],[-90.03556,30.03571],[-90.03453,30.03199],[-90.03786,30.03112],[-90.03834,30.03124]]]},"properties":{"FLD_ZONE":"VE","ZONE_SUBTY":null}},{"type":"Feature","geometry":{"type":"Polygon","coordinates":[[[-90.00559,29.98545],[-90.00572,29.98524],[-90.00562,29.98561],[-90.00559,29.98545]]]},"properties":{"FLD_ZONE":"AE","ZONE_SUBTY":null}},{"type":"Feature","geometry":{"type":"Polygon","coordinates":[[[-89.95838,29.90946],[-89.95808,29.90933],[-89.95819,29.90923],[-89.95838,29.90946]]]},"properties":{"FLD_ZONE":"AE","ZONE_SUBTY":null}},{"type":"Feature","geometry":{"type":"Polygon","coordinates":[[[-89.91422,29.93907],[-89.91494,29.93822],[-89.9147,29.93801],[-89.91491,29.93781],[-89.91505,29.93811],[-89.91577,29.93744],[-89.91568,29.93772],[-89.91772,29.93893],[-89.91555,29.93777],[-89.91519,29.93826],[-89.91639,29.93903],[-89.91508,29.9383],[-89.91447,29.93881],[-89.91473,29.93897],[-89.91422,29.93907]]]},"properties":{"FLD_ZONE":"AE","ZONE_SUBTY":null}},{"type":"Feature","geometry":{"type":"Polygon","coordinates":[[[-89.91666,29.88963],[-89.91752,29.88974],[-89.91686,29.88958],[-89.91727,29.88916],[-89.91665,29.88952],[-89.91564,29.88926],[-89.91674,29.88931],[-89.91625,29.88932],[-89.9163,29.889],[-89.91664,29.88869],[-89.91723,29.88879],[-89.91744,29.88806],[-89.91788,29.88842],[-89.91761,29.88885],[-89.91881,29.88912],[-89.91905,29.88966],[-89.91887,29.88994],[-89.91795,29.88981],[-89.91886,29.89],[-89.91666,29.88963]],[[-89.9176,29.88933],[-89.91738,29.8892],[-89.91722,29.8895],[-89.91779,29.8896],[-89.91786,29.88926],[-89.9176,29.88933]],[[-89.91745,29.88833],[-89.91726,29.88911],[-89.91762,29.88866],[-89.9174,29.88875],[-89.91745,29.88833]],[[-89.91719,29.88903],[-89.91723,29.88883],[-89.91675,29.88885],[-89.91719,29.88903]],[[-89.91784,29.88897],[-89.91752,29.88915],[-89.91801,29.88904],[-89.91784,29.88897]],[[-89.91881,29.88973],[-89.91871,29.88955],[-89.9182,29.88967],[-89.91881,29.88973]],[[-89.91736,29.88905],[-89.91743,29.88914],[-89.91762,29.88875],[-89.91736,29.88905]],[[-89.91708,29.88915],[-89.9168,29.88915],[-89.91685,29.88927],[-89.91708,29.88915]],[[-89.91856,29.8893],[-89.91887,29.88947],[-89.91883,29.88929],[-89.91856,29.8893]],[[-89.91768,29.88839],[-89.91754,29.88828],[-89.91747,29.88853],[-89.91768,29.88839]]]},"properties":{"FLD_ZONE":"AE","ZONE_SUBTY":null}},{"type":"Feature","geometry":{"type":"Polygon","coordinates":[[[-90.11329,30.00179],[-90.11359,30.00181],[-90.11353,30.00194],[-90.11329,30.00179]]]},"properties":{"FLD_ZONE":"AE","ZONE_SUBTY":null}},{"type":"Feature","geometry":{"type":"Polygon","coordinates":[[[-89.77964,29.86836],[-89.77908,29.8702],[-89.78272,29.87681],[-89.79453,29.87998],[-89.81946,29.88131],[-89.82361,29.87979],[-89.84256,29.8741],[-89.8472,29.87627],[-89.84839,29.87655],[-89.86991,29.87853],[-89.87021,29.87785],[-89.8705,29.87858],[-89.87246,29.87964],[-89.87509,29.88019],[-89.87524,29.87966],[-89.87665,29.87993],[-89.8785,29.88125],[-89.87823,29.88104],[-89.87825,29.88129],[-89.87562,29.88124],[-89.87565,29.89326],[-89.87663,29.89577],[-89.88017,29.90211],[-89.88074,29.90252],[-89.87994,29.90272],[-89.87604,29.89589],[-89.87496,29.89323],[-89.87508,29.88057],[-89.87465,29.88025],[-89.87255,29.88012],[-89.87026,29.87887],[-89.84763,29.87684],[-89.84253,29.87467],[-89.82357,29.88017],[-89.81944,29.88168],[-89.7947,29.8805],[-89.78223,29.8772],[-89.77838,29.87026],[-89.77953,29.86704],[-89.77997,29.86747],[-89.77964,29.86836]],[[-89.87543,29.87997],[-89.87545,29.88029],[-89.8758,29.87989],[-89.87542,29.87976],[-89.87543,29.87997]],[[-89.87541,29.88057],[-89.87549,29.88056],[-89.87543,29.88035],[-89.87541,29.88057]]]},"properties":{"FLD_ZONE":"AE","ZONE_SUBTY":null}},{"type":"Feature","geometry":{"type":"Polygon","coordinates":[[[-89.94648,30.04694],[-89.94718,30.04679],[-89.94593,30.04558],[-89.94646,30.04508],[-89.94672,30.04511],[-89.94657,30.04533],[-89.94736,30.04638],[-89.94784,30.04635],[-89.94778,30.04697],[-89.94697,30.0475],[-89.94629,30.04715],[-89.94648,30.04694]]]},"properties":{"FLD_ZONE":"AE","ZONE_SUBTY":null}},{"type":"Feature","geometry":{"type":"Polygon","coordinates":[[[-90.09671,29.9559],[-90.09776,29.95644],[-90.09768,29.9568],[-90.09842,29.95684],[-90.09841,29.95735],[-90.09881,29.95769],[-90.09928,29.95748],[-90.0989,29.95787],[-90.09836,29.95763],[-90.09786,29.95845],[-90.09728,29.95844],[-90.09709,29.95793],[-90.09766,29.95761],[-90.09696,29.95725],[-90.09618,29.95827],[-90.09662,29.95744],[-90.09637,29.95744],[-90.09662,29.95727],[-90.09654,29.9567],[-90.09604,29.95629],[-90.09617,29.95675],[-90.09576,29.95735],[-90.09602,29.95683],[-90.09571,29.95674],[-90.09457,29.95749],[-90.09431,29.95713],[-90.09499,29.95594],[-90.09382,29.95535],[-90.09372,29.95493],[-90.09454,29.95487],[-90.09671,29.9559]]]},"properties":{"FLD_ZONE":"AE","ZONE_SUBTY":null}},{"type":"Feature","geometry":{"type":"Polygon","coordinates":[[[-90.03592,30.01342],[-90.03552,30.0138],[-90.03567,30.01296],[-90.03592,30.01342]]]},"properties":{"FLD_ZONE":"AE","ZONE_SUBTY":null}},{"type":"Feature","geometry":{"type":"Polygon","coordinates":[[[-89.93423,30.01298],[-89.9341,30.01344],[-89.93454,30.01372],[-89.93379,30.01439],[-89.93351,30.01407],[-89.93474,30.01175],[-89.93507,30.01167],[-89.93528,30.01242],[-89.93467,30.01226],[-89.93451,30.01266],[-89.93485,30.01298],[-89.93534,30.01267],[-89.93541,30.01302],[-89.93498,30.01335],[-89.93423,30.01298]]]},"properties":{"FLD_ZONE":"AE","ZONE_SUBTY":null}},{"type":"Feature","geometry":{"type":"Polygon","coordinates":[[[-89.99848,29.95565],[-89.99373,29.94924],[-89.99788,29.95459],[-89.99372,29.94896],[-89.99389,29.94846],[-89.99459,29.94937],[-89.99524,29.94891],[-89.9956,29.95024],[-89.99599,29.95],[-89.99642,29.9502],[-89.99655,29.95093],[-89.99613,29.95094],[-89.99684,29.95125],[-89.99638,29.95129],[-89.99655,29.95207],[-89.99689,29.95205],[-89.99654,29.95218],[-89.99735,29.95209],[-89.99735,29.95184],[-89.99775,29.95342],[-89.99756,29.95143],[-89.99806,29.94864],[-89.99784,29.95179],[-89.99869,29.95198],[-89.99904,29.95082],[-89.99863,29.94985],[-89.99906,29.95059],[-89.99873,29.95205],[-89.99961,29.95066],[-89.99884,29.95219],[-89.99935,29.95231],[-89.99993,29.95139],[-89.99863,29.95426],[-90.00127,29.94986],[-89.99848,29.95565]],[[-89.99873,29.95511],[-89.99865,29.95427],[-89.99841,29.95495],[-89.99873,29.95511]],[[-89.99884,29.95236],[-89.99869,29.9521],[-89.998,29.95204],[-89.99884,29.95236]],[[-89.99934,29.9538],[-89.99961,29.95344],[-89.99958,29.95332],[-89.99934,29.9538]],[[-89.99909,29.95247],[-89.99898,29.9525],[-89.9991,29.95268],[-89.99909,29.95247]],[[-89.99973,29.95304],[-89.99963,29.9533],[-89.99974,29.95319],[-89.99973,29.95304]]]},"properties":{"FLD_ZONE":"AE","ZONE_SUBTY":null}},{"type":"Feature","geometry":{"type":"Polygon","coordinates":[[[-89.95048,29.90814],[-89.95042,29.90756],[-89.9498,29.9078],[-89.94979,29.90747],[-89.94953,29.90748],[-89.94949,29.90786],[-89.94749,29.90732],[-89.9476,29.90757],[-89.94697,29.90749],[-89.94678,29.90791],[-89.94683,29.90762],[-89.9464,29.9078],[-89.94648,29.90754],[-89.94617,29.90763],[-89.94594,29.90717],[-89.94405,29.90679],[-89.9442,29.90631],[-89.94545,29.90569],[-89.94537,29.90477],[-89.94559,29.90512],[-89.94686,29.90549],[-89.94816,29.90662],[-89.94888,29.9068],[-89.94857,29.90711],[-89.94892,29.9071],[-89.94892,29.90681],[-89.94913,29.9071],[-89.94993,29.90691],[-89.94989,29.90724],[-89.95022,29.90734],[-89.95034,29.90712],[-89.95074,29.90733],[-89.95033,29.90694],[-89.95144,29.90704],[-89.95204,29.90742],[-89.95084,29.90706],[-89.95128,29.90751],[-89.95073,29.90771],[-89.95096,29.90802],[-89.95048,29.90814]],[[-89.94661,29.90707],[-89.94624,29.90679],[-89.9464,29.90727],[-89.94704,29.90729],[-89.94661,29.90707]],[[-89.94765,29.90685],[-89.94746,29.90718],[-89.94789,29.90715],[-89.94765,29.90685]],[[-89.94642,29.90651],[-89.94658,29.90665],[-89.94676,29.90625],[-89.94642,29.90651]],[[-89.94688,29.90647],[-89.94726,29.90666],[-89.94716,29.90641],[-89.94688,29.90647]],[[-89.94563,29.90649],[-89.94538,29.90667],[-89.94566,29.90689],[-89.94563,29.90649]],[[-89.94513,29.9063],[-89.94508,29.9065],[-89.9455,29.90638],[-89.94513,29.9063]],[[-89.94495,29.90634],[-89.9446,29.90651],[-89.94489,29.90654],[-89.94495,29.90634]],[[-89.94709,29.90681],[-89.94687,29.90665],[-89.94684,29.90678],[-89.94709,29.90681]],[[-89.9463,29.90545],[-89.94608,29.90534],[-89.94621,29.90555],[-89.9463,29.90545]],[[-89.94815,29.90688],[-89.94806,29.90699],[-89.94843,29.90704],[-89.94815,29.90688]],[[-89.94708,29.90702],[-89.94696,29.90686],[-89.9468,29.90702],[-89.94708,29.90702]],[[-89.94774,29.90653],[-89.94776,29.90665],[-89.94795,29.90661],[-89.94774,29.90653]],[[-89.94613,29.90696],[-89.94619,29.9068],[-89.94601,29.90693],[-89.94613,29.90696]],[[-89.94982,29.90699],[-89.94961,29.90697],[-89.94954,29.90706],[-89.94982,29.90699]],[[-89.94603,29.90632],[-89.94583,29.90629],[-89.94591,29.9064],[-89.94603,29.90632]],[[-89.94454,29.90639],[-89.94441,29.90632],[-89.94437,29.90646],[-89.94454,29.90639]],[[-89.9481,29.90745],[-89.94814,29.90752],[-89.94827,29.90748],[-89.9481,29.90745]],[[-89.94483,29.90663],[-89.94489,29.90671],[-89.94497,29.90658],[-89.94483,29.90663]]]},"properties":{"FLD_ZONE":"AE","ZONE_SUBTY":null}},{"type":"Feature","geometry":{"type":"Polygon","coordinates":[[[-90.00606,29.9065],[-90.00637,29.90638],[-90.00628,29.90663],[-90.00606,29.9065]]]},"properties":{"FLD_ZONE":"AE","ZONE_SUBTY":null}},{"type":"Feature","geometry":{"type":"Polygon","coordinates":[[[-89.91865,29.88864],[-89.91885,29.88886],[-89.91855,29.88895],[-89.91806,29.88848],[-89.91837,29.88826],[-89.91865,29.88864]]]},"properties":{"FLD_ZONE":"AE","ZONE_SUBTY":null}},{"type":"Feature","geometry":{"type":"Polygon","coordinates":[[[-89.8977,29.90562],[-89.89863,29.90527],[-89.89822,29.9055],[-89.8977,29.90562]]]},"properties":{"FLD_ZONE":"AE","ZONE_SUBTY":null}},{"type":"Feature","geometry":{"type":"Polygon","coordinates":[[[-89.89223,29.92058],[-89.8956,29.91797],[-89.89506,29.9185],[-89.89563,29.91828],[-89.8953,29.91864],[-89.8956,29.91893],[-89.89516,29.9188],[-89.89525,29.9192],[-89.89462,29.91934],[-89.8948,29.91961],[-89.89453,29.91941],[-89.89455,29.91969],[-89.89401,29.91968],[-89.89442,29.91916],[-89.89417,29.91916],[-89.89223,29.92058]],[[-89.89481,29.919],[-89.895,29.91866],[-89.89466,29.91882],[-89.89481,29.919]]]},"properties":{"FLD_ZONE":"AE","ZONE_SUBTY":null}},{"type":"Feature","geometry":{"type":"Polygon","coordinates":[[[-90.11096,30.03101],[-90.11007,30.03032],[-90.10711,30.03051],[-90.10732,30.02654],[-90.10907,30.02672],[-90.11083,30.02639],[-90.11096,30.03101]]]},"properties":{"FLD_ZONE":"VE","ZONE_SUBTY":null}},{"type":"Feature","geometry":{"type":"Polygon","coordinates":[[[-90.08029,29.99266],[-90.08029,29.9926],[-90.08059,29.99262],[-90.08029,29.99266]]]},"properties":{"FLD_ZONE":"AE","ZONE_SUBTY":null}},{"type":"Feature","geometry":{"type":"Polygon","coordinates":[[[-90.1273,29.96632],[-90.12752,29.96663],[-90.1268,29.96601],[-90.1273,29.96632]]]},"properties":{"FLD_ZONE":"AE","ZONE_SUBTY":null}},{"type":"Feature","geometry":{"type":"Polygon","coordinates":[[[-90.08871,29.9423],[-90.08812,29.94271],[-90.08794,29.94256],[-90.08871,29.9423]]]},"properties":{"FLD_ZONE":"AE","ZONE_SUBTY":null}},{"type":"Feature","geometry":{"type":"Polygon","coordinates":[[[-90.03015,29.98539],[-90.02959,29.98529],[-90.02967,29.98524],[-90.03015,29.98539]]]},"properties":{"FLD_ZONE":"AE","ZONE_SUBTY":null}},{"type":"Feature","geometry":{"type":"Polygon","coordinates":[[[-89.94023,29.8962],[-89.94055,29.89658],[-89.9403,29.89715],[-89.94027,29.89645],[-89.93871,29.8958],[-89.94024,29.8965],[-89.93995,29.89699],[-89.93858,29.89632],[-89.93862,29.89587],[-89.93819,29.89571],[-89.93887,29.89555],[-89.94023,29.8962]]]},"properties":{"FLD_ZONE":"AE","ZONE_SUBTY":null}},{"type":"Feature","geometry":{"type":"Polygon","coordinates":[[[-89.999,29.88196],[-90.00051,29.87988],[-90.00113,29.87975],[-90.00072,29.87868],[-90.00125,29.87966],[-90.00242,29.87936],[-90.0028,29.8782],[-90.00358,29.87749],[-90.00283,29.87832],[-90.00302,29.87909],[-90.00266,29.87908],[-90.00214,29.88007],[-90.00235,29.87949],[-90.00053,29.88016],[-90.00023,29.88095],[-89.999,29.88196]]]},"properties":{"FLD_ZONE":"AE","ZONE_SUBTY":null}},{"type":"Feature","geometry":{"type":"Polygon","coordinates":[[[-89.87739,29.8718],[-89.87749,29.87162],[-89.87754,29.87178],[-89.87739,29.8718]]]},"properties":{"FLD_ZONE":"AE","ZONE_SUBTY":null}},{"type":"Feature","geometry":{"type":"Polygon","coordinates":[[[-90.09127,30.0128],[-90.09117,30.01292],[-90.09122,30.01264],[-90.09127,30.0128]]]},"properties":{"FLD_ZONE":"AE","ZONE_SUBTY":null}},{"type":"Feature","geometry":{"type":"Polygon","coordinates":[[[-90.08866,29.96661],[-90.0888,29.96679],[-90.08754,29.96816],[-90.08819,29.96873],[-90.08751,29.96837],[-90.08884,29.96937],[-90.08815,29.96894],[-90.08748,29.96951],[-90.08798,29.96888],[-90.0873,29.96841],[-90.08666,29.96904],[-90.08691,29.96926],[-90.08658,29.96915],[-90.08623,29.96952],[-90.08642,29.969],[-90.08671,29.96917],[-90.0864,29.96891],[-90.08691,29.9684],[-90.08598,29.96748],[-90.08552,29.96824],[-90.086,29.96872],[-90.08514,29.96843],[-90.08599,29.96741],[-90.08736,29.96827],[-90.08607,29.96736],[-90.08743,29.96795],[-90.08741,29.96725],[-90.08665,29.96662],[-90.08733,29.96579],[-90.08866,29.96661]],[[-90.08727,29.96689],[-90.08798,29.96738],[-90.08857,29.96673],[-90.08737,29.96599],[-90.08672,29.96655],[-90.08727,29.96689]],[[-90.08757,29.96766],[-90.08776,29.96762],[-90.08768,29.96736],[-90.08757,29.96766]]]},"properties":{"FLD_ZONE":"AE","ZONE_SUBTY":null}},{"type":"Feature","geometry":{"type":"Polygon","coordinates":[[[-90.04101,30.0153],[-90.04072,30.01533],[-90.0409,30.01522],[-90.04101,30.0153]]]},"properties":{"FLD_ZONE":"AE","ZONE_SUBTY":null}},{"type":"Feature","geometry":{"type":"Polygon","coordinates":[[[-90.05659,29.96834],[-90.05646,29.9678],[-90.05655,29.96855],[-90.05228,29.9688],[-90.05216,29.96861],[-90.0532,29.9687],[-90.05316,29.96783],[-90.05213,29.9678],[-90.05321,29.96781],[-90.0532,29.9674],[-90.05326,29.96772],[-90.05425,29.96766],[-90.05431,29.96708],[-90.05438,29.96763],[-90.05539,29.96759],[-90.05544,29.96695],[-90.05539,29.96765],[-90.05631,29.9676],[-90.05551,29.96768],[-90.05559,29.96856],[-90.05659,29.96834]],[[-90.05547,29.96845],[-90.0555,29.96771],[-90.05438,29.96778],[-90.05447,29.96862],[-90.05547,29.96845]],[[-90.05333,29.96857],[-90.05432,29.96863],[-90.05427,29.96776],[-90.05326,29.96782],[-90.05333,29.96857]]]},"properties":{"FLD_ZONE":"AE","ZONE_SUBTY":null}},{"type":"Feature","geometry":{"type":"Polygon","coordinates":[[[-89.98798,29.97825],[-89.98743,29.9789],[-89.98748,29.97853],[-89.98798,29.97825]]]},"properties":{"FLD_ZONE":"AE","ZONE_SUBTY":null}},{"type":"Feature","geometry":{"type":"Polygon","coordinates":[[[-89.92355,29.90479],[-89.92358,29.90495],[-89.92333,29.9049],[-89.92355,29.90479]]]},"properties":{"FLD_ZONE":"AE","ZONE_SUBTY":null}},{"type":"Feature","geometry":{"type":"Polygon","coordinates":[[[-89.96585,29.93632],[-89.96275,29.93464],[-89.96251,29.93413],[-89.96217,29.93433],[-89.96192,29.93403],[-89.96216,29.93378],[-89.96163,29.93403],[-89.96116,29.93377],[-89.96123,29.9334],[-89.96098,29.93368],[-89.96011,29.93321],[-89.96098,29.93348],[-89.96123,29.93283],[-89.96106,29.933],[-89.9603,29.93252],[-89.96101,29.93133],[-89.9626,29.93215],[-89.96282,29.93184],[-89.964,29.93239],[-89.96376,29.93234],[-89.96386,29.93264],[-89.96422,29.93278],[-89.96309,29.93422],[-89.96403,29.93473],[-89.96444,29.93445],[-89.96591,29.93147],[-89.96539,29.9328],[-89.96605,29.93309],[-89.96635,29.93269],[-89.9667,29.93282],[-89.96675,29.93323],[-89.96693,29.93283],[-89.96636,29.93256],[-89.96695,29.93127],[-89.96812,29.93092],[-89.96724,29.93203],[-89.96697,29.93199],[-89.96711,29.93227],[-89.9667,29.93233],[-89.96694,29.93276],[-89.96794,29.93133],[-89.96742,29.93252],[-89.96779,29.93272],[-89.96827,29.93237],[-89.96698,29.93508],[-89.96628,29.93468],[-89.96636,29.93442],[-89.9649,29.93391],[-89.96627,29.93457],[-89.96555,29.93493],[-89.9656,29.93539],[-89.9645,29.9349],[-89.9642,29.93516],[-89.96483,29.93563],[-89.96453,29.93558],[-89.96634,29.93631],[-89.96585,29.93632]],[[-89.9613,29.93333],[-89.96159,29.93297],[-89.96243,29.93321],[-89.96227,29.93302],[-89.96266,29.93294],[-89.9629,29.93239],[-89.96223,29.93289],[-89.96242,29.93228],[-89.96186,29.93299],[-89.96124,29.93274],[-89.9613,29.93333]],[[-89.96586,29.93397],[-89.96655,29.93433],[-89.96682,29.93401],[-89.96625,29.93353],[-89.96637,29.93384],[-89.96587,29.93371],[-89.96586,29.93397]],[[-89.96693,29.93338],[-89.96727,29.93375],[-89.96751,29.93348],[-89.96693,29.93338]],[[-89.96349,29.93236],[-89.96311,29.93279],[-89.96355,29.93275],[-89.96349,29.93236]],[[-89.96707,29.93372],[-89.96679,29.9338],[-89.96723,29.93421],[-89.9674,29.93393],[-89.96699,29.93394],[-89.96707,29.93372]],[[-89.96305,29.93348],[-89.96292,29.93321],[-89.96254,29.93309],[-89.96305,29.93348]],[[-89.96539,29.93369],[-89.96521,29.93325],[-89.96515,29.9336],[-89.96539,29.93369]],[[-89.96731,29.93299],[-89.96726,29.93308],[-89.96767,29.93314],[-89.96731,29.93299]],[[-89.96569,29.93388],[-89.96559,29.93362],[-89.96551,29.93384],[-89.96569,29.93388]],[[-89.9675,29.93337],[-89.96756,29.93328],[-89.96716,29.93323],[-89.9675,29.93337]]]},"properties":{"FLD_ZONE":"AE","ZONE_SUBTY":null}},{"type":"Feature","geometry":{"type":"Polygon","coordinates":[[[-89.87839,29.87123],[-89.8778,29.87104],[-89.87808,29.87091],[-89.87807,29.87041],[-89.87811,29.87115],[-89.87841,29.87118],[-89.87849,29.87073],[-89.87875,29.87113],[-89.87839,29.87123]]]},"properties":{"FLD_ZONE":"AE","ZONE_SUBTY":null}},{"type":"Feature","geometry":{"type":"MultiPolygon","coordinates":[[[[-90.11106,29.9422],[-90.10971,29.94146],[-90.10962,29.94166],[-90.11153,29.94275],[-90.10377,29.94275],[-90.10361,29.94227],[-90.10365,29.94275],[-90.10273,29.94275],[-90.10273,29.93995],[-90.10299,29.93991],[-90.10273,29.9396],[-90.10273,29.93796],[-90.10298,29.93776],[-90.10273,29.93762],[-90.10273,29.93454],[-90.10315,29.93809],[-90.10305,29.93441],[-90.10323,29.93517],[-90.10395,29.93515],[-90.10332,29.93536],[-90.10331,29.9359],[-90.10424,29.93608],[-90.10431,29.93555],[-90.10445,29.93661],[-90.10483,29.93698],[-90.10542,29.93681],[-90.10542,29.93633],[-90.10576,29.93655],[-90.10565,29.93693],[-90.10655,29.93687],[-90.1065,29.93606],[-90.10702,29.93679],[-90.10716,29.9364],[-90.10688,29.93637],[-90.10727,29.93599],[-90.10744,29.9368],[-90.10819,29.93683],[-90.10839,29.93595],[-90.1084,29.93685],[-90.10917,29.93689],[-90.10923,29.93659],[-90.10931,29.93689],[-90.10992,29.93692],[-90.11006,29.93637],[-90.11005,29.93691],[-90.1106,29.93703],[-90.11074,29.93665],[-90.11054,29.93777],[-90.11083,29.93694],[-90.11168,29.93724],[-90.11196,29.93669],[-90.11189,29.93728],[-90.11269,29.93745],[-90.11282,29.93709],[-90.11274,29.93783],[-90.11284,29.93721],[-90.1133,29.93751],[-90.1135,29.93734],[-90.11347,29.93758],[-90.11299,29.93746],[-90.11288,29.9378],[-90.11315,29.9379],[-90.11308,29.93835],[-90.11368,29.93809],[-90.11339,29.93877],[-90.11298,29.93875],[-90.11339,29.93889],[-90.11257,29.94127],[-90.11337,29.9392],[-90.11422,29.93948],[-90.11486,29.93917],[-90.1145,29.93887],[-90.11419,29.93909],[-90.11398,29.93873],[-90.11361,29.93889],[-90.11366,29.93852],[-90.11414,29.93837],[-90.11412,29.93863],[-90.11494,29.93888],[-90.11518,29.93854],[-90.11494,29.93926],[-90.11517,29.9388],[-90.11507,29.93916],[-90.11551,29.93936],[-90.11509,29.93929],[-90.11519,29.93963],[-90.11488,29.93977],[-90.11547,29.94032],[-90.11651,29.93901],[-90.11628,29.93959],[-90.11661,29.93985],[-90.11624,29.93979],[-90.11643,29.94028],[-90.11611,29.9403],[-90.1165,29.94077],[-90.11697,29.94004],[-90.1168,29.93984],[-90.11733,29.93945],[-90.11719,29.94004],[-90.11763,29.94023],[-90.11713,29.94008],[-90.11679,29.94082],[-90.11961,29.94251],[-90.11685,29.94109],[-90.1163,29.9417],[-90.11678,29.94203],[-90.11668,29.94226],[-90.11626,29.94184],[-90.11595,29.9424],[-90.1164,29.94275],[-90.11552,29.94275],[-90.11569,29.94255],[-90.11535,29.94239],[-90.1152,29.94275],[-90.11437,29.94275],[-90.11451,29.94212],[-90.11403,29.94275],[-90.11278,29.94275],[-90.11355,29.94247],[-90.11286,29.94194],[-90.11257,29.94201],[-90.11284,29.94235],[-90.11241,29.94219],[-90.11227,29.94255],[-90.11267,29.94275],[-90.1121,29.94275],[-90.11216,29.9424],[-90.11186,29.94265],[-90.11106,29.9422]]],[[[-90.11532,29.94233],[-90.11532,29.94238],[-90.11555,29.94239],[-90.11532,29.94233]]],[[[-90.1127,29.94175],[-90.11288,29.94175],[-90.11278,29.94165],[-90.1127,29.94175]]],[[[-90.10933,29.9417],[-90.10912,29.94164],[-90.10906,29.94205],[-90.10933,29.9417]]],[[[-90.11553,29.94212],[-90.11585,29.94168],[-90.11537,29.9418],[-90.11518,29.94214],[-90.11553,29.94212]]],[[[-90.10351,29.94185],[-90.1037,29.94206],[-90.10354,29.94141],[-90.10351,29.94185]]],[[[-90.10748,29.94128],[-90.10743,29.94145],[-90.10752,29.94137],[-90.10748,29.94128]]],[[[-90.11505,29.94156],[-90.11468,29.94165],[-90.11449,29.94125],[-90.11433,29.94185],[-90.11465,29.94196],[-90.11505,29.94156]]],[[[-90.11433,29.94128],[-90.11452,29.9412],[-90.11436,29.94112],[-90.11433,29.94128]]],[[[-90.10935,29.94125],[-90.10884,29.94115],[-90.10942,29.94147],[-90.10935,29.94125]]],[[[-90.10579,29.94088],[-90.10551,29.94087],[-90.10554,29.94103],[-90.10579,29.94088]]],[[[-90.10741,29.94092],[-90.10732,29.94086],[-90.10733,29.94099],[-90.10741,29.94092]]],[[[-90.11615,29.94092],[-90.1161,29.94081],[-90.116,29.94089],[-90.11615,29.94092]]],[[[-90.11627,29.94113],[-90.1163,29.94078],[-90.11616,29.94111],[-90.11572,29.94104],[-90.1157,29.94144],[-90.11622,29.94149],[-90.11627,29.94113]]],[[[-90.10842,29.94075],[-90.1088,29.94112],[-90.10885,29.94098],[-90.10842,29.94075]]],[[[-90.10775,29.94082],[-90.10757,29.94068],[-90.10748,29.9408],[-90.10775,29.94082]]],[[[-90.10945,29.94088],[-90.1096,29.94069],[-90.10921,29.94073],[-90.10945,29.94088]]],[[[-90.11193,29.94218],[-90.11243,29.94137],[-90.11246,29.94064],[-90.11175,29.94134],[-90.11161,29.94198],[-90.11193,29.94218]]],[[[-90.10529,29.94079],[-90.10493,29.94064],[-90.10492,29.94112],[-90.10546,29.94099],[-90.10529,29.94079]]],[[[-90.10435,29.94052],[-90.10393,29.94082],[-90.10446,29.94078],[-90.10435,29.94052]]],[[[-90.11514,29.94107],[-90.11556,29.94051],[-90.11461,29.94049],[-90.11457,29.941],[-90.11503,29.94076],[-90.11514,29.94107]]],[[[-90.10652,29.94043],[-90.10645,29.94056],[-90.10678,29.94059],[-90.10652,29.94043]]],[[[-90.1063,29.94035],[-90.10623,29.94054],[-90.10637,29.94065],[-90.1063,29.94035]]],[[[-90.10886,29.9402],[-90.10858,29.94019],[-90.10864,29.94027],[-90.10886,29.9402]]],[[[-90.1077,29.94029],[-90.10711,29.94006],[-90.10718,29.94013],[-90.1077,29.94029]]],[[[-90.11414,29.94102],[-90.11416,29.94047],[-90.11325,29.94001],[-90.11266,29.94159],[-90.11325,29.94141],[-90.11325,29.94181],[-90.11294,29.94178],[-90.11348,29.94215],[-90.11414,29.94102]]],[[[-90.11619,29.94002],[-90.11613,29.94024],[-90.11628,29.94013],[-90.11619,29.94002]]],[[[-90.1064,29.93997],[-90.10588,29.94001],[-90.10594,29.94006],[-90.1064,29.93997]]],[[[-90.10354,29.94064],[-90.10364,29.9403],[-90.1058,29.94002],[-90.10363,29.94022],[-90.10328,29.93983],[-90.10311,29.94032],[-90.10341,29.94053],[-90.10349,29.94129],[-90.10354,29.94064]]],[[[-90.10805,29.93993],[-90.1074,29.93964],[-90.10761,29.93998],[-90.10805,29.93993]]],[[[-90.1133,29.93977],[-90.11373,29.94016],[-90.11358,29.94034],[-90.11425,29.94034],[-90.1145,29.93989],[-90.1133,29.93977]]],[[[-90.10608,29.93968],[-90.10589,29.93959],[-90.10593,29.93976],[-90.10608,29.93968]]],[[[-90.10416,29.93954],[-90.1037,29.93971],[-90.10417,29.93992],[-90.10416,29.93954]]],[[[-90.11409,29.9395],[-90.11383,29.93942],[-90.11381,29.93952],[-90.11409,29.9395]]],[[[-90.10877,29.93941],[-90.10848,29.93946],[-90.10871,29.93957],[-90.10877,29.93941]]],[[[-90.10648,29.93966],[-90.10669,29.93944],[-90.10639,29.93935],[-90.10648,29.93966]]],[[[-90.10531,29.93967],[-90.10568,29.93978],[-90.10558,29.9394],[-90.10516,29.9392],[-90.10481,29.9394],[-90.10531,29.93967]]],[[[-90.10682,29.93924],[-90.10651,29.93931],[-90.10689,29.93935],[-90.10682,29.93924]]],[[[-90.10599,29.93909],[-90.10588,29.93906],[-90.106,29.93935],[-90.10599,29.93909]]],[[[-90.10753,29.93925],[-90.10729,29.93925],[-90.10748,29.93899],[-90.10719,29.93928],[-90.10753,29.93925]]],[[[-90.11304,29.93885],[-90.1129,29.93877],[-90.11283,29.93889],[-90.11304,29.93885]]],[[[-90.10444,29.93848],[-90.10376,29.9388],[-90.10451,29.93894],[-90.10444,29.93848]]],[[[-90.11189,29.93845],[-90.1116,29.93849],[-90.1118,29.93862],[-90.11189,29.93845]]],[[[-90.10905,29.93827],[-90.10879,29.93831],[-90.10898,29.93835],[-90.10905,29.93827]]],[[[-90.10336,29.93872],[-90.10319,29.93822],[-90.10321,29.93903],[-90.10336,29.93872]]],[[[-90.10446,29.93833],[-90.10412,29.93821],[-90.10421,29.93845],[-90.10446,29.93833]]],[[[-90.10545,29.93833],[-90.10538,29.93808],[-90.10492,29.93818],[-90.10481,29.93855],[-90.10539,29.93874],[-90.10545,29.93833]]],[[[-90.10864,29.9381],[-90.10859,29.93805],[-90.10853,29.93821],[-90.10864,29.9381]]],[[[-90.1063,29.93832],[-90.10574,29.93805],[-90.10576,29.93858],[-90.10611,29.9388],[-90.1067,29.93833],[-90.1063,29.93832]]],[[[-90.10971,29.93812],[-90.10969,29.93793],[-90.10929,29.93807],[-90.10971,29.93812]]],[[[-90.10772,29.93768],[-90.10803,29.93778],[-90.10796,29.93763],[-90.10772,29.93768]]],[[[-90.10745,29.93758],[-90.10747,29.93749],[-90.10726,29.93758],[-90.10745,29.93758]]],[[[-90.11263,29.93757],[-90.11185,29.93738],[-90.11174,29.93767],[-90.11251,29.93797],[-90.11224,29.9378],[-90.11263,29.93757]]],[[[-90.10388,29.93735],[-90.10348,29.9373],[-90.10359,29.93796],[-90.10388,29.93735]]],[[[-90.11123,29.93775],[-90.11149,29.93786],[-90.11168,29.93734],[-90.1108,29.9373],[-90.11123,29.93775]]],[[[-90.10543,29.93734],[-90.10536,29.93712],[-90.10428,29.93722],[-90.10426,29.93794],[-90.1044,29.93741],[-90.1051,29.93785],[-90.10543,29.93734]]],[[[-90.11057,29.93718],[-90.11003,29.93702],[-90.10998,29.93731],[-90.1102,29.93761],[-90.11057,29.93718]]],[[[-90.10589,29.93745],[-90.10617,29.93756],[-90.1058,29.93788],[-90.10656,29.9377],[-90.10649,29.93723],[-90.10631,29.93747],[-90.10625,29.93727],[-90.10657,29.937],[-90.10567,29.93707],[-90.10589,29.93745]]],[[[-90.10964,29.93742],[-90.10978,29.93757],[-90.10999,29.93705],[-90.1093,29.93699],[-90.10935,29.93744],[-90.10964,29.93742]]],[[[-90.10903,29.9375],[-90.10918,29.93699],[-90.10856,29.93701],[-90.10851,29.93747],[-90.10903,29.9375]]],[[[-90.10689,29.93723],[-90.10706,29.93715],[-90.10691,29.93696],[-90.10689,29.93723]]],[[[-90.10743,29.93711],[-90.10783,29.93715],[-90.10795,29.93757],[-90.10821,29.937],[-90.10743,29.93711]]],[[[-90.10422,29.93619],[-90.1034,29.93631],[-90.1034,29.93707],[-90.10416,29.93704],[-90.10416,29.93662],[-90.10433,29.93688],[-90.10422,29.93619]]],[[[-90.10273,29.93445],[-90.10273,29.93446],[-90.10273,29.93447],[-90.10273,29.93445]]],[[[-90.11433,29.94275],[-90.11432,29.94275],[-90.11432,29.94274],[-90.11433,29.94275]]],[[[-90.11422,29.94275],[-90.11419,29.94275],[-90.11424,29.94273],[-90.11422,29.94275]]],[[[-90.11273,29.94275],[-90.11269,29.94275],[-90.11271,29.94274],[-90.11273,29.94275]]],[[[-90.10273,29.93452],[-90.10273,29.93453],[-90.10273,29.93454],[-90.10273,29.93452]]]]},"properties":{"FLD_ZONE":"AE","ZONE_SUBTY":null}},{"type":"Feature","geometry":{"type":"Polygon","coordinates":[[[-89.99551,29.96055],[-89.99573,29.9603],[-89.99571,29.96046],[-89.99551,29.96055]]]},"properties":{"FLD_ZONE":"AE","ZONE_SUBTY":null}},{"type":"Feature","geometry":{"type":"Polygon","coordinates":[[[-89.97942,29.90901],[-89.98002,29.90855],[-89.9801,29.90857],[-89.97942,29.90901]]]},"properties":{"FLD_ZONE":"AE","ZONE_SUBTY":null}},{"type":"Feature","geometry":{"type":"Polygon","coordinates":[[[-90.11429,29.99879],[-90.11446,29.99882],[-90.11427,29.99886],[-90.11429,29.99879]]]},"properties":{"FLD_ZONE":"AE","ZONE_SUBTY":null}},{"type":"Feature","geometry":{"type":"Polygon","coordinates":[[[-90.0392,30.01261],[-90.03901,30.01158],[-90.03934,30.01253],[-90.0392,30.01261]]]},"properties":{"FLD_ZONE":"AE","ZONE_SUBTY":null}},{"type":"Feature","geometry":{"type":"Polygon","coordinates":[[[-89.95991,30.01006],[-89.95953,30.00896],[-89.95988,30.00866],[-89.95991,30.01006]]]},"properties":{"FLD_ZONE":"AE","ZONE_SUBTY":null}},{"type":"Feature","geometry":{"type":"Polygon","coordinates":[[[-89.99274,30.03633],[-89.99125,30.03374],[-89.99173,30.03441],[-89.99357,30.03384],[-89.99178,30.03449],[-89.99274,30.03633]]]},"properties":{"FLD_ZONE":"AE","ZONE_SUBTY":null}},{"type":"Feature","geometry":{"type":"Polygon","coordinates":[[[-90.00417,29.95724],[-90.00328,29.95691],[-90.00471,29.95402],[-90.00434,29.9549],[-90.00459,29.95515],[-90.00415,29.95525],[-90.00451,29.95565],[-90.004,29.95557],[-90.00338,29.95686],[-90.00417,29.95724]]]},"properties":{"FLD_ZONE":"AE","ZONE_SUBTY":null}},{"type":"Feature","geometry":{"type":"Polygon","coordinates":[[[-90.0366,29.93654],[-90.03671,29.93674],[-90.03614,29.93675],[-90.03619,29.9365],[-90.0366,29.93654]]]},"properties":{"FLD_ZONE":"AE","ZONE_SUBTY":null}},{"type":"Feature","geometry":{"type":"Polygon","coordinates":[[[-89.93547,29.94049],[-89.93518,29.9411],[-89.93483,29.94167],[-89.93547,29.94049]]]},"properties":{"FLD_ZONE":"AE","ZONE_SUBTY":null}},{"type":"Feature","geometry":{"type":"Polygon","coordinates":[[[-90.00289,29.87497],[-90.00357,29.87404],[-90.00355,29.87441],[-90.0023,29.87613],[-90.00289,29.87497]]]},"properties":{"FLD_ZONE":"AE","ZONE_SUBTY":null}},{"type":"Feature","geometry":{"type":"Polygon","coordinates":[[[-89.98584,30.04141],[-89.98546,30.0408],[-89.98517,30.04093],[-89.98624,30.04272],[-89.98506,30.04083],[-89.98592,30.04052],[-89.98556,30.04072],[-89.98646,30.04181],[-89.98695,30.04312],[-89.98584,30.04141]]]},"properties":{"FLD_ZONE":"AE","ZONE_SUBTY":null}},{"type":"Feature","geometry":{"type":"Polygon","coordinates":[[[-89.92019,29.87239],[-89.92014,29.87223],[-89.92034,29.87249],[-89.92019,29.87239]]]},"properties":{"FLD_ZONE":"AE","ZONE_SUBTY":null}},{"type":"Feature","geometry":{"type":"Polygon","coordinates":[[[-89.88449,29.87252],[-89.88473,29.872],[-89.88445,29.87188],[-89.88473,29.87193],[-89.88479,29.87141],[-89.88475,29.87243],[-89.88449,29.87252]]]},"properties":{"FLD_ZONE":"AE","ZONE_SUBTY":null}},{"type":"Feature","geometry":{"type":"Polygon","coordinates":[[[-89.98017,30.02252],[-89.98049,30.0239],[-89.98099,30.0241],[-89.98118,30.02457],[-89.98019,30.02357],[-89.98017,30.02252]]]},"properties":{"FLD_ZONE":"AE","ZONE_SUBTY":null}},{"type":"Feature","geometry":{"type":"Polygon","coordinates":[[[-90.09719,30.02701],[-90.09989,30.02732],[-90.10122,30.02674],[-90.10342,30.02658],[-90.10352,30.0308],[-90.10284,30.03109],[-90.10009,30.03113],[-90.09492,30.03187],[-90.09305,30.03268],[-90.09132,30.03288],[-90.08834,30.03204],[-90.08649,30.0302],[-90.08319,30.03008],[-90.08095,30.03319],[-90.07906,30.03438],[-90.07749,30.03476],[-90.07506,30.03461],[-90.0735,30.03516],[-90.07144,30.03517],[-90.06928,30.03586],[-90.06878,30.03218],[-90.07498,30.03071],[-90.0771,30.0311],[-90.07975,30.02799],[-90.0799,30.02715],[-90.08184,30.02681],[-90.08204,30.02497],[-90.08256,30.02428],[-90.08321,30.0243],[-90.08303,30.02585],[-90.08329,30.02671],[-90.08405,30.02685],[-90.08521,30.02647],[-90.08651,30.02666],[-90.0877,30.02742],[-90.09013,30.02804],[-90.09103,30.02861],[-90.09759,30.028],[-90.09719,30.02701]]]},"properties":{"FLD_ZONE":"VE","ZONE_SUBTY":null}},{"type":"Feature","geometry":{"type":"MultiPolygon","coordinates":[[[[-89.95827,29.97033],[-89.95827,29.96085],[-89.9602,29.96062],[-89.96335,29.96136],[-89.97391,29.96529],[-89.9742,29.96615],[-89.9763,29.96701],[-89.97759,29.96665],[-89.99255,29.97216],[-89.99528,29.97017],[-89.99585,29.97011],[-89.99572,29.9707],[-89.994,29.97222],[-89.99571,29.97074],[-89.99609,29.97267],[-89.99426,29.9721],[-89.99368,29.97244],[-89.9895,29.97634],[-89.98843,29.97796],[-89.98737,29.9785],[-89.98519,29.98285],[-89.98295,29.9862],[-89.98524,29.98693],[-89.98303,29.98623],[-89.98666,29.98041],[-89.98576,29.98219],[-89.98841,29.98391],[-89.98711,29.98784],[-89.9856,29.9872],[-89.98796,29.98847],[-89.9874,29.98851],[-89.98395,29.98682],[-89.98144,29.98724],[-89.98065,29.98783],[-89.97981,29.98978],[-89.97692,29.99196],[-89.97602,29.99331],[-89.97467,29.99436],[-89.97311,29.99464],[-89.97212,29.99447],[-89.97156,29.99391],[-89.9713,29.99231],[-89.97077,29.99167],[-89.9669,29.98966],[-89.96524,29.98952],[-89.96113,29.98598],[-89.95989,29.98553],[-89.95827,29.98634],[-89.95827,29.97092],[-89.95888,29.9704],[-89.95827,29.97074],[-89.95827,29.97033]]],[[[-89.95827,29.96107],[-89.95827,29.96108],[-89.95827,29.9611],[-89.95827,29.96107]]],[[[-89.95827,29.97075],[-89.95828,29.97076],[-89.95827,29.97079],[-89.95827,29.97075]]]]},"properties":{"FLD_ZONE":"AE","ZONE_SUBTY":null}},{"type":"Feature","geometry":{"type":"Polygon","coordinates":[[[-89.95539,29.96097],[-89.95554,29.96073],[-89.95552,29.96095],[-89.95539,29.96097]]]},"properties":{"FLD_ZONE":"AE","ZONE_SUBTY":null}},{"type":"Feature","geometry":{"type":"Polygon","coordinates":[[[-89.9868,29.95426],[-89.98648,29.95412],[-89.98722,29.95273],[-89.98727,29.95317],[-89.98685,29.95345],[-89.98702,29.95426],[-89.9871,29.9537],[-89.9873,29.95388],[-89.98791,29.95294],[-89.98709,29.95437],[-89.9868,29.95426]]]},"properties":{"FLD_ZONE":"AE","ZONE_SUBTY":null}},{"type":"Feature","geometry":{"type":"Polygon","coordinates":[[[-89.95652,29.90945],[-89.9561,29.90997],[-89.9565,29.90933],[-89.95652,29.90945]]]},"properties":{"FLD_ZONE":"AE","ZONE_SUBTY":null}},{"type":"Feature","geometry":{"type":"Polygon","coordinates":[[[-90.05653,29.91574],[-90.0535,29.91191],[-90.0568,29.9159],[-90.05653,29.91574]]]},"properties":{"FLD_ZONE":"AE","ZONE_SUBTY":null}},{"type":"Feature","geometry":{"type":"Polygon","coordinates":[[[-89.99423,29.91201],[-89.99322,29.91257],[-89.99328,29.91117],[-89.99539,29.91112],[-89.99445,29.91151],[-89.99468,29.91166],[-89.99423,29.91201]]]},"properties":{"FLD_ZONE":"AE","ZONE_SUBTY":null}},{"type":"Feature","geometry":{"type":"Polygon","coordinates":[[[-90.11822,29.9771],[-90.11884,29.97665],[-90.11969,29.97659],[-90.11822,29.9771]]]},"properties":{"FLD_ZONE":"AE","ZONE_SUBTY":null}},{"type":"Feature","geometry":{"type":"Polygon","coordinates":[[[-90.13095,29.95839],[-90.1306,29.95838],[-90.13077,29.95823],[-90.13095,29.95839]]]},"properties":{"FLD_ZONE":"AE","ZONE_SUBTY":null}},{"type":"Feature","geometry":{"type":"Polygon","coordinates":[[[-90.10524,29.89841],[-90.10514,29.89438],[-90.10534,29.89604],[-90.10524,29.89841]]]},"properties":{"FLD_ZONE":"AE","ZONE_SUBTY":null}},{"type":"Feature","geometry":{"type":"Polygon","coordinates":[[[-90.02412,30.02607],[-90.02026,30.02722],[-90.02064,30.02699],[-90.02412,30.02607]]]},"properties":{"FLD_ZONE":"AE","ZONE_SUBTY":null}},{"type":"Feature","geometry":{"type":"Polygon","coordinates":[[[-90.05272,29.97899],[-90.05187,29.97909],[-90.05192,29.97997],[-90.05177,29.97909],[-90.05111,29.97905],[-90.05175,29.97898],[-90.05182,29.97856],[-90.05191,29.97897],[-90.05271,29.97875],[-90.05272,29.97899]]]},"properties":{"FLD_ZONE":"AE","ZONE_SUBTY":null}},{"type":"Feature","geometry":{"type":"Polygon","coordinates":[[[-90.01318,30.00134],[-90.01361,30.00301],[-90.01462,30.00376],[-90.01369,30.00354],[-90.01335,30.00308],[-90.01265,30.00112],[-90.01301,30.00089],[-90.01318,30.00134]]]},"properties":{"FLD_ZONE":"AE","ZONE_SUBTY":null}},{"type":"Feature","geometry":{"type":"Polygon","coordinates":[[[-89.99928,29.95042],[-89.99926,29.95084],[-89.9991,29.95123],[-89.99928,29.95042]]]},"properties":{"FLD_ZONE":"AE","ZONE_SUBTY":null}},{"type":"Feature","geometry":{"type":"Polygon","coordinates":[[[-89.96125,29.91003],[-89.96006,29.90988],[-89.96107,29.90975],[-89.96137,29.90982],[-89.96125,29.91003]]]},"properties":{"FLD_ZONE":"AE","ZONE_SUBTY":null}},{"type":"Feature","geometry":{"type":"Polygon","coordinates":[[[-90.04392,29.89885],[-90.04431,29.89881],[-90.04567,29.89982],[-90.04589,29.90034],[-90.04575,29.90214],[-90.04389,29.89985],[-90.04392,29.89885]]]},"properties":{"FLD_ZONE":"AE","ZONE_SUBTY":null}},{"type":"Feature","geometry":{"type":"Polygon","coordinates":[[[-90.11573,29.99034],[-90.11565,29.99106],[-90.11564,29.99028],[-90.11532,29.99018],[-90.11573,29.99034]]]},"properties":{"FLD_ZONE":"AE","ZONE_SUBTY":null}},{"type":"Feature","geometry":{"type":"Polygon","coordinates":[[[-89.97754,30.02841],[-89.97676,30.02744],[-89.97695,30.02746],[-89.97754,30.02841]]]},"properties":{"FLD_ZONE":"AE","ZONE_SUBTY":null}},{"type":"Feature","geometry":{"type":"Polygon","coordinates":[[[-89.98151,30.03285],[-89.98194,30.03356],[-89.98252,30.03338],[-89.98177,30.03372],[-89.98113,30.03268],[-89.98151,30.03285]]]},"properties":{"FLD_ZONE":"AE","ZONE_SUBTY":null}},{"type":"Feature","geometry":{"type":"Polygon","coordinates":[[[-89.92747,30.04001],[-89.92709,30.03985],[-89.92747,30.03983],[-89.92747,30.04001]]]},"properties":{"FLD_ZONE":"AE","ZONE_SUBTY":null}},{"type":"Feature","geometry":{"type":"Polygon","coordinates":[[[-89.91176,29.93113],[-89.91179,29.93094],[-89.91201,29.93102],[-89.91176,29.93113]]]},"properties":{"FLD_ZONE":"AE","ZONE_SUBTY":null}},{"type":"Feature","geometry":{"type":"Polygon","coordinates":[[[-90.00559,29.95776],[-90.00505,29.95755],[-90.00547,29.95767],[-90.00559,29.95776]]]},"properties":{"FLD_ZONE":"AE","ZONE_SUBTY":null}},{"type":"Feature","geometry":{"type":"Polygon","coordinates":[[[-89.99863,29.96324],[-89.99868,29.96288],[-89.99822,29.96258],[-89.99874,29.96274],[-89.99895,29.96244],[-89.99863,29.96324]]]},"properties":{"FLD_ZONE":"AE","ZONE_SUBTY":null}},{"type":"Feature","geometry":{"type":"Polygon","coordinates":[[[-89.93968,29.94393],[-89.93923,29.94378],[-89.93968,29.94387],[-89.93968,29.94393]]]},"properties":{"FLD_ZONE":"AE","ZONE_SUBTY":null}},{"type":"Feature","geometry":{"type":"Polygon","coordinates":[[[-89.91205,29.932],[-89.91184,29.93167],[-89.91226,29.9318],[-89.91205,29.932]]]},"properties":{"FLD_ZONE":"AE","ZONE_SUBTY":null}},{"type":"Feature","geometry":{"type":"Polygon","coordinates":[[[-90.09459,29.98556],[-90.095,29.98597],[-90.09472,29.98665],[-90.09315,29.98796],[-90.09258,29.98786],[-90.09246,29.98731],[-90.09145,29.98764],[-90.09069,29.98719],[-90.09017,29.98725],[-90.09039,29.98705],[-90.08962,29.98649],[-90.09092,29.98599],[-90.09188,29.98608],[-90.09251,29.98641],[-90.09246,29.98713],[-90.09308,29.98744],[-90.09319,29.9871],[-90.09414,29.98679],[-90.09466,29.98609],[-90.09435,29.98571],[-90.09459,29.98556]]]},"properties":{"FLD_ZONE":"AE","ZONE_SUBTY":null}},{"type":"Feature","geometry":{"type":"Polygon","coordinates":[[[-90.09541,29.97419],[-90.0952,29.97411],[-90.09535,29.97406],[-90.09541,29.97419]]]},"properties":{"FLD_ZONE":"AE","ZONE_SUBTY":null}},{"type":"Feature","geometry":{"type":"Polygon","coordinates":[[[-90.08302,29.88016],[-90.08279,29.87919],[-90.0835,29.87946],[-90.08358,29.87918],[-90.08311,29.8786],[-90.08331,29.87833],[-90.08257,29.87836],[-90.08242,29.87759],[-90.08294,29.8777],[-90.08309,29.87743],[-90.08278,29.87744],[-90.08309,29.8773],[-90.08291,29.8766],[-90.08217,29.87663],[-90.08287,29.87641],[-90.0826,29.87544],[-90.08191,29.87546],[-90.08253,29.87498],[-90.08194,29.8733],[-90.08292,29.87467],[-90.08264,29.87483],[-90.08309,29.87569],[-90.08305,29.87638],[-90.08395,29.87624],[-90.084,29.87594],[-90.08455,29.8761],[-90.08451,29.87531],[-90.08473,29.87599],[-90.08506,29.87587],[-90.08481,29.87638],[-90.08526,29.87814],[-90.08566,29.87817],[-90.08541,29.87843],[-90.08558,29.87881],[-90.08747,29.8781],[-90.08775,29.87767],[-90.08761,29.87744],[-90.08582,29.87794],[-90.08631,29.87746],[-90.086,29.876],[-90.08564,29.87599],[-90.08596,29.87583],[-90.08573,29.87459],[-90.08655,29.87763],[-90.08762,29.87723],[-90.08738,29.87606],[-90.08724,29.87631],[-90.08682,29.87598],[-90.08693,29.87557],[-90.08665,29.87539],[-90.08734,29.87572],[-90.08726,29.87445],[-90.0878,29.87744],[-90.08848,29.87798],[-90.08302,29.88016]],[[-90.08404,29.87921],[-90.0845,29.87919],[-90.08458,29.87883],[-90.08496,29.87904],[-90.08518,29.8787],[-90.08462,29.87623],[-90.08309,29.87658],[-90.08376,29.87911],[-90.08404,29.87921]],[[-90.08302,29.87822],[-90.08334,29.87819],[-90.08325,29.87791],[-90.08291,29.8779],[-90.08302,29.87822]]]},"properties":{"FLD_ZONE":"AE","ZONE_SUBTY":null}},{"type":"Feature","geometry":{"type":"Polygon","coordinates":[[[-89.95685,30.00422],[-89.95521,30.00429],[-89.95694,30.00402],[-89.95685,30.00422]]]},"properties":{"FLD_ZONE":"AE","ZONE_SUBTY":null}},{"type":"Feature","geometry":{"type":"Polygon","coordinates":[[[-89.93537,30.01234],[-89.93515,30.01134],[-89.9361,30.01114],[-89.93614,30.01152],[-89.9356,30.01136],[-89.93538,30.01167],[-89.93559,30.01242],[-89.93598,30.0126],[-89.93625,30.01232],[-89.93599,30.01194],[-89.9362,30.01151],[-89.93646,30.01248],[-89.93559,30.01294],[-89.93537,30.01234]]]},"properties":{"FLD_ZONE":"AE","ZONE_SUBTY":null}},{"type":"Feature","geometry":{"type":"Polygon","coordinates":[[[-89.98201,30.00881],[-89.98191,30.00884],[-89.982,30.00869],[-89.98201,30.00881]]]},"properties":{"FLD_ZONE":"AE","ZONE_SUBTY":null}},{"type":"Feature","geometry":{"type":"Polygon","coordinates":[[[-89.99299,30.00196],[-89.99275,30.0018],[-89.99297,30.00175],[-89.99299,30.00196]]]},"properties":{"FLD_ZONE":"AE","ZONE_SUBTY":null}},{"type":"Feature","geometry":{"type":"Polygon","coordinates":[[[-90.04432,30.01244],[-90.04432,30.01283],[-90.04421,30.01272],[-90.04432,30.01244]]]},"properties":{"FLD_ZONE":"AE","ZONE_SUBTY":null}},{"type":"Feature","geometry":{"type":"Polygon","coordinates":[[[-89.95345,29.93592],[-89.95236,29.93798],[-89.95224,29.9381],[-89.95345,29.93592]]]},"properties":{"FLD_ZONE":"AE","ZONE_SUBTY":null}},{"type":"Feature","geometry":{"type":"Polygon","coordinates":[[[-89.97493,29.95424],[-89.97436,29.95375],[-89.9738,29.9538],[-89.97435,29.95326],[-89.97449,29.95355],[-89.97489,29.95346],[-89.97483,29.95393],[-89.97529,29.95356],[-89.97493,29.95424]]]},"properties":{"FLD_ZONE":"AE","ZONE_SUBTY":null}},{"type":"Feature","geometry":{"type":"Polygon","coordinates":[[[-90.01803,29.93872],[-90.01794,29.93902],[-90.01841,29.93921],[-90.01791,29.93952],[-90.01846,29.93951],[-90.01788,29.93975],[-90.01776,29.94106],[-90.01759,29.93949],[-90.01783,29.93858],[-90.01803,29.93872]]]},"properties":{"FLD_ZONE":"AE","ZONE_SUBTY":null}},{"type":"Feature","geometry":{"type":"Polygon","coordinates":[[[-90.07008,29.89184],[-90.07052,29.89289],[-90.07031,29.89266],[-90.07008,29.89184]]]},"properties":{"FLD_ZONE":"AE","ZONE_SUBTY":null}},{"type":"Feature","geometry":{"type":"Polygon","coordinates":[[[-89.8996,29.89415],[-89.89908,29.89285],[-89.90018,29.89428],[-89.90042,29.89504],[-89.9001,29.89529],[-89.8996,29.89415]]]},"properties":{"FLD_ZONE":"AE","ZONE_SUBTY":null}},{"type":"Feature","geometry":{"type":"Polygon","coordinates":[[[-89.86148,29.99321],[-89.85899,29.99162],[-89.85914,29.99062],[-89.86011,29.98952],[-89.86183,29.98975],[-89.86285,29.99142],[-89.86432,29.9923],[-89.86537,29.99162],[-89.86721,29.98948],[-89.86872,29.9924],[-89.87053,29.99272],[-89.87141,29.99227],[-89.87423,29.98819],[-89.87913,29.98634],[-89.8806,29.98626],[-89.88155,29.98671],[-89.88469,29.99095],[-89.88341,29.99098],[-89.88275,29.99137],[-89.88222,29.9937],[-89.87409,29.99334],[-89.87041,29.99395],[-89.86652,29.99525],[-89.86399,29.99477],[-89.86148,29.99321]]]},"properties":{"FLD_ZONE":"VE","ZONE_SUBTY":null}},{"type":"Feature","geometry":{"type":"Polygon","coordinates":[[[-89.96226,30.04675],[-89.96245,30.04686],[-89.96242,30.04656],[-89.96255,30.04695],[-89.96308,30.04689],[-89.96236,30.04734],[-89.96332,30.04849],[-89.96459,30.04765],[-89.96371,30.04655],[-89.96457,30.04601],[-89.96699,30.04888],[-89.96643,30.04949],[-89.96682,30.05002],[-89.96809,30.04937],[-89.9653,30.05105],[-89.9626,30.04795],[-89.96513,30.05116],[-89.96202,30.05323],[-89.96364,30.05208],[-89.9635,30.05187],[-89.96319,30.05155],[-89.96202,30.05227],[-89.96182,30.05298],[-89.95971,30.05047],[-89.96295,30.0487],[-89.96206,30.04761],[-89.96115,30.04729],[-89.96155,30.04738],[-89.96133,30.04715],[-89.95963,30.04768],[-89.96109,30.04689],[-89.96251,30.04792],[-89.96188,30.0466],[-89.9631,30.04553],[-89.96216,30.04638],[-89.96226,30.04675]],[[-89.96623,30.04815],[-89.96546,30.0473],[-89.96339,30.04864],[-89.96535,30.05095],[-89.96671,30.05008],[-89.96626,30.04958],[-89.96543,30.04989],[-89.96463,30.04874],[-89.96541,30.04835],[-89.96632,30.04939],[-89.96687,30.04901],[-89.96623,30.04815]],[[-89.961,30.05112],[-89.96195,30.05217],[-89.96243,30.05187],[-89.96159,30.05085],[-89.96194,30.05033],[-89.96233,30.0503],[-89.96327,30.05138],[-89.96376,30.051],[-89.96236,30.0493],[-89.96052,30.05047],[-89.961,30.05112]],[[-89.96406,30.05003],[-89.9631,30.04884],[-89.96251,30.04922],[-89.96389,30.05092],[-89.96339,30.05149],[-89.96376,30.05198],[-89.96498,30.05117],[-89.96406,30.05003]],[[-89.96425,30.04701],[-89.96474,30.04756],[-89.9654,30.04718],[-89.96455,30.04616],[-89.96392,30.04658],[-89.96425,30.04701]],[[-89.96597,30.04919],[-89.96532,30.04846],[-89.96476,30.04879],[-89.96554,30.0498],[-89.96618,30.0495],[-89.96597,30.04919]],[[-89.96285,30.05108],[-89.96225,30.05041],[-89.96172,30.05068],[-89.96258,30.05179],[-89.96313,30.05146],[-89.96285,30.05108]],[[-89.96094,30.05126],[-89.96036,30.05052],[-89.96048,30.05026],[-89.96002,30.05069],[-89.96162,30.05251],[-89.96175,30.05225],[-89.96094,30.05126]]]},"properties":{"FLD_ZONE":"AE","ZONE_SUBTY":null}},{"type":"Feature","geometry":{"type":"Polygon","coordinates":[[[-90.12645,29.97195],[-90.135,29.9724],[-90.13983,29.97301],[-90.14514,29.97314],[-90.14569,29.97322],[-90.14571,29.97352],[-90.14604,29.97355],[-90.14617,29.97324],[-90.14634,29.97359],[-90.14716,29.9737],[-90.14722,29.97332],[-90.14734,29.97371],[-90.14965,29.97389],[-90.146,29.97375],[-90.14968,29.97423],[-90.14703,29.97432],[-90.14803,29.97482],[-90.14807,29.97526],[-90.14922,29.97528],[-90.14947,29.97563],[-90.14848,29.97564],[-90.1487,29.97589],[-90.15179,29.97595],[-90.15025,29.97627],[-90.14934,29.97703],[-90.14888,29.977],[-90.14905,29.97728],[-90.15032,29.97677],[-90.13657,29.98329],[-90.13628,29.98336],[-90.13608,29.983],[-90.13607,29.98229],[-90.13617,29.98346],[-90.13412,29.98444],[-90.13472,29.98352],[-90.13425,29.98306],[-90.13397,29.98321],[-90.13427,29.98344],[-90.13374,29.98441],[-90.13337,29.98414],[-90.13374,29.98345],[-90.13308,29.98302],[-90.13336,29.98353],[-90.13299,29.98367],[-90.13335,29.98374],[-90.13294,29.98393],[-90.13276,29.98494],[-90.13284,29.98252],[-90.13216,29.98223],[-90.13209,29.98169],[-90.13139,29.98153],[-90.13169,29.97816],[-90.13098,29.97791],[-90.13079,29.97947],[-90.13077,29.97789],[-90.13016,29.97785],[-90.13,29.97869],[-90.12995,29.97787],[-90.1293,29.97777],[-90.12893,29.97986],[-90.12898,29.9778],[-90.12797,29.97771],[-90.12789,29.97817],[-90.12783,29.97769],[-90.12679,29.9776],[-90.12672,29.97651],[-90.12576,29.97612],[-90.12568,29.97371],[-90.12645,29.97195]],[[-90.14731,29.97657],[-90.14651,29.97841],[-90.14803,29.97762],[-90.14802,29.97673],[-90.14731,29.97657]],[[-90.13161,29.98149],[-90.13232,29.98146],[-90.13201,29.98075],[-90.1324,29.97976],[-90.13175,29.97956],[-90.13161,29.98149]],[[-90.1318,29.97946],[-90.13246,29.97939],[-90.13222,29.97884],[-90.13273,29.97857],[-90.1327,29.97794],[-90.13236,29.97776],[-90.13191,29.9779],[-90.1318,29.97946]],[[-90.12884,29.97761],[-90.12878,29.9768],[-90.12905,29.97654],[-90.12852,29.97696],[-90.12864,29.97661],[-90.12805,29.97649],[-90.12797,29.97757],[-90.12884,29.97761]],[[-90.12701,29.97678],[-90.1269,29.97754],[-90.12785,29.97756],[-90.12792,29.97643],[-90.12701,29.97678]],[[-90.13353,29.97715],[-90.1341,29.97691],[-90.13418,29.97633],[-90.13336,29.97655],[-90.13353,29.97715]],[[-90.14828,29.97647],[-90.14877,29.97681],[-90.14893,29.97647],[-90.1501,29.97617],[-90.14903,29.97635],[-90.14884,29.9761],[-90.14828,29.97647]],[[-90.13942,29.97892],[-90.13945,29.9817],[-90.13965,29.97834],[-90.13633,29.97819],[-90.13643,29.97851],[-90.13672,29.97805],[-90.13944,29.97827],[-90.13964,29.97864],[-90.13942,29.97892]],[[-90.13353,29.98273],[-90.13383,29.98303],[-90.13407,29.98259],[-90.13342,29.9827],[-90.13312,29.98255],[-90.13354,29.98217],[-90.1331,29.98221],[-90.13307,29.98277],[-90.13353,29.98273]],[[-90.13103,29.97755],[-90.13134,29.97771],[-90.13175,29.97712],[-90.13113,29.97715],[-90.13103,29.97755]],[[-90.14148,29.97381],[-90.14118,29.97434],[-90.14148,29.97451],[-90.14187,29.97386],[-90.14148,29.97381]],[[-90.14257,29.9766],[-90.14316,29.97648],[-90.14247,29.97605],[-90.14257,29.9766]],[[-90.13057,29.97768],[-90.13079,29.97768],[-90.13076,29.97715],[-90.13014,29.97744],[-90.13057,29.97768]],[[-90.14595,29.97812],[-90.14565,29.97823],[-90.14583,29.97867],[-90.14624,29.97832],[-90.14595,29.97812]],[[-90.14315,29.97587],[-90.14337,29.97607],[-90.14335,29.97553],[-90.14282,29.97534],[-90.14315,29.97587]],[[-90.13745,29.98128],[-90.13792,29.9811],[-90.13778,29.98085],[-90.13743,29.98087],[-90.13745,29.98128]],[[-90.14286,29.97813],[-90.14307,29.97827],[-90.14293,29.97803],[-90.14334,29.97768],[-90.14299,29.97758],[-90.14286,29.97813]],[[-90.13305,29.98104],[-90.1333,29.98157],[-90.13351,29.98112],[-90.13333,29.98087],[-90.13305,29.98104]],[[-90.12609,29.976],[-90.12636,29.97594],[-90.12625,29.97555],[-90.12596,29.97563],[-90.12609,29.976]],[[-90.1296,29.97767],[-90.12987,29.9775],[-90.12937,29.97735],[-90.1293,29.97765],[-90.1296,29.97767]],[[-90.14272,29.9785],[-90.14274,29.97899],[-90.14302,29.97905],[-90.14272,29.9785]],[[-90.13398,29.97778],[-90.13432,29.97745],[-90.13399,29.97741],[-90.13398,29.97778]],[[-90.13477,29.98094],[-90.13457,29.98115],[-90.13491,29.98134],[-90.13477,29.98094]],[[-90.13366,29.98192],[-90.13412,29.98166],[-90.13347,29.98158],[-90.13366,29.98192]],[[-90.14491,29.97781],[-90.1448,29.97817],[-90.1452,29.97842],[-90.14491,29.97781]],[[-90.13624,29.97967],[-90.13609,29.98128],[-90.13612,29.9822],[-90.13624,29.97967]],[[-90.13457,29.97722],[-90.13473,29.97746],[-90.13466,29.97702],[-90.13428,29.97698],[-90.13424,29.97722],[-90.13457,29.97722]],[[-90.14861,29.97707],[-90.14828,29.97727],[-90.14843,29.97748],[-90.14877,29.9773],[-90.14861,29.97707]],[[-90.13645,29.97708],[-90.13666,29.97706],[-90.13663,29.9767],[-90.13645,29.97708]],[[-90.134,29.98142],[-90.13428,29.98142],[-90.13398,29.98109],[-90.13379,29.98138],[-90.134,29.98142]],[[-90.13257,29.98196],[-90.13276,29.98211],[-90.13297,29.98168],[-90.13249,29.98168],[-90.13257,29.98196]],[[-90.13299,29.98011],[-90.13275,29.98037],[-90.13289,29.98087],[-90.13299,29.98011]],[[-90.13695,29.97391],[-90.13703,29.97416],[-90.13733,29.9739],[-90.13695,29.97391]],[[-90.13562,29.98121],[-90.13549,29.9815],[-90.13587,29.98151],[-90.13562,29.98121]],[[-90.1354,29.9779],[-90.1352,29.97814],[-90.13534,29.97836],[-90.1354,29.9779]],[[-90.14392,29.97587],[-90.14406,29.97554],[-90.14398,29.97585],[-90.14372,29.97576],[-90.14392,29.97587]],[[-90.13814,29.97746],[-90.13814,29.97774],[-90.13845,29.97777],[-90.13814,29.97746]],[[-90.13763,29.97995],[-90.13782,29.98028],[-90.13789,29.97999],[-90.13763,29.97995]],[[-90.14631,29.97652],[-90.14647,29.97682],[-90.14661,29.97645],[-90.14631,29.97652]],[[-90.13446,29.98032],[-90.13429,29.98044],[-90.13437,29.98081],[-90.13446,29.98032]],[[-90.13266,29.98114],[-90.13248,29.98149],[-90.13275,29.98151],[-90.13266,29.98114]]]},"properties":{"FLD_ZONE":"AE","ZONE_SUBTY":null}},{"type":"Feature","geometry":{"type":"Polygon","coordinates":[[[-90.11445,29.98928],[-90.11439,29.9899],[-90.11323,29.9896],[-90.11279,29.98978],[-90.11338,29.98948],[-90.11359,29.9897],[-90.11398,29.98917],[-90.11415,29.98932],[-90.11388,29.98932],[-90.11378,29.98974],[-90.11338,29.98974],[-90.11416,29.98985],[-90.11445,29.98928]]]},"properties":{"FLD_ZONE":"AE","ZONE_SUBTY":null}},{"type":"Feature","geometry":{"type":"Polygon","coordinates":[[[-90.10903,30.00555],[-90.10902,30.0056],[-90.10871,30.0055],[-90.10903,30.00555]]]},"properties":{"FLD_ZONE":"AE","ZONE_SUBTY":null}},{"type":"Feature","geometry":{"type":"Polygon","coordinates":[[[-89.94167,30.02284],[-89.94167,30.0221],[-89.94176,30.02249],[-89.94209,30.02248],[-89.94176,30.02255],[-89.94184,30.0234],[-89.94167,30.02284]]]},"properties":{"FLD_ZONE":"AE","ZONE_SUBTY":null}},{"type":"Feature","geometry":{"type":"Polygon","coordinates":[[[-89.92463,30.01372],[-89.92564,30.01335],[-89.9263,30.01341],[-89.92463,30.01372]]]},"properties":{"FLD_ZONE":"AE","ZONE_SUBTY":null}},{"type":"Feature","geometry":{"type":"Polygon","coordinates":[[[-90.02955,29.98949],[-90.02947,29.9899],[-90.02942,29.98972],[-90.02955,29.98949]]]},"properties":{"FLD_ZONE":"AE","ZONE_SUBTY":null}},{"type":"Feature","geometry":{"type":"Polygon","coordinates":[[[-89.99328,30.00914],[-89.99323,30.00879],[-89.99238,30.0088],[-89.99325,30.0087],[-89.99328,30.00914]]]},"properties":{"FLD_ZONE":"AE","ZONE_SUBTY":null}},{"type":"Feature","geometry":{"type":"Polygon","coordinates":[[[-90.00335,29.96259],[-90.00051,29.96128],[-90.00116,29.95987],[-90.00112,29.96017],[-90.0019,29.96002],[-90.00278,29.96062],[-90.00255,29.96081],[-90.00118,29.96028],[-90.00101,29.9608],[-90.00148,29.96079],[-90.00131,29.96133],[-90.00159,29.96144],[-90.00184,29.96102],[-90.00216,29.96131],[-90.00191,29.96142],[-90.00214,29.96149],[-90.00193,29.96146],[-90.00198,29.96187],[-90.00247,29.96203],[-90.00311,29.96117],[-90.00314,29.96144],[-90.00378,29.96157],[-90.00392,29.96136],[-90.00357,29.9612],[-90.00414,29.96117],[-90.00369,29.96227],[-90.00381,29.96277],[-90.00335,29.96259]],[[-90.00335,29.96182],[-90.00345,29.96159],[-90.003,29.96144],[-90.003,29.96177],[-90.00335,29.96182]],[[-90.00325,29.96226],[-90.00343,29.96214],[-90.0031,29.96206],[-90.00325,29.96226]],[[-90.00305,29.96201],[-90.00294,29.96187],[-90.00285,29.96198],[-90.00305,29.96201]],[[-90.0011,29.96142],[-90.00123,29.96138],[-90.00116,29.96122],[-90.0011,29.96142]],[[-90.00349,29.96174],[-90.00369,29.96173],[-90.00352,29.96162],[-90.00349,29.96174]],[[-90.00343,29.96192],[-90.00363,29.96192],[-90.0035,29.96182],[-90.00343,29.96192]]]},"properties":{"FLD_ZONE":"AE","ZONE_SUBTY":null}},{"type":"Feature","geometry":{"type":"Polygon","coordinates":[[[-89.99492,29.9638],[-89.9945,29.96381],[-89.99493,29.96301],[-89.99529,29.96306],[-89.99496,29.96295],[-89.99531,29.9623],[-89.99518,29.96277],[-89.99559,29.96256],[-89.99642,29.96118],[-89.99616,29.96171],[-89.99653,29.9619],[-89.99597,29.96195],[-89.99563,29.96258],[-89.99576,29.9631],[-89.99492,29.9638]]]},"properties":{"FLD_ZONE":"AE","ZONE_SUBTY":null}},{"type":"Feature","geometry":{"type":"Polygon","coordinates":[[[-89.95468,29.9563],[-89.95484,29.95626],[-89.95483,29.95641],[-89.95468,29.9563]]]},"properties":{"FLD_ZONE":"AE","ZONE_SUBTY":null}},{"type":"Feature","geometry":{"type":"Polygon","coordinates":[[[-90.00526,29.90757],[-90.0051,29.90775],[-90.00497,29.90752],[-90.00526,29.90757]]]},"properties":{"FLD_ZONE":"AE","ZONE_SUBTY":null}},{"type":"Feature","geometry":{"type":"Polygon","coordinates":[[[-90.00838,29.89176],[-90.00817,29.89182],[-90.0085,29.89159],[-90.00821,29.89133],[-90.00857,29.89034],[-90.0083,29.89042],[-90.00858,29.89024],[-90.00833,29.8893],[-90.00862,29.88941],[-90.00866,29.88906],[-90.0083,29.88905],[-90.00866,29.88893],[-90.00838,29.88874],[-90.00878,29.88884],[-90.00838,29.89176]]]},"properties":{"FLD_ZONE":"AE","ZONE_SUBTY":null}},{"type":"Feature","geometry":{"type":"Polygon","coordinates":[[[-89.89621,29.88302],[-89.89631,29.88303],[-89.8963,29.88347],[-89.89621,29.88302]]]},"properties":{"FLD_ZONE":"AE","ZONE_SUBTY":null}},{"type":"Feature","geometry":{"type":"Polygon","coordinates":[[[-90.12148,30.02147],[-90.12095,30.02143],[-90.12392,29.98705],[-90.12414,29.98702],[-90.12398,29.98627],[-90.12497,29.97818],[-90.12509,29.97627],[-90.12479,29.97588],[-90.12535,29.97597],[-90.12517,29.97372],[-90.12495,29.97386],[-90.12636,29.97137],[-90.12538,29.97413],[-90.12563,29.97625],[-90.12466,29.98567],[-90.1249,29.98668],[-90.1242,29.98677],[-90.12481,29.98693],[-90.12148,30.02147]]]},"properties":{"FLD_ZONE":"AE","ZONE_SUBTY":null}},{"type":"Feature","geometry":{"type":"Polygon","coordinates":[[[-90.10656,29.96413],[-90.10687,29.96368],[-90.10686,29.96388],[-90.10656,29.96413]]]},"properties":{"FLD_ZONE":"AE","ZONE_SUBTY":null}},{"type":"Feature","geometry":{"type":"Polygon","coordinates":[[[-90.11801,29.96717],[-90.11838,29.96683],[-90.11841,29.96698],[-90.11801,29.96717]]]},"properties":{"FLD_ZONE":"AE","ZONE_SUBTY":null}},{"type":"Feature","geometry":{"type":"Polygon","coordinates":[[[-89.94806,30.03919],[-89.94806,30.03865],[-89.94695,30.03766],[-89.94724,30.03739],[-89.94692,30.03657],[-89.94637,30.03664],[-89.9464,30.03636],[-89.94752,30.03698],[-89.94902,30.03894],[-89.94865,30.03895],[-89.94864,30.03931],[-89.94806,30.03919]],[[-89.94846,30.03824],[-89.94806,30.03806],[-89.94823,30.03835],[-89.94846,30.03824]],[[-89.94764,30.03724],[-89.94744,30.0371],[-89.94754,30.03734],[-89.94764,30.03724]]]},"properties":{"FLD_ZONE":"AE","ZONE_SUBTY":null}},{"type":"Feature","geometry":{"type":"Polygon","coordinates":[[[-89.96474,30.01161],[-89.96468,30.01178],[-89.96463,30.01156],[-89.96474,30.01161]]]},"properties":{"FLD_ZONE":"AE","ZONE_SUBTY":null}},{"type":"Feature","geometry":{"type":"Polygon","coordinates":[[[-90.0186,30.03256],[-90.01856,30.03299],[-90.01812,30.03194],[-90.01772,30.03214],[-90.01813,30.03339],[-90.01761,30.03245],[-90.01736,30.03252],[-90.01751,30.0322],[-90.017,30.03257],[-90.01723,30.03348],[-90.01689,30.03269],[-90.01632,30.0331],[-90.0165,30.0336],[-90.01612,30.03314],[-90.01436,30.03371],[-90.01457,30.03432],[-90.01414,30.03378],[-90.01261,30.03421],[-90.01265,30.03447],[-90.0117,30.03431],[-90.01171,30.0346],[-90.01134,30.03417],[-90.01244,30.03421],[-90.01409,30.03362],[-90.01386,30.03306],[-90.01203,30.03361],[-90.01086,30.03331],[-90.00974,30.03089],[-90.00936,30.03092],[-90.01661,30.02854],[-90.01761,30.03188],[-90.018,30.03185],[-90.01698,30.02867],[-90.01725,30.02894],[-90.02044,30.02769],[-90.02079,30.02794],[-90.0209,30.0288],[-90.02167,30.02886],[-90.02168,30.02826],[-90.02112,30.02844],[-90.02159,30.02818],[-90.02151,30.02765],[-90.0219,30.02844],[-90.02253,30.0283],[-90.02198,30.02854],[-90.02212,30.02889],[-90.02232,30.02845],[-90.02272,30.0285],[-90.02281,30.02877],[-90.02223,30.02915],[-90.02306,30.02893],[-90.02251,30.02686],[-90.02325,30.02883],[-90.02356,30.02881],[-90.02297,30.02675],[-90.02413,30.02993],[-90.02492,30.02996],[-90.02424,30.03016],[-90.02465,30.03141],[-90.02399,30.03022],[-90.02332,30.03043],[-90.02366,30.03169],[-90.02314,30.03045],[-90.02238,30.0307],[-90.02281,30.03194],[-90.02218,30.03073],[-90.02149,30.03095],[-90.02194,30.0322],[-90.02138,30.03096],[-90.02065,30.03122],[-90.02104,30.03243],[-90.02048,30.03124],[-90.01977,30.03148],[-90.02016,30.03269],[-90.0196,30.03151],[-90.01888,30.03175],[-90.01928,30.03296],[-90.01873,30.03179],[-90.01828,30.0319],[-90.0186,30.03256]],[[-90.01815,30.0295],[-90.01813,30.02927],[-90.01831,30.02962],[-90.0186,30.02928],[-90.01943,30.02931],[-90.0193,30.02968],[-90.01966,30.02975],[-90.02031,30.03112],[-90.02061,30.03102],[-90.02036,30.03078],[-90.02087,30.03097],[-90.02095,30.03061],[-90.02123,30.03056],[-90.02115,30.03088],[-90.02402,30.03001],[-90.02383,30.02954],[-90.02021,30.03055],[-90.0199,30.02986],[-90.02205,30.02905],[-90.02154,30.02894],[-90.01979,30.02964],[-90.01962,30.02944],[-90.01993,30.02925],[-90.01956,30.02919],[-90.01951,30.0284],[-90.01913,30.02827],[-90.01874,30.02845],[-90.01876,30.02874],[-90.01762,30.02872],[-90.01766,30.02932],[-90.01807,30.02891],[-90.0182,30.02924],[-90.01767,30.02952],[-90.01815,30.0295]],[[-90.01593,30.0297],[-90.01609,30.03008],[-90.01673,30.02985],[-90.0163,30.0287],[-90.01264,30.0299],[-90.01295,30.03047],[-90.01576,30.02948],[-90.01593,30.0297]],[[-90.01589,30.031],[-90.01698,30.03057],[-90.01674,30.02999],[-90.01342,30.03162],[-90.01369,30.03216],[-90.01527,30.03165],[-90.01589,30.031]],[[-90.01748,30.0319],[-90.0173,30.03141],[-90.01704,30.03146],[-90.01598,30.03234],[-90.01404,30.03297],[-90.01409,30.0332],[-90.01432,30.03354],[-90.0162,30.03295],[-90.01748,30.0319]],[[-90.01616,30.03198],[-90.01722,30.03126],[-90.01699,30.0307],[-90.01373,30.0323],[-90.01399,30.03285],[-90.01616,30.03198]],[[-90.01206,30.03349],[-90.0138,30.03293],[-90.01356,30.03237],[-90.01207,30.03282],[-90.01057,30.03248],[-90.01086,30.0331],[-90.01206,30.03349]],[[-90.01331,30.03181],[-90.0103,30.0319],[-90.0105,30.03236],[-90.012,30.0327],[-90.01345,30.03223],[-90.01331,30.03181]],[[-90.012,30.03074],[-90.01274,30.03051],[-90.01247,30.02992],[-90.00982,30.03084],[-90.01011,30.03142],[-90.012,30.03074]],[[-90.0238,30.02939],[-90.02362,30.02891],[-90.02103,30.02965],[-90.02123,30.03017],[-90.0238,30.02939]],[[-90.01226,30.03163],[-90.01195,30.03092],[-90.01014,30.03154],[-90.01026,30.03179],[-90.01095,30.03162],[-90.01201,30.03192],[-90.01236,30.03183],[-90.01226,30.03163]],[[-90.01454,30.03013],[-90.01378,30.03031],[-90.01418,30.03121],[-90.01489,30.0309],[-90.01454,30.03013]],[[-90.01334,30.03145],[-90.01405,30.03124],[-90.01365,30.03034],[-90.01297,30.03058],[-90.01334,30.03145]],[[-90.0158,30.02972],[-90.01461,30.03001],[-90.01491,30.03073],[-90.01594,30.03013],[-90.0158,30.02972]],[[-90.01242,30.03163],[-90.01319,30.03154],[-90.01278,30.03063],[-90.01211,30.03089],[-90.01242,30.03163]],[[-90.02003,30.02838],[-90.02078,30.02832],[-90.02041,30.02794],[-90.01981,30.0281],[-90.0198,30.02869],[-90.02008,30.02863],[-90.02021,30.029],[-90.02001,30.0293],[-90.02043,30.02892],[-90.02003,30.02838]],[[-90.02025,30.03045],[-90.02111,30.0302],[-90.02092,30.02968],[-90.02005,30.02992],[-90.02025,30.03045]],[[-90.01946,30.03041],[-90.01845,30.03042],[-90.01956,30.03063],[-90.01946,30.03041]],[[-90.02058,30.02851],[-90.02047,30.02891],[-90.02074,30.02882],[-90.02058,30.02851]],[[-90.01831,30.03011],[-90.01858,30.03004],[-90.01832,30.02979],[-90.01831,30.03011]],[[-90.01794,30.03001],[-90.01766,30.02968],[-90.01781,30.03014],[-90.01794,30.03001]],[[-90.01924,30.03078],[-90.01941,30.03056],[-90.01876,30.03083],[-90.01924,30.03078]],[[-90.01826,30.02873],[-90.01867,30.02857],[-90.01822,30.02859],[-90.01826,30.02873]],[[-90.0204,30.0294],[-90.02011,30.02938],[-90.02018,30.02948],[-90.0204,30.0294]],[[-90.01958,30.03014],[-90.01935,30.03008],[-90.01941,30.03019],[-90.01958,30.03014]],[[-90.01925,30.02829],[-90.01959,30.02822],[-90.01925,30.02822],[-90.01925,30.02829]],[[-90.01739,30.02924],[-90.01731,30.02921],[-90.01747,30.02953],[-90.01739,30.02924]]]},"properties":{"FLD_ZONE":"AE","ZONE_SUBTY":null}},{"type":"Feature","geometry":{"type":"Polygon","coordinates":[[[-90.01276,30.02605],[-90.01228,30.02584],[-90.01344,30.02481],[-90.01348,30.02549],[-90.01408,30.02648],[-90.01276,30.02605]]]},"properties":{"FLD_ZONE":"AE","ZONE_SUBTY":null}},{"type":"Feature","geometry":{"type":"Polygon","coordinates":[[[-89.98617,30.02525],[-89.98612,30.02536],[-89.98592,30.02495],[-89.98617,30.02525]]]},"properties":{"FLD_ZONE":"AE","ZONE_SUBTY":null}},{"type":"Feature","geometry":{"type":"Polygon","coordinates":[[[-89.97642,30.0315],[-89.97602,30.03148],[-89.97649,30.03119],[-89.97642,30.0315]]]},"properties":{"FLD_ZONE":"AE","ZONE_SUBTY":null}},{"type":"Feature","geometry":{"type":"Polygon","coordinates":[[[-89.96162,29.91633],[-89.96191,29.91657],[-89.96115,29.91714],[-89.96142,29.91684],[-89.96072,29.91684],[-89.95982,29.91759],[-89.96003,29.91732],[-89.95981,29.91714],[-89.95906,29.91792],[-89.95935,29.91731],[-89.95848,29.91786],[-89.95842,29.91755],[-89.95847,29.91802],[-89.95817,29.91781],[-89.95723,29.91823],[-89.95729,29.91804],[-89.95644,29.918],[-89.95509,29.9186],[-89.95588,29.91813],[-89.95499,29.91856],[-89.95551,29.91815],[-89.95513,29.91817],[-89.9554,29.91795],[-89.9546,29.91822],[-89.96232,29.91173],[-89.96345,29.9122],[-89.96749,29.91251],[-89.96999,29.91066],[-89.97599,29.91126],[-89.97325,29.91329],[-89.97224,29.91346],[-89.97277,29.91279],[-89.97072,29.91416],[-89.97117,29.91366],[-89.97047,29.91353],[-89.96982,29.91452],[-89.96759,29.91556],[-89.96766,29.91524],[-89.96712,29.91476],[-89.96662,29.91484],[-89.96629,29.91434],[-89.96575,29.9142],[-89.96602,29.9142],[-89.96599,29.91385],[-89.96572,29.91417],[-89.96556,29.91399],[-89.96654,29.91321],[-89.96296,29.91581],[-89.96275,29.91568],[-89.96199,29.91651],[-89.96162,29.91633]],[[-89.9633,29.91378],[-89.96256,29.91456],[-89.96314,29.9141],[-89.9633,29.91378]],[[-89.95584,29.91792],[-89.95554,29.9178],[-89.95539,29.91803],[-89.95584,29.91792]],[[-89.9628,29.91544],[-89.96279,29.91511],[-89.96257,29.91537],[-89.9628,29.91544]],[[-89.96448,29.91424],[-89.96418,29.91444],[-89.96445,29.91449],[-89.96448,29.91424]],[[-89.9732,29.91302],[-89.97342,29.91305],[-89.97309,29.91279],[-89.9732,29.91302]],[[-89.96027,29.91701],[-89.95997,29.91721],[-89.96003,29.91729],[-89.96027,29.91701]],[[-89.95703,29.9175],[-89.95686,29.91764],[-89.95713,29.91772],[-89.95703,29.9175]],[[-89.95973,29.91701],[-89.95969,29.91686],[-89.95961,29.91701],[-89.95973,29.91701]],[[-89.96948,29.9117],[-89.96966,29.91175],[-89.9697,29.91165],[-89.96948,29.9117]],[[-89.95611,29.91692],[-89.95631,29.91682],[-89.95645,29.91667],[-89.95611,29.91692]]]},"properties":{"FLD_ZONE":"AE","ZONE_SUBTY":null}},{"type":"Feature","geometry":{"type":"Polygon","coordinates":[[[-89.91917,29.90075],[-89.91945,29.90054],[-89.91925,29.90075],[-89.91917,29.90075]]]},"properties":{"FLD_ZONE":"AE","ZONE_SUBTY":null}},{"type":"Feature","geometry":{"type":"Polygon","coordinates":[[[-89.99314,29.96278],[-89.99173,29.96214],[-89.99249,29.96244],[-89.99281,29.96201],[-89.99261,29.9625],[-89.99314,29.96278]]]},"properties":{"FLD_ZONE":"AE","ZONE_SUBTY":null}},{"type":"Feature","geometry":{"type":"Polygon","coordinates":[[[-89.92368,29.89145],[-89.9237,29.89129],[-89.92389,29.89143],[-89.92368,29.89145]]]},"properties":{"FLD_ZONE":"AE","ZONE_SUBTY":null}},{"type":"Feature","geometry":{"type":"MultiPolygon","coordinates":[[[[-89.91968,29.87999],[-89.92025,29.88019],[-89.91955,29.87894],[-89.92007,29.87963],[-89.92041,29.87955],[-89.9202,29.87962],[-89.92031,29.87938],[-89.91926,29.87786],[-89.92053,29.87959],[-89.92021,29.87873],[-89.92085,29.87918],[-89.92007,29.8778],[-89.91969,29.87771],[-89.91981,29.87802],[-89.91938,29.87783],[-89.91954,29.8776],[-89.9183,29.87856],[-89.91812,29.87837],[-89.9171,29.87878],[-89.91725,29.87908],[-89.91692,29.87883],[-89.91613,29.87933],[-89.91613,29.87884],[-89.91683,29.87853],[-89.91654,29.87806],[-89.91683,29.87819],[-89.91767,29.87771],[-89.91721,29.87738],[-89.91733,29.87769],[-89.91647,29.87752],[-89.91632,29.87776],[-89.91648,29.87731],[-89.91718,29.8773],[-89.91763,29.8768],[-89.91808,29.87695],[-89.91792,29.87731],[-89.91836,29.87763],[-89.91837,29.87737],[-89.91883,29.87733],[-89.91852,29.87684],[-89.91895,29.87737],[-89.91916,29.87711],[-89.91883,29.8768],[-89.9194,29.87682],[-89.91961,29.87714],[-89.9195,29.87681],[-89.92016,29.87681],[-89.91993,29.87676],[-89.92016,29.87666],[-89.91997,29.87622],[-89.91944,29.87675],[-89.91863,29.87673],[-89.91819,29.87628],[-89.9179,29.87664],[-89.91746,29.87634],[-89.91802,29.87619],[-89.91791,29.87598],[-89.91841,29.87617],[-89.91832,29.87591],[-89.91891,29.87615],[-89.91878,29.87556],[-89.91894,29.87599],[-89.91928,29.87595],[-89.9189,29.87534],[-89.91951,29.87561],[-89.91937,29.87527],[-89.91974,29.87542],[-89.91953,29.87524],[-89.91661,29.87524],[-89.91613,29.8775],[-89.9166,29.87564],[-89.91623,29.87521],[-89.91926,29.87519],[-89.91613,29.87518],[-89.91613,29.87446],[-89.91724,29.87451],[-89.91683,29.87395],[-89.91765,29.87457],[-89.91792,29.87442],[-89.91741,29.87392],[-89.91902,29.87399],[-89.91891,29.87363],[-89.91613,29.87346],[-89.91691,29.8731],[-89.9168,29.87286],[-89.91652,29.87291],[-89.91666,29.87317],[-89.91615,29.87287],[-89.91614,29.87246],[-89.91779,29.87255],[-89.91736,29.87189],[-89.918,29.87255],[-89.92032,29.87301],[-89.92078,29.87276],[-89.92105,29.87294],[-89.9206,29.87221],[-89.92599,29.87968],[-89.92241,29.87968],[-89.9215,29.88002],[-89.92087,29.8807],[-89.92095,29.88035],[-89.91821,29.8836],[-89.91761,29.88357],[-89.91783,29.88405],[-89.91664,29.88391],[-89.91659,29.88412],[-89.91757,29.88438],[-89.91695,29.88436],[-89.91715,29.88467],[-89.91689,29.88457],[-89.91709,29.88477],[-89.91647,29.88512],[-89.91625,29.88571],[-89.91613,29.88279],[-89.91648,29.88279],[-89.91613,29.88273],[-89.91613,29.88228],[-89.91643,29.88228],[-89.9162,29.88201],[-89.91655,29.88215],[-89.91613,29.88195],[-89.91633,29.88167],[-89.91613,29.88137],[-89.91745,29.88159],[-89.91777,29.88132],[-89.91758,29.88102],[-89.91788,29.88138],[-89.91786,29.88096],[-89.91819,29.88119],[-89.91793,29.88072],[-89.9182,29.88102],[-89.91845,29.88085],[-89.91815,29.88038],[-89.9185,29.8808],[-89.91877,29.88065],[-89.91842,29.88017],[-89.91882,29.88061],[-89.91932,29.88013],[-89.91951,29.88032],[-89.91838,29.87867],[-89.91976,29.88058],[-89.92001,29.88042],[-89.91968,29.87999]]],[[[-89.92346,29.87792],[-89.92388,29.87767],[-89.9237,29.87709],[-89.92456,29.87798],[-89.9232,29.87601],[-89.92299,29.87606],[-89.92369,29.87707],[-89.92299,29.87629],[-89.9222,29.87691],[-89.92158,29.87667],[-89.92312,29.87842],[-89.92279,29.8779],[-89.92346,29.87792]]],[[[-89.92086,29.8785],[-89.92125,29.8788],[-89.92073,29.87814],[-89.92148,29.87865],[-89.9209,29.87792],[-89.92147,29.87855],[-89.92122,29.87796],[-89.92176,29.87846],[-89.92053,29.87725],[-89.9207,29.87769],[-89.92042,29.87741],[-89.92007,29.87772],[-89.92086,29.8785]]],[[[-89.92114,29.87457],[-89.92049,29.87451],[-89.92042,29.8751],[-89.9199,29.87519],[-89.92043,29.87537],[-89.92029,29.87689],[-89.9212,29.87632],[-89.92052,29.87665],[-89.92045,29.87597],[-89.92049,29.87547],[-89.9208,29.87532],[-89.92055,29.87533],[-89.92054,29.87459],[-89.92114,29.87457]]],[[[-89.92259,29.87792],[-89.92167,29.87686],[-89.92227,29.87801],[-89.92279,29.87857],[-89.92307,29.87844],[-89.92259,29.87792]]],[[[-89.92101,29.87727],[-89.92182,29.87844],[-89.92182,29.87809],[-89.92101,29.87727]]],[[[-89.92115,29.87718],[-89.9219,29.87804],[-89.92186,29.87755],[-89.92115,29.87718]]],[[[-89.91798,29.87812],[-89.91702,29.87821],[-89.91715,29.8784],[-89.91798,29.87812]]],[[[-89.9169,29.88161],[-89.9163,29.88147],[-89.91663,29.88201],[-89.9169,29.88161]]],[[[-89.91931,29.87643],[-89.91842,29.87645],[-89.91898,29.87668],[-89.91931,29.87643]]],[[[-89.91746,29.87346],[-89.91746,29.87306],[-89.91713,29.87303],[-89.91704,29.87338],[-89.91746,29.87346]]],[[[-89.91765,29.88348],[-89.91791,29.88336],[-89.91723,29.88314],[-89.91765,29.88348]]],[[[-89.917,29.88354],[-89.91663,29.8834],[-89.91655,29.88369],[-89.91697,29.88377],[-89.917,29.88354]]],[[[-89.91895,29.87341],[-89.92006,29.87349],[-89.91938,29.87322],[-89.91895,29.87341]]],[[[-89.91781,29.87769],[-89.91812,29.87767],[-89.91788,29.87731],[-89.91752,29.87738],[-89.91781,29.87769]]],[[[-89.91691,29.88203],[-89.91714,29.88209],[-89.91724,29.88172],[-89.91697,29.88167],[-89.91691,29.88203]]],[[[-89.91633,29.87495],[-89.91663,29.87499],[-89.91662,29.87469],[-89.91633,29.87495]]],[[[-89.9183,29.87488],[-89.91801,29.87468],[-89.91802,29.875],[-89.9183,29.87488]]],[[[-89.91988,29.875],[-89.91996,29.87472],[-89.91962,29.8747],[-89.91988,29.875]]],[[[-89.92222,29.87801],[-89.92197,29.878],[-89.92234,29.87843],[-89.92222,29.87801]]],[[[-89.92293,29.87596],[-89.92315,29.87592],[-89.92266,29.87536],[-89.92293,29.87596]]],[[[-89.92005,29.87391],[-89.91959,29.87405],[-89.9202,29.87405],[-89.91994,29.87361],[-89.92005,29.87391]]],[[[-89.92038,29.87536],[-89.91997,29.87525],[-89.92036,29.87593],[-89.92038,29.87536]]],[[[-89.92161,29.87974],[-89.92103,29.8803],[-89.92167,29.87986],[-89.92161,29.87974]]],[[[-89.9186,29.8779],[-89.91846,29.8777],[-89.91821,29.87792],[-89.9186,29.8779]]],[[[-89.91813,29.88197],[-89.91778,29.88186],[-89.91782,29.88203],[-89.91813,29.88197]]],[[[-89.92036,29.87404],[-89.92046,29.87423],[-89.9208,29.87412],[-89.92036,29.87404]]],[[[-89.91697,29.87844],[-89.91699,29.87824],[-89.91672,29.87824],[-89.91697,29.87844]]],[[[-89.92211,29.87458],[-89.92213,29.87451],[-89.92119,29.87451],[-89.92211,29.87458]]],[[[-89.92313,29.87852],[-89.92242,29.87871],[-89.92298,29.87869],[-89.92313,29.87852]]],[[[-89.92013,29.87719],[-89.91958,29.87741],[-89.91959,29.87757],[-89.92013,29.87719]]],[[[-89.91661,29.88482],[-89.91674,29.88459],[-89.91619,29.88526],[-89.91661,29.88482]]],[[[-89.91807,29.87794],[-89.91792,29.87798],[-89.91806,29.87814],[-89.91807,29.87794]]],[[[-89.92215,29.87615],[-89.92246,29.87604],[-89.92193,29.87605],[-89.92215,29.87615]]],[[[-89.92149,29.87618],[-89.9212,29.87622],[-89.9214,29.87635],[-89.92149,29.87618]]],[[[-89.91959,29.88066],[-89.91954,29.88034],[-89.91938,29.88061],[-89.91959,29.88066]]],[[[-89.92272,29.87583],[-89.92261,29.876],[-89.92292,29.876],[-89.92272,29.87583]]],[[[-89.91854,29.88203],[-89.9182,29.88181],[-89.91846,29.88207],[-89.91854,29.88203]]],[[[-89.91841,29.88235],[-89.91823,29.88223],[-89.91817,29.88245],[-89.91841,29.88235]]],[[[-89.91828,29.8732],[-89.91827,29.87341],[-89.91848,29.87346],[-89.91828,29.8732]]],[[[-89.91829,29.87506],[-89.91805,29.87504],[-89.91802,29.87511],[-89.91829,29.87506]]],[[[-89.91709,29.88262],[-89.91739,29.88263],[-89.9169,29.88254],[-89.91709,29.88262]]],[[[-89.91749,29.88362],[-89.91725,29.88375],[-89.91745,29.8838],[-89.91749,29.88362]]],[[[-89.91934,29.87697],[-89.91913,29.87701],[-89.91941,29.87714],[-89.91934,29.87697]]],[[[-89.91896,29.87765],[-89.91874,29.87781],[-89.91895,29.87779],[-89.91896,29.87765]]],[[[-89.91949,29.8758],[-89.91972,29.87583],[-89.91959,29.87565],[-89.91949,29.8758]]],[[[-89.9187,29.88278],[-89.91856,29.88296],[-89.91866,29.88298],[-89.9187,29.88278]]],[[[-89.91982,29.87511],[-89.91995,29.87505],[-89.91972,29.87503],[-89.91982,29.87511]]],[[[-89.91775,29.87329],[-89.91788,29.87334],[-89.91777,29.87316],[-89.91775,29.87329]]],[[[-89.91699,29.87501],[-89.917,29.87508],[-89.91724,29.87508],[-89.91699,29.87501]]],[[[-89.91984,29.87547],[-89.92,29.87542],[-89.91976,29.8754],[-89.91984,29.87547]]],[[[-89.91732,29.8751],[-89.91757,29.87506],[-89.91743,29.87499],[-89.91732,29.8751]]],[[[-89.92158,29.87615],[-89.92188,29.87608],[-89.92161,29.87611],[-89.92158,29.87615]]],[[[-89.91912,29.87639],[-89.91919,29.87639],[-89.91902,29.87621],[-89.91912,29.87639]]],[[[-89.91613,29.87521],[-89.91618,29.87523],[-89.91613,29.87525],[-89.91613,29.87521]]],[[[-89.91613,29.87663],[-89.91613,29.87664],[-89.91613,29.87664],[-89.91613,29.87663]]],[[[-89.91613,29.87668],[-89.91614,29.87669],[-89.91613,29.87672],[-89.91613,29.87668]]],[[[-89.91613,29.88572],[-89.91614,29.88574],[-89.91613,29.88575],[-89.91613,29.88572]]],[[[-89.91613,29.88599],[-89.9162,29.88603],[-89.91613,29.88603],[-89.91613,29.88599]]],[[[-89.91613,29.87958],[-89.91648,29.87993],[-89.91738,29.88138],[-89.91613,29.87958]]],[[[-89.91613,29.88126],[-89.91637,29.8813],[-89.91635,29.88134],[-89.91613,29.88126]]],[[[-89.91613,29.87755],[-89.91613,29.87756],[-89.91613,29.87757],[-89.91613,29.87755]]]]},"properties":{"FLD_ZONE":"AE","ZONE_SUBTY":null}},{"type":"Feature","geometry":{"type":"Polygon","coordinates":[[[-90.04333,29.8948],[-90.04177,29.89373],[-90.04222,29.89364],[-90.04222,29.8929],[-90.03991,29.89135],[-90.03954,29.89152],[-90.03883,29.89119],[-90.03878,29.89141],[-90.04014,29.89252],[-90.03873,29.89145],[-90.03951,29.87881],[-90.04028,29.87866],[-90.04241,29.87699],[-90.04277,29.87704],[-90.04247,29.87754],[-90.043,29.87796],[-90.04292,29.87823],[-90.04323,29.87821],[-90.04321,29.87689],[-90.04362,29.88149],[-90.04349,29.881],[-90.04321,29.88103],[-90.04343,29.88349],[-90.04373,29.88394],[-90.0438,29.88266],[-90.04426,29.887],[-90.04393,29.89116],[-90.04353,29.89149],[-90.04393,29.89159],[-90.04392,29.89186],[-90.0435,29.89169],[-90.04362,29.89206],[-90.04323,29.89213],[-90.04352,29.89247],[-90.04333,29.8948]],[[-90.04249,29.89206],[-90.04253,29.89147],[-90.04184,29.8915],[-90.04183,29.89202],[-90.04015,29.89113],[-90.04173,29.89253],[-90.04237,29.89272],[-90.04235,29.89241],[-90.04326,29.89169],[-90.04313,29.89097],[-90.04284,29.89202],[-90.04249,29.89206]],[[-90.04301,29.89457],[-90.04324,29.89264],[-90.04296,29.89226],[-90.04212,29.8939],[-90.04301,29.89457]],[[-90.04061,29.88033],[-90.04144,29.87999],[-90.04055,29.87979],[-90.04189,29.87941],[-90.04116,29.8793],[-90.04107,29.87895],[-90.04083,29.87925],[-90.0402,29.87913],[-90.04049,29.8798],[-90.04026,29.88021],[-90.04061,29.88033]],[[-90.04017,29.89022],[-90.04088,29.88975],[-90.04072,29.88938],[-90.04004,29.88976],[-90.04017,29.89022]],[[-90.04298,29.88218],[-90.04266,29.88217],[-90.04299,29.88336],[-90.04298,29.88218]],[[-90.04136,29.88335],[-90.04178,29.8829],[-90.04102,29.88288],[-90.04136,29.88335]],[[-90.03972,29.88924],[-90.04016,29.88892],[-90.04007,29.88865],[-90.03963,29.88864],[-90.03972,29.88924]],[[-90.04244,29.88316],[-90.04213,29.8834],[-90.04261,29.88363],[-90.0427,29.88326],[-90.04244,29.88316]],[[-90.0411,29.88662],[-90.04142,29.88661],[-90.04135,29.88632],[-90.04067,29.8858],[-90.04126,29.88631],[-90.0411,29.88662]],[[-90.04239,29.88847],[-90.04188,29.88822],[-90.04199,29.8886],[-90.04239,29.88847]],[[-90.04177,29.88031],[-90.04205,29.88054],[-90.04223,29.88024],[-90.042,29.88003],[-90.04177,29.88031]],[[-90.04009,29.88495],[-90.03998,29.88527],[-90.04039,29.88526],[-90.04038,29.88491],[-90.04009,29.88495]],[[-90.04206,29.88634],[-90.04175,29.8867],[-90.04228,29.88661],[-90.04206,29.88634]],[[-90.04134,29.88586],[-90.04158,29.88616],[-90.0418,29.8859],[-90.04142,29.88563],[-90.04134,29.88586]],[[-90.04317,29.87896],[-90.04303,29.87922],[-90.04331,29.87959],[-90.04317,29.87896]],[[-90.0389,29.89121],[-90.0393,29.89094],[-90.03893,29.89088],[-90.0389,29.89121]],[[-90.04147,29.88133],[-90.04137,29.88206],[-90.04148,29.88216],[-90.04147,29.88133]],[[-90.03955,29.88201],[-90.03968,29.88252],[-90.03977,29.88212],[-90.03955,29.88201]],[[-90.04272,29.88146],[-90.04292,29.88195],[-90.04291,29.88151],[-90.04272,29.88146]],[[-90.04154,29.88793],[-90.04142,29.88812],[-90.04172,29.88828],[-90.04184,29.88805],[-90.04154,29.88793]],[[-90.04166,29.88975],[-90.04193,29.88978],[-90.04183,29.88953],[-90.04158,29.88951],[-90.04166,29.88975]],[[-90.04307,29.87851],[-90.04301,29.87875],[-90.04333,29.87874],[-90.04307,29.87851]],[[-90.03952,29.89042],[-90.03957,29.89082],[-90.03978,29.8906],[-90.03952,29.89042]]]},"properties":{"FLD_ZONE":"AE","ZONE_SUBTY":null}},{"type":"Feature","geometry":{"type":"Polygon","coordinates":[[[-89.94828,30.04785],[-89.94845,30.04812],[-89.94749,30.04866],[-89.94728,30.04837],[-89.94828,30.04785]]]},"properties":{"FLD_ZONE":"AE","ZONE_SUBTY":null}},{"type":"Feature","geometry":{"type":"Polygon","coordinates":[[[-89.92927,30.05646],[-89.92943,30.05601],[-89.9299,30.05616],[-89.93026,30.05585],[-89.93031,30.05609],[-89.93046,30.0554],[-89.92931,30.0557],[-89.92953,30.05552],[-89.92906,30.05526],[-89.92959,30.05516],[-89.92923,30.05496],[-89.92951,30.05485],[-89.92919,30.0545],[-89.9294,30.05378],[-89.92897,30.05351],[-89.92913,30.05378],[-89.92893,30.05373],[-89.92881,30.05315],[-89.92837,30.05383],[-89.92852,30.05308],[-89.92832,30.05338],[-89.92831,30.05308],[-89.92797,30.05303],[-89.92828,30.05239],[-89.92849,30.05266],[-89.92861,30.05136],[-89.92864,30.05287],[-89.9292,30.05276],[-89.92867,30.05235],[-89.92879,30.05204],[-89.92895,30.05244],[-89.92986,30.05238],[-89.92989,30.05212],[-89.92961,30.05222],[-89.93015,30.05161],[-89.93012,30.05127],[-89.92972,30.05133],[-89.9299,30.05091],[-89.9301,30.05107],[-89.93008,30.05055],[-89.92998,30.05024],[-89.92937,30.05025],[-89.92955,30.04968],[-89.92919,30.04987],[-89.92854,30.04962],[-89.92987,30.04921],[-89.92979,30.04866],[-89.92943,30.0487],[-89.92967,30.04848],[-89.92933,30.04844],[-89.92936,30.0487],[-89.9291,30.0483],[-89.92809,30.04832],[-89.928,30.04804],[-89.92988,30.04846],[-89.92997,30.04796],[-89.93057,30.05522],[-89.93022,30.05717],[-89.93028,30.05675],[-89.93001,30.05707],[-89.92927,30.05646]],[[-89.92983,30.05247],[-89.92918,30.05242],[-89.92954,30.05281],[-89.92983,30.05247]],[[-89.92969,30.04944],[-89.92954,30.04958],[-89.92973,30.0496],[-89.92969,30.04944]],[[-89.93033,30.05438],[-89.93045,30.05435],[-89.93036,30.05407],[-89.93033,30.05438]],[[-89.92989,30.05627],[-89.92982,30.05614],[-89.92975,30.0563],[-89.92989,30.05627]],[[-89.9284,30.05307],[-89.92851,30.05286],[-89.92828,30.05284],[-89.9284,30.05307]],[[-89.93025,30.05333],[-89.9303,30.05352],[-89.93037,30.05321],[-89.93025,30.05333]],[[-89.92964,30.05477],[-89.92946,30.0548],[-89.92979,30.05484],[-89.92964,30.05477]],[[-89.92992,30.04904],[-89.92987,30.04883],[-89.92981,30.04904],[-89.92992,30.04904]],[[-89.93043,30.05477],[-89.93033,30.05469],[-89.93036,30.05489],[-89.93043,30.05477]],[[-89.93043,30.05457],[-89.93035,30.05444],[-89.93034,30.05463],[-89.93043,30.05457]],[[-89.9284,30.05276],[-89.9283,30.05263],[-89.92821,30.05279],[-89.9284,30.05276]],[[-89.92978,30.05311],[-89.92971,30.05296],[-89.92969,30.05314],[-89.92978,30.05311]],[[-89.92988,30.05394],[-89.92973,30.05384],[-89.92958,30.05399],[-89.92988,30.05394]]]},"properties":{"FLD_ZONE":"AE","ZONE_SUBTY":null}},{"type":"Feature","geometry":{"type":"Polygon","coordinates":[[[-89.91673,30.04334],[-89.91633,30.04332],[-89.91585,30.04205],[-89.91649,30.04197],[-89.91673,30.04334]]]},"properties":{"FLD_ZONE":"AE","ZONE_SUBTY":null}},{"type":"Feature","geometry":{"type":"Polygon","coordinates":[[[-90.07246,29.9896],[-90.07231,29.9901],[-90.07087,29.99056],[-90.07246,29.9896]]]},"properties":{"FLD_ZONE":"AE","ZONE_SUBTY":null}},{"type":"Feature","geometry":{"type":"Polygon","coordinates":[[[-89.98846,30.02184],[-89.9887,30.02358],[-89.98858,30.02396],[-89.98846,30.02184]]]},"properties":{"FLD_ZONE":"AE","ZONE_SUBTY":null}},{"type":"Feature","geometry":{"type":"Polygon","coordinates":[[[-89.99466,29.95786],[-89.99456,29.95776],[-89.99476,29.9578],[-89.99466,29.95786]]]},"properties":{"FLD_ZONE":"AE","ZONE_SUBTY":null}},{"type":"Feature","geometry":{"type":"Polygon","coordinates":[[[-89.96967,29.95459],[-89.96972,29.95428],[-89.96981,29.95429],[-89.96967,29.95459]]]},"properties":{"FLD_ZONE":"AE","ZONE_SUBTY":null}},{"type":"Feature","geometry":{"type":"Polygon","coordinates":[[[-89.9667,29.93129],[-89.96675,29.9309],[-89.96589,29.93088],[-89.96766,29.9309],[-89.9667,29.93129]]]},"properties":{"FLD_ZONE":"AE","ZONE_SUBTY":null}},{"type":"Feature","geometry":{"type":"Polygon","coordinates":[[[-89.917,29.89816],[-89.91684,29.89827],[-89.91701,29.89791],[-89.917,29.89816]]]},"properties":{"FLD_ZONE":"AE","ZONE_SUBTY":null}},{"type":"Feature","geometry":{"type":"Polygon","coordinates":[[[-89.944,29.9045],[-89.94411,29.90531],[-89.94349,29.90429],[-89.944,29.9045]]]},"properties":{"FLD_ZONE":"AE","ZONE_SUBTY":null}},{"type":"Feature","geometry":{"type":"Polygon","coordinates":[[[-90.07989,29.96455],[-90.07966,29.96481],[-90.07966,29.96443],[-90.07994,29.96446],[-90.08048,29.96378],[-90.08005,29.9634],[-90.08057,29.96375],[-90.07989,29.96455]]]},"properties":{"FLD_ZONE":"AE","ZONE_SUBTY":null}},{"type":"Feature","geometry":{"type":"Polygon","coordinates":[[[-90.11699,29.9949],[-90.11668,29.99499],[-90.11681,29.99481],[-90.11699,29.9949]]]},"properties":{"FLD_ZONE":"AE","ZONE_SUBTY":null}},{"type":"Feature","geometry":{"type":"Polygon","coordinates":[[[-90.13471,29.90365],[-90.13389,29.90322],[-90.13434,29.90212],[-90.13417,29.90174],[-90.13462,29.90141],[-90.13443,29.90072],[-90.13482,29.90073],[-90.13466,29.9002],[-90.13421,29.90053],[-90.13461,29.89949],[-90.13455,29.90016],[-90.13509,29.90021],[-90.1348,29.89997],[-90.13522,29.89995],[-90.13514,29.90033],[-90.13581,29.89841],[-90.13567,29.89785],[-90.1358,29.89751],[-90.13622,29.89752],[-90.13651,29.89673],[-90.13796,29.89701],[-90.1342,29.89567],[-90.13885,29.89692],[-90.13922,29.89736],[-90.13551,29.90401],[-90.13471,29.90365]],[[-90.13539,29.90333],[-90.13577,29.9026],[-90.13556,29.90285],[-90.13492,29.90269],[-90.1348,29.90231],[-90.13458,29.9025],[-90.13478,29.90263],[-90.13434,29.90258],[-90.13436,29.90301],[-90.13539,29.90333]],[[-90.13726,29.89727],[-90.13741,29.897],[-90.13684,29.89683],[-90.1365,29.89714],[-90.13695,29.89735],[-90.13637,29.89763],[-90.13686,29.89779],[-90.13726,29.89727]],[[-90.13503,29.90206],[-90.13533,29.90128],[-90.13488,29.90134],[-90.13484,29.90195],[-90.13458,29.90195],[-90.13503,29.90206]],[[-90.138,29.89761],[-90.13813,29.8973],[-90.1375,29.8971],[-90.13738,29.89748],[-90.138,29.89761]],[[-90.1361,29.89939],[-90.13623,29.8991],[-90.1358,29.89898],[-90.13569,29.89932],[-90.1361,29.89939]],[[-90.13599,29.90007],[-90.13612,29.89967],[-90.13559,29.89951],[-90.13599,29.90007]]]},"properties":{"FLD_ZONE":"AE","ZONE_SUBTY":null}},{"type":"Feature","geometry":{"type":"Polygon","coordinates":[[[-89.96483,29.95789],[-89.96453,29.95778],[-89.96486,29.95782],[-89.96483,29.95789]]]},"properties":{"FLD_ZONE":"AE","ZONE_SUBTY":null}},{"type":"Feature","geometry":{"type":"Polygon","coordinates":[[[-90.01188,29.97501],[-90.01179,29.97491],[-90.01206,29.97497],[-90.01188,29.97501]]]},"properties":{"FLD_ZONE":"AE","ZONE_SUBTY":null}},{"type":"Feature","geometry":{"type":"Polygon","coordinates":[[[-89.91554,29.90134],[-89.91496,29.90054],[-89.91522,29.90086],[-89.91554,29.90134]]]},"properties":{"FLD_ZONE":"AE","ZONE_SUBTY":null}},{"type":"Feature","geometry":{"type":"Polygon","coordinates":[[[-89.96487,29.89112],[-89.95607,29.88943],[-89.96034,29.88987],[-89.96236,29.89027],[-89.96263,29.8906],[-89.96286,29.89038],[-89.96476,29.89067],[-89.96528,29.89087],[-89.96487,29.89112]]]},"properties":{"FLD_ZONE":"AE","ZONE_SUBTY":null}},{"type":"Feature","geometry":{"type":"Polygon","coordinates":[[[-89.98433,29.90551],[-89.98422,29.90547],[-89.98454,29.90533],[-89.98433,29.90551]]]},"properties":{"FLD_ZONE":"AE","ZONE_SUBTY":null}},{"type":"Feature","geometry":{"type":"Polygon","coordinates":[[[-89.89629,29.88366],[-89.8966,29.88645],[-89.89654,29.88662],[-89.89629,29.88366]]]},"properties":{"FLD_ZONE":"AE","ZONE_SUBTY":null}},{"type":"Feature","geometry":{"type":"Polygon","coordinates":[[[-90.07984,29.96508],[-90.08029,29.96453],[-90.08044,29.96487],[-90.0801,29.96477],[-90.07984,29.96508]]]},"properties":{"FLD_ZONE":"AE","ZONE_SUBTY":null}},{"type":"Feature","geometry":{"type":"Polygon","coordinates":[[[-89.92538,30.02998],[-89.92403,30.03046],[-89.92516,30.02998],[-89.92538,30.02998]]]},"properties":{"FLD_ZONE":"AE","ZONE_SUBTY":null}},{"type":"Feature","geometry":{"type":"Polygon","coordinates":[[[-90.02093,29.97372],[-90.02063,29.97372],[-90.02062,29.97359],[-90.02093,29.97372]]]},"properties":{"FLD_ZONE":"AE","ZONE_SUBTY":null}},{"type":"Feature","geometry":{"type":"Polygon","coordinates":[[[-89.95528,29.90334],[-89.9545,29.90331],[-89.95502,29.90353],[-89.95319,29.90321],[-89.95528,29.90334]]]},"properties":{"FLD_ZONE":"AE","ZONE_SUBTY":null}},{"type":"Feature","geometry":{"type":"Polygon","coordinates":[[[-90.10188,29.97518],[-90.10163,29.97507],[-90.1013,29.9748],[-90.10188,29.97518]]]},"properties":{"FLD_ZONE":"AE","ZONE_SUBTY":null}},{"type":"Feature","geometry":{"type":"Polygon","coordinates":[[[-90.08294,29.9077],[-90.08248,29.90767],[-90.08197,29.90571],[-90.08097,29.90423],[-90.07597,29.88979],[-90.07536,29.88983],[-90.07584,29.88956],[-90.07509,29.88753],[-90.07423,29.88681],[-90.07475,29.88642],[-90.07439,29.88541],[-90.07366,29.88536],[-90.07421,29.88501],[-90.0738,29.88429],[-90.07389,29.88359],[-90.06361,29.85572],[-90.06095,29.8481],[-90.05861,29.83999],[-90.05765,29.83881],[-90.05752,29.83779],[-90.05691,29.83785],[-90.05645,29.83714],[-90.05877,29.83638],[-90.06078,29.83424],[-90.06409,29.83326],[-90.06889,29.82906],[-90.06891,29.82689],[-90.06861,29.82611],[-90.06762,29.8253],[-90.06731,29.82413],[-90.06841,29.82007],[-90.0701,29.81594],[-90.07095,29.81628],[-90.0694,29.82037],[-90.06903,29.8225],[-90.07042,29.8274],[-90.07021,29.82777],[-90.07043,29.82751],[-90.07057,29.82773],[-90.07031,29.82942],[-90.06851,29.83362],[-90.06513,29.83664],[-90.0631,29.83921],[-90.06247,29.8408],[-90.06206,29.84359],[-90.06217,29.84466],[-90.07064,29.86921],[-90.07044,29.86928],[-90.06684,29.85916],[-90.07039,29.86929],[-90.07061,29.871],[-90.07103,29.87137],[-90.07296,29.87082],[-90.07306,29.87143],[-90.07079,29.87214],[-90.07316,29.87866],[-90.07354,29.87888],[-90.07397,29.88001],[-90.07371,29.88022],[-90.0747,29.88325],[-90.07489,29.88351],[-90.07553,29.88314],[-90.07547,29.88368],[-90.07494,29.88402],[-90.07547,29.88471],[-90.07709,29.88997],[-90.07865,29.89381],[-90.08024,29.89868],[-90.08004,29.89884],[-90.08052,29.89946],[-90.0811,29.89944],[-90.08146,29.89991],[-90.08058,29.90024],[-90.08142,29.90206],[-90.08181,29.90214],[-90.0815,29.90237],[-90.08266,29.90516],[-90.08276,29.90621],[-90.08315,29.9061],[-90.08327,29.90636],[-90.08288,29.90656],[-90.08339,29.90768],[-90.08294,29.9077]],[[-90.06689,29.83187],[-90.06737,29.83089],[-90.06498,29.83315],[-90.06297,29.83399],[-90.06182,29.83409],[-90.05892,29.83688],[-90.05878,29.83857],[-90.05994,29.84104],[-90.0607,29.83847],[-90.0635,29.8353],[-90.06665,29.83253],[-90.06689,29.83187]],[[-90.06193,29.84393],[-90.06201,29.84531],[-90.06318,29.8486],[-90.06193,29.84393]],[[-90.06201,29.84219],[-90.06237,29.84032],[-90.06317,29.83855],[-90.06465,29.8367],[-90.06754,29.834],[-90.06448,29.83682],[-90.06294,29.83878],[-90.06225,29.84048],[-90.06201,29.84219]],[[-90.07024,29.82799],[-90.06979,29.83011],[-90.06856,29.8328],[-90.06982,29.83025],[-90.07024,29.82799]]]},"properties":{"FLD_ZONE":"AE","ZONE_SUBTY":null}},{"type":"Feature","geometry":{"type":"Polygon","coordinates":[[[-90.13334,29.89501],[-90.13635,29.88719],[-90.13243,29.88656],[-90.13199,29.88706],[-90.1314,29.88697],[-90.13129,29.88721],[-90.1313,29.88639],[-90.12806,29.88592],[-90.1269,29.89337],[-90.12789,29.88592],[-90.12666,29.88557],[-90.13245,29.88637],[-90.13073,29.88595],[-90.13056,29.8855],[-90.13044,29.88592],[-90.1301,29.88556],[-90.12999,29.88585],[-90.13,29.88529],[-90.12981,29.88584],[-90.12989,29.88523],[-90.12884,29.88474],[-90.13261,29.8861],[-90.13265,29.88642],[-90.13659,29.88706],[-90.13334,29.89501]]]},"properties":{"FLD_ZONE":"AE","ZONE_SUBTY":null}},{"type":"Feature","geometry":{"type":"Polygon","coordinates":[[[-89.96203,30.01445],[-89.96198,30.01416],[-89.96205,30.01423],[-89.96203,30.01445]]]},"properties":{"FLD_ZONE":"AE","ZONE_SUBTY":null}},{"type":"Feature","geometry":{"type":"Polygon","coordinates":[[[-90.05709,30.03673],[-90.05516,30.03679],[-90.05469,30.03376],[-90.05541,30.0337],[-90.05538,30.0327],[-90.0564,30.03246],[-90.05706,30.03298],[-90.05804,30.03251],[-90.0588,30.0372],[-90.05709,30.03673]]]},"properties":{"FLD_ZONE":"VE","ZONE_SUBTY":null}},{"type":"Feature","geometry":{"type":"Polygon","coordinates":[[[-89.94017,30.02485],[-89.93981,30.02498],[-89.93998,30.02478],[-89.94017,30.02485]]]},"properties":{"FLD_ZONE":"AE","ZONE_SUBTY":null}},{"type":"Feature","geometry":{"type":"Polygon","coordinates":[[[-90.0075,29.95478],[-90.00735,29.95471],[-90.00748,29.95466],[-90.0075,29.95478]]]},"properties":{"FLD_ZONE":"AE","ZONE_SUBTY":null}},{"type":"Feature","geometry":{"type":"Polygon","coordinates":[[[-89.9741,29.95288],[-89.97404,29.95277],[-89.97423,29.95273],[-89.9741,29.95288]]]},"properties":{"FLD_ZONE":"AE","ZONE_SUBTY":null}},{"type":"Feature","geometry":{"type":"Polygon","coordinates":[[[-89.97682,29.91056],[-89.97598,29.91126],[-89.96999,29.91066],[-89.97508,29.90703],[-89.97692,29.90914],[-89.97738,29.91025],[-89.97682,29.91056]],[[-89.97603,29.90884],[-89.97624,29.90884],[-89.97618,29.90876],[-89.97603,29.90884]]]},"properties":{"FLD_ZONE":"AE","ZONE_SUBTY":null}},{"type":"Feature","geometry":{"type":"Polygon","coordinates":[[[-89.92543,29.90466],[-89.92488,29.90503],[-89.92398,29.90395],[-89.92447,29.90369],[-89.92543,29.90466]]]},"properties":{"FLD_ZONE":"AE","ZONE_SUBTY":null}},{"type":"Feature","geometry":{"type":"Polygon","coordinates":[[[-90.04624,29.93462],[-90.04662,29.93485],[-90.04601,29.93486],[-90.04625,29.93494],[-90.04597,29.93537],[-90.0462,29.93582],[-90.04591,29.93602],[-90.04634,29.93579],[-90.04666,29.93493],[-90.04648,29.93712],[-90.04691,29.93704],[-90.04676,29.93594],[-90.04703,29.93611],[-90.04717,29.93715],[-90.04694,29.93718],[-90.0472,29.93723],[-90.04732,29.93686],[-90.04732,29.93726],[-90.04658,29.93725],[-90.04748,29.93732],[-90.04731,29.93797],[-90.04903,29.938],[-90.04906,29.93839],[-90.04589,29.93847],[-90.04538,29.93815],[-90.04565,29.93778],[-90.04499,29.93777],[-90.04483,29.93808],[-90.04504,29.9357],[-90.04586,29.935],[-90.04478,29.93498],[-90.04468,29.93406],[-90.04494,29.93369],[-90.04458,29.93336],[-90.04472,29.93281],[-90.04448,29.93255],[-90.04515,29.93224],[-90.04632,29.93338],[-90.04605,29.93359],[-90.04637,29.93395],[-90.04624,29.93462]],[[-90.04546,29.93433],[-90.04575,29.93401],[-90.04543,29.93306],[-90.04525,29.93425],[-90.04546,29.93433]],[[-90.04574,29.93706],[-90.04622,29.93729],[-90.0463,29.93672],[-90.04576,29.93689],[-90.04572,29.93748],[-90.04574,29.93706]],[[-90.04646,29.93793],[-90.04714,29.938],[-90.04718,29.93775],[-90.04683,29.9379],[-90.04675,29.93761],[-90.04646,29.93793]],[[-90.04606,29.93745],[-90.04587,29.93734],[-90.04588,29.93768],[-90.04621,29.93769],[-90.04606,29.93745]],[[-90.04622,29.93658],[-90.04597,29.93622],[-90.0459,29.93673],[-90.04622,29.93658]],[[-90.04525,29.93481],[-90.04557,29.93454],[-90.04532,29.93447],[-90.04525,29.93481]],[[-90.04504,29.93731],[-90.04496,29.93763],[-90.04523,29.93749],[-90.04504,29.93731]],[[-90.0472,29.9374],[-90.04697,29.9374],[-90.04713,29.93758],[-90.0472,29.9374]],[[-90.04646,29.93753],[-90.04679,29.93734],[-90.04648,29.93734],[-90.04646,29.93753]],[[-90.04847,29.93817],[-90.0489,29.93811],[-90.04826,29.93812],[-90.04847,29.93817]],[[-90.04496,29.93351],[-90.04496,29.93338],[-90.04474,29.93339],[-90.04496,29.93351]]]},"properties":{"FLD_ZONE":"AE","ZONE_SUBTY":null}},{"type":"Feature","geometry":{"type":"Polygon","coordinates":[[[-90.03674,29.93825],[-90.03616,29.93846],[-90.03643,29.93866],[-90.036,29.93862],[-90.03606,29.93787],[-90.03646,29.93787],[-90.03653,29.93818],[-90.03686,29.93801],[-90.03674,29.93825]]]},"properties":{"FLD_ZONE":"AE","ZONE_SUBTY":null}},{"type":"Feature","geometry":{"type":"Polygon","coordinates":[[[-89.99482,29.88536],[-89.99477,29.8857],[-89.99473,29.88551],[-89.99482,29.88536]]]},"properties":{"FLD_ZONE":"AE","ZONE_SUBTY":null}},{"type":"Feature","geometry":{"type":"Polygon","coordinates":[[[-89.91031,29.87365],[-89.90993,29.874],[-89.91036,29.8734],[-89.91031,29.87365]]]},"properties":{"FLD_ZONE":"AE","ZONE_SUBTY":null}},{"type":"Feature","geometry":{"type":"Polygon","coordinates":[[[-89.8762,29.87935],[-89.87545,29.8792],[-89.87543,29.87799],[-89.87627,29.87711],[-89.87625,29.8778],[-89.87653,29.87747],[-89.87653,29.87782],[-89.87686,29.87786],[-89.87698,29.8775],[-89.87729,29.8779],[-89.87853,29.87739],[-89.88103,29.87753],[-89.87848,29.87744],[-89.87724,29.87796],[-89.87762,29.87816],[-89.87767,29.8788],[-89.87716,29.87936],[-89.87648,29.87914],[-89.87708,29.87958],[-89.8762,29.87935]],[[-89.87566,29.87914],[-89.87643,29.87896],[-89.8757,29.87904],[-89.87552,29.87848],[-89.87566,29.87914]],[[-89.87674,29.87861],[-89.8767,29.87905],[-89.8768,29.8787],[-89.87711,29.87893],[-89.87681,29.87909],[-89.87749,29.87893],[-89.87674,29.87861]],[[-89.87711,29.87786],[-89.87691,29.87766],[-89.8769,29.87786],[-89.87711,29.87786]],[[-89.87724,29.87806],[-89.8772,29.87794],[-89.87678,29.87792],[-89.87724,29.87806]],[[-89.87611,29.87766],[-89.87593,29.87772],[-89.87619,29.87779],[-89.87611,29.87766]]]},"properties":{"FLD_ZONE":"AE","ZONE_SUBTY":null}},{"type":"Feature","geometry":{"type":"Polygon","coordinates":[[[-90.0115,30.02683],[-90.01137,30.02729],[-90.01137,30.02682],[-90.0115,30.02683]]]},"properties":{"FLD_ZONE":"AE","ZONE_SUBTY":null}},{"type":"Feature","geometry":{"type":"Polygon","coordinates":[[[-89.92713,30.02937],[-89.92665,30.02958],[-89.92647,30.02947],[-89.92713,30.02937]]]},"properties":{"FLD_ZONE":"AE","ZONE_SUBTY":null}},{"type":"Feature","geometry":{"type":"Polygon","coordinates":[[[-90.11256,29.8801],[-90.11175,29.87974],[-90.11157,29.87993],[-90.11139,29.87951],[-90.11008,29.87908],[-90.10978,29.87956],[-90.10967,29.87894],[-90.10926,29.87923],[-90.10902,29.87884],[-90.10936,29.87873],[-90.10928,29.87668],[-90.10865,29.87626],[-90.10861,29.8774],[-90.10844,29.8753],[-90.10705,29.87528],[-90.10731,29.87516],[-90.10712,29.87499],[-90.10802,29.87486],[-90.10802,29.87455],[-90.10787,29.87439],[-90.10783,29.87475],[-90.1075,29.87474],[-90.10705,29.87449],[-90.10773,29.87438],[-90.10676,29.87439],[-90.1067,29.87213],[-90.10947,29.87173],[-90.10987,29.87504],[-90.10734,29.87519],[-90.10988,29.8751],[-90.11016,29.87654],[-90.11326,29.87776],[-90.11299,29.87864],[-90.11233,29.87814],[-90.11209,29.8784],[-90.11145,29.87831],[-90.11136,29.87782],[-90.11109,29.87784],[-90.1112,29.87926],[-90.11198,29.87957],[-90.11208,29.87911],[-90.11241,29.87971],[-90.1133,29.88012],[-90.11256,29.8801]],[[-90.11018,29.87883],[-90.11006,29.87728],[-90.10956,29.87681],[-90.10953,29.87869],[-90.11018,29.87883]],[[-90.11099,29.87911],[-90.11089,29.87767],[-90.11038,29.87754],[-90.11038,29.87896],[-90.11099,29.87911]],[[-90.10868,29.87617],[-90.10896,29.87604],[-90.10891,29.87551],[-90.10863,29.87554],[-90.10868,29.87617]]]},"properties":{"FLD_ZONE":"AE","ZONE_SUBTY":null}},{"type":"Feature","geometry":{"type":"Polygon","coordinates":[[[-89.95285,29.96745],[-89.95245,29.96715],[-89.95288,29.9673],[-89.95285,29.96745]]]},"properties":{"FLD_ZONE":"AE","ZONE_SUBTY":null}},{"type":"Feature","geometry":{"type":"Polygon","coordinates":[[[-90.04185,29.98268],[-90.04223,29.98362],[-90.04188,29.98226],[-90.04185,29.98268]]]},"properties":{"FLD_ZONE":"AE","ZONE_SUBTY":null}},{"type":"Feature","geometry":{"type":"Polygon","coordinates":[[[-90.07341,29.96359],[-90.07295,29.96411],[-90.07158,29.96309],[-90.07228,29.96352],[-90.07249,29.96325],[-90.0718,29.96278],[-90.0726,29.96312],[-90.07286,29.96284],[-90.07247,29.96248],[-90.07347,29.96313],[-90.07298,29.96289],[-90.07274,29.9632],[-90.07341,29.96359]],[[-90.07291,29.96357],[-90.07246,29.96353],[-90.07301,29.96396],[-90.07319,29.9638],[-90.07291,29.96357]]]},"properties":{"FLD_ZONE":"AE","ZONE_SUBTY":null}},{"type":"Feature","geometry":{"type":"Polygon","coordinates":[[[-90.11935,29.96577],[-90.11895,29.96545],[-90.11937,29.96572],[-90.11935,29.96577]]]},"properties":{"FLD_ZONE":"AE","ZONE_SUBTY":null}},{"type":"Feature","geometry":{"type":"Polygon","coordinates":[[[-90.11891,29.94357],[-90.1192,29.94317],[-90.11911,29.94335],[-90.11891,29.94357]]]},"properties":{"FLD_ZONE":"AE","ZONE_SUBTY":null}},{"type":"Feature","geometry":{"type":"Polygon","coordinates":[[[-90.06218,30.02349],[-90.06201,30.02362],[-90.06196,30.0234],[-90.06218,30.02349]]]},"properties":{"FLD_ZONE":"AE","ZONE_SUBTY":null}},{"type":"Feature","geometry":{"type":"Polygon","coordinates":[[[-89.9412,30.03384],[-89.94181,30.0344],[-89.94097,30.03443],[-89.94042,30.03398],[-89.94045,30.03443],[-89.94078,30.03432],[-89.94071,30.03484],[-89.94114,30.03451],[-89.94146,30.03515],[-89.94214,30.03486],[-89.94199,30.03534],[-89.94199,30.03505],[-89.94177,30.03533],[-89.94164,30.03504],[-89.94089,30.03575],[-89.94111,30.03536],[-89.94055,30.03489],[-89.94033,30.03498],[-89.94046,30.03564],[-89.94013,30.03565],[-89.94014,30.03368],[-89.94142,30.03303],[-89.942,30.03326],[-89.94192,30.0336],[-89.9417,30.03384],[-89.94096,30.03358],[-89.94081,30.03375],[-89.9412,30.03384]]]},"properties":{"FLD_ZONE":"AE","ZONE_SUBTY":null}},{"type":"Feature","geometry":{"type":"Polygon","coordinates":[[[-89.93879,30.03755],[-89.93848,30.03729],[-89.93858,30.03561],[-89.93654,30.03536],[-89.93653,30.03515],[-89.93879,30.03534],[-89.93879,30.03755]]]},"properties":{"FLD_ZONE":"AE","ZONE_SUBTY":null}},{"type":"Feature","geometry":{"type":"Polygon","coordinates":[[[-89.95254,30.01137],[-89.95199,30.01141],[-89.95276,30.01132],[-89.95254,30.01137]]]},"properties":{"FLD_ZONE":"AE","ZONE_SUBTY":null}},{"type":"Feature","geometry":{"type":"Polygon","coordinates":[[[-89.98185,30.0082],[-89.98174,30.00829],[-89.98159,30.00818],[-89.98185,30.0082]]]},"properties":{"FLD_ZONE":"AE","ZONE_SUBTY":null}},{"type":"Feature","geometry":{"type":"Polygon","coordinates":[[[-89.99113,29.97016],[-89.99124,29.96996],[-89.99126,29.97017],[-89.99113,29.97016]]]},"properties":{"FLD_ZONE":"AE","ZONE_SUBTY":null}},{"type":"Feature","geometry":{"type":"Polygon","coordinates":[[[-89.87474,30.03755],[-89.87465,30.03781],[-89.87382,30.03781],[-89.87474,30.03755]]]},"properties":{"FLD_ZONE":"AE","ZONE_SUBTY":null}},{"type":"Feature","geometry":{"type":"Polygon","coordinates":[[[-90.01335,29.87372],[-90.01316,29.87337],[-90.01238,29.87379],[-90.01257,29.87352],[-90.01224,29.87323],[-90.01297,29.8724],[-90.01269,29.87219],[-90.01257,29.87272],[-90.01187,29.87282],[-90.01254,29.87208],[-90.01226,29.87179],[-90.0119,29.8721],[-90.01225,29.87169],[-90.01316,29.87233],[-90.01335,29.87372]],[[-90.01295,29.87282],[-90.01283,29.87261],[-90.01273,29.87278],[-90.01295,29.87282]],[[-90.01311,29.87317],[-90.01319,29.87298],[-90.01304,29.873],[-90.01311,29.87317]]]},"properties":{"FLD_ZONE":"AE","ZONE_SUBTY":null}},{"type":"Feature","geometry":{"type":"Polygon","coordinates":[[[-89.89709,29.87456],[-89.89704,29.87431],[-89.89725,29.87417],[-89.89709,29.87456]]]},"properties":{"FLD_ZONE":"AE","ZONE_SUBTY":null}},{"type":"Feature","geometry":{"type":"Polygon","coordinates":[[[-90.08782,29.89028],[-90.08743,29.88946],[-90.08572,29.88991],[-90.08565,29.89024],[-90.08527,29.89001],[-90.08534,29.88915],[-90.08502,29.889],[-90.08477,29.88798],[-90.08504,29.88781],[-90.08451,29.88695],[-90.08438,29.88548],[-90.08394,29.88466],[-90.08417,29.88447],[-90.08332,29.8822],[-90.0835,29.8819],[-90.08404,29.88199],[-90.0841,29.88237],[-90.08384,29.88244],[-90.08446,29.88389],[-90.08427,29.88431],[-90.08476,29.8853],[-90.08473,29.88624],[-90.08594,29.88639],[-90.08576,29.88515],[-90.08653,29.88645],[-90.0854,29.88676],[-90.08548,29.88765],[-90.08583,29.88804],[-90.08565,29.88979],[-90.08704,29.88924],[-90.08652,29.88917],[-90.08702,29.88889],[-90.0872,29.88934],[-90.08744,29.88929],[-90.08704,29.88784],[-90.0868,29.88841],[-90.08641,29.88803],[-90.08658,29.88781],[-90.08594,29.88757],[-90.08636,29.88747],[-90.08621,29.88678],[-90.08657,29.8866],[-90.0869,29.88683],[-90.08676,29.88733],[-90.08716,29.88759],[-90.08769,29.88742],[-90.08738,29.88608],[-90.08689,29.88592],[-90.08728,29.88564],[-90.08694,29.88419],[-90.08635,29.88423],[-90.08684,29.88395],[-90.08658,29.88248],[-90.08704,29.88383],[-90.08856,29.88355],[-90.08851,29.88303],[-90.08756,29.88301],[-90.08853,29.88271],[-90.08932,29.88404],[-90.0896,29.88541],[-90.09002,29.88538],[-90.08965,29.88567],[-90.08989,29.88703],[-90.09035,29.88715],[-90.08997,29.88727],[-90.09008,29.88847],[-90.08831,29.88862],[-90.08855,29.88915],[-90.08946,29.88908],[-90.08942,29.88977],[-90.08925,29.8892],[-90.08859,29.88929],[-90.0886,29.89033],[-90.08834,29.88936],[-90.08769,29.88942],[-90.08782,29.89028]],[[-90.08741,29.88508],[-90.08928,29.88486],[-90.08925,29.88438],[-90.08726,29.88462],[-90.08741,29.88508]],[[-90.08819,29.88849],[-90.08998,29.88824],[-90.08978,29.88774],[-90.08836,29.88789],[-90.08804,29.88802],[-90.08819,29.88849]],[[-90.08717,29.88442],[-90.08918,29.88413],[-90.08881,29.88373],[-90.08734,29.88388],[-90.08706,29.88403],[-90.08717,29.88442]],[[-90.08751,29.88573],[-90.08942,29.88552],[-90.08936,29.88506],[-90.08749,29.88528],[-90.08751,29.88573]],[[-90.08773,29.88643],[-90.08955,29.88622],[-90.08948,29.88574],[-90.0876,29.88599],[-90.08773,29.88643]],[[-90.08785,29.88704],[-90.0896,29.8869],[-90.08966,29.88655],[-90.08776,29.88665],[-90.08785,29.88704]],[[-90.08761,29.88918],[-90.0884,29.88914],[-90.08776,29.88766],[-90.08726,29.88785],[-90.08761,29.88918]],[[-90.08807,29.8878],[-90.08976,29.88757],[-90.08973,29.88719],[-90.08825,29.88726],[-90.08795,29.8875],[-90.08807,29.8878]],[[-90.08504,29.88658],[-90.0854,29.88801],[-90.08557,29.88783],[-90.08504,29.88658]],[[-90.08541,29.88812],[-90.08522,29.88819],[-90.08542,29.88861],[-90.08541,29.88812]],[[-90.08669,29.88756],[-90.0868,29.88775],[-90.08691,29.88748],[-90.08654,29.88723],[-90.08669,29.88756]]]},"properties":{"FLD_ZONE":"AE","ZONE_SUBTY":null}},{"type":"Feature","geometry":{"type":"Polygon","coordinates":[[[-89.97804,30.03934],[-89.97817,30.03952],[-89.98202,30.03764],[-89.98091,30.03835],[-89.98129,30.0389],[-89.98234,30.03841],[-89.98278,30.03887],[-89.98174,30.03962],[-89.98209,30.04019],[-89.98246,30.04011],[-89.98215,30.04029],[-89.98249,30.04085],[-89.98287,30.0407],[-89.98259,30.04093],[-89.98276,30.04124],[-89.98243,30.04099],[-89.98099,30.04169],[-89.98053,30.04106],[-89.97957,30.04154],[-89.97974,30.04198],[-89.97729,30.03849],[-89.97712,30.03803],[-89.97737,30.03784],[-89.97723,30.03827],[-89.97804,30.03934]],[[-89.97914,30.04092],[-89.97954,30.04145],[-89.98201,30.04025],[-89.98163,30.03968],[-89.97997,30.0405],[-89.97951,30.04025],[-89.97945,30.03979],[-89.98117,30.03896],[-89.98083,30.03839],[-89.97823,30.03962],[-89.97914,30.04092]],[[-89.97963,30.04019],[-89.97989,30.04043],[-89.98159,30.03958],[-89.98121,30.03903],[-89.97952,30.03985],[-89.97963,30.04019]],[[-89.9822,30.04054],[-89.98204,30.04032],[-89.98065,30.04103],[-89.98109,30.04155],[-89.98241,30.04091],[-89.9822,30.04054]],[[-89.98236,30.03924],[-89.98273,30.03902],[-89.9824,30.03848],[-89.98133,30.03898],[-89.98169,30.03955],[-89.98236,30.03924]],[[-89.98044,30.0385],[-89.98016,30.03858],[-89.98013,30.03865],[-89.98044,30.0385]]]},"properties":{"FLD_ZONE":"AE","ZONE_SUBTY":null}}]}